product_key,exchange,product_label,entry_date,prev_expiry,target_expiry,contract_code,option_type,strike,dte,close,volume,close_oi,implied_vol,delta,abs_delta,moneyness,spot_close,multiplier,premium_margin,one_contract_margin,gross_premium_cash_1lot,put_iv_pressure,call_iv_pressure,put_candidate_count,call_candidate_count,sell_side,selected_side_iv_pressure,other_side_iv_pressure,side_iv_pressure_diff,feature_date,exchange_feature,product_label_feature,atm_iv,option_obs,total_volume,total_oi,iv_chg_1d,iv_rel_chg_1d,abs_iv_chg_1d,iv_jump_5pp,iv_jump_20pct,hist_iv_days_756,hist_median_iv_756,hist_iv_cv_756,hist_jump5pp_rate_756,hist_jump20pct_rate_756,hist_p95_abs_iv_chg_756,candidate_signal_days_252,candidate_rows_252,candidate_pm_median_252,candidate_oi_median_252,rolling_cs_score,rolling_cs_rank,rolling_cs_count,product,option_side_oi,option_side_volume,option_side_count,option_side_iv,fut_volume,fut_open_interest,fut_close,fut_settlement,futures_flow_source_table,opt_side_oi_x63,opt_side_volume_x63,opt_side_oi_z63,opt_side_volume_z63,opt_side_oi_chg5,opt_side_oi_chg20,opt_side_volume_chg5,opt_side_volume_chg20,fut_oi,fut_oi_chg5,fut_oi_chg20,fut_volume_x63,fut_volume_z63,fut_oi_x63,fut_oi_z63,flow_guard_pass,product_label_flow,expiry_pnl_per_premium,expiry_pnl_nonnegative,terminal_otm,path_stop25_safe,path_stop2_safe,shadow_prod_n12,shadow_prod_pnl_nonnegative,shadow_prod_terminal_otm,shadow_prod_stop25_safe,shadow_prod_stop2_safe,shadow_prod_pnlprem,shadow_side_n12,shadow_side_pnl_nonnegative,shadow_side_terminal_otm,shadow_side_stop25_safe,shadow_side_stop2_safe,shadow_side_pnlprem,shadow_pnl_nonnegative_blend,shadow_terminal_otm_blend,shadow_stop25_blend,shadow_stop2_blend,shadow_pnlprem_blend,shadow_score,pit_low_jump_strict,rule_l1_oi03,rule_l1_oi03_flow_guard,rule_l1_strict_low_rank15_oi03,rule_l1_oi03_optvol_x12,rule_l1_oi03_flow_guard_diff02,rule_l1_oi03_flow_guard_no_weak_pressure_flow,rule_l1_hsafe_core,rule_l1_hsafe_addon025,expiry_date,trade_date,side_rule,extra_contract_mode,target_premium_pct_override,l3eff015_tier,l4_diff02_weak_pressure,l4_diff02_delta_cap
CZCE|TA,CZCE,TA,2022-01-07,2022-01-06,2022-02-09,CZCE.TA203P4400,P,4400.0,33,7.0,1094,4224,0.3173665351480753,-0.0344360929864065,0.0344360929864065,0.8445297504798465,5210.0,5.0,0.026168224299065422,1337.5,35.0,0.2981958748201329,0.29472045907190747,7,2,P,0.2981958748201329,0.29472045907190747,0.0034754157482254078,2022-01-07,CZCE,TA,0.25183650330868446,34,49637,73425,0.015291994926467822,0.06464743160199897,0.015291994926467822,0.0,0.0,362.0,0.2487189740387889,0.15895164364790038,0.0027624309392265192,0.0055248618784530384,0.0249234443270695,76.0,186.0,0.043929604028450045,1883.0,0.779671052631579,4.0,19,TA,12940.0,10131.0,7.0,0.2981958748201329,2226666.0,2079420.0,5321.0,5242.0,future_daily_quote,1.7641445126107702,1.976780487804878,0.0097784446786187,1.080810722399796,1.604145703360837,1.0371536523929472,2.386029411764706,0.6111641221374047,2079420.0,0.0598865299269544,-0.0179704855601396,1.0673929414945456,0.0474842826472627,0.894738631175795,-1.097561718697076,True,TA,1.0,True,True,True,True,0.0,,,,,,0.0,,,,,,,,,,,,True,True,True,True,False,False,False,True,True,2022-02-09,2022-01-07,l4_diff02_delta04_l3eff015,l4_diff02_delta04_l3eff015,0.00075,base_or_cut,True,0.04
CZCE|CF,CZCE,CF,2022-02-10,2022-02-09,2022-04-07 00:00:00,CZCE.CF205P19000,P,19000.0,56,65.0,875,2542,0.2422559469211465,-0.0686817022310181,0.0686817022310181,0.8725602755453502,21775.0,5.0,0.056338028169014086,5768.75,325.0,0.29060419899759393,,8,0,P,0.29060419899759393,,,2022-02-10,CZCE,CF,0.19153718286331084,12,9245,52296,-0.005493275535338349,-0.027880336776275855,0.005493275535338349,0.0,0.0,381.0,0.20355831470507552,0.2313318224083935,0.015748031496062992,0.010498687664041995,0.027739800097901727,48.0,158.0,0.036615580558045514,2247.0,0.5834868421052631,9.0,19,CF,18885.0,2044.0,8.0,0.2906041989975939,150169.0,392086.0,21685.0,21710.0,future_daily_quote,1.0339447029838489,1.0064007877892664,-0.021888886466633,-0.1723857458084113,0.2660052289334316,7.17886530965786,-0.0759493670886075,5.509554140127388,392086.0,-0.109073639817491,-0.0635119674594019,0.6155804334548078,-0.8483926466903237,0.8968587094014553,-1.7582282348075744,False,CF,1.0,True,True,True,True,0.0,,,,,,0.0,,,,,,,,,,,,True,True,False,False,True,False,False,False,True,,2022-02-10,l4_diff02_delta04_l3eff015,l4_diff02_delta04_l3eff015,0.001,base_or_cut,False,0.08
CZCE|RM,CZCE,RM,2022-02-10,2022-02-09,2022-04-07 00:00:00,CZCE.RM205P2900,P,2900.0,56,17.0,888,2120,0.357130817675847,-0.0731739179989846,0.0731739179989846,0.824332006822058,3518.0,10.0,0.08812856402280975,1929.0,170.0,0.39446220168282564,,8,0,P,0.39446220168282564,,,2022-02-10,CZCE,RM,0.29169315853514544,14,12406,8843,0.011194732386108408,0.03991014331096574,0.011194732386108408,0.0,0.0,381.0,0.22171797108372818,0.1379594085380554,0.005249343832020997,0.005249343832020997,0.023313863274732713,57.0,114.0,0.04095084471154189,1758.0,0.7391447368421054,5.0,19,RM,20568.0,4216.0,8.0,0.3944622016828256,708604.0,503787.0,3444.0,3442.0,future_daily_quote,5.207088607594937,3.829246139872843,6.387952555897386,3.7377967292550034,1.82062534284147,6.567328918322295,0.6897795591182365,1.4497385241138874,503787.0,0.0618359402169674,0.0357590759754438,0.9904311971486476,-0.2966936085902337,1.170424527973125,0.9812187282401462,True,RM,1.0,True,True,True,True,0.0,,,,,,0.0,,,,,,,,,,,,True,True,True,False,False,False,True,False,True,,2022-02-10,l4_diff02_delta04_l3eff015,l4_diff02_delta04_l3eff015,0.0015,boost015,False,0.08
CZCE|TA,CZCE,TA,2022-02-10,2022-02-09,2022-03-03 00:00:00,CZCE.TA204P5000,P,5000.0,21,13.0,3157,1991,0.3820504867558957,-0.0558638368478645,0.0558638368478645,0.8680555555555556,5760.0,5.0,0.04318936877076412,1505.0,65.0,0.42592375327005094,,4,0,P,0.42592375327005094,,,2022-02-10,CZCE,TA,0.31735582114189864,36,24504,36301,0.0048160146527433945,0.015409284042384867,0.0048160146527433945,0.0,0.0,381.0,0.2512404063188709,0.16028568936293647,0.0026246719160104987,0.005249343832020997,0.02474671617459197,80.0,201.0,0.043929604028450045,1801.0,0.779671052631579,4.0,19,TA,6595.0,3784.0,4.0,0.4259237532700509,1443679.0,2071624.0,5648.0,5647.0,future_daily_quote,0.8918187964841109,0.7363300252967503,-0.4019823607396921,-0.526126244205081,-0.8081845151532778,1.5933936295713722,-0.7706249621143239,1.286404833836858,2071624.0,-0.0746419728711897,0.0452975526414447,0.767008231233208,-1.117304329960646,0.9527437054383854,-0.8254095521819768,True,TA,1.0,True,True,False,False,1.0,1.0,1.0,1.0,1.0,1.0,1.0,1.0,1.0,1.0,1.0,1.0,1.0,1.0,1.0,1.0,1.0,1.0,True,True,True,True,True,False,True,False,True,,2022-02-10,l4_diff02_delta04_l3eff015,l4_diff02_delta04_l3eff015,0.0015,boost015,False,0.08
SHFE|AL,SHFE,AL,2022-02-23,2022-02-22,2022-03-25 00:00:00,SHFE.al2204P20000,P,20000.0,30,21.0,453,2088,0.2453401444039257,-0.0326980589771298,0.0326980589771298,0.8806693086745927,22710.0,5.0,0.018158236057068743,5782.5,105.0,0.2453401444039257,,1,0,P,0.2453401444039257,,,2022-02-23,SHFE,AL,0.2156908261025135,48,5142,15391,-0.006049258685029202,-0.02728085312506856,0.006049258685029202,0.0,0.0,441.0,0.215189582509581,0.19906940087157818,0.0,0.0,0.02058535358407856,31.0,32.0,0.03924133420536298,1531.0,0.8109868421052632,2.0,19,AL,2088.0,453.0,1.0,0.2453401444039257,558558.0,495034.0,22717.5,22747.5,future_daily_quote,0.6549560853199499,0.5392857142857143,-0.5723287469442081,-0.5226964397988745,1.0350877192982455,-0.8204334365325078,-0.0679012345679012,-0.9277050750079796,495034.0,0.0376265765076517,-0.0108459783160359,0.9879163055589948,-0.2196209363141269,0.9734779881263508,-0.5362912355163026,True,AL,1.0,True,True,False,False,1.0,1.0,1.0,1.0,1.0,1.0,1.0,1.0,1.0,1.0,1.0,1.0,1.0,1.0,1.0,1.0,1.0,1.0,True,True,True,True,True,False,True,True,True,,2022-02-23,l4_diff02_delta04_l3eff015,l4_diff02_delta04_l3eff015,0.001,base_or_cut,False,0.08
SHFE|AU,SHFE,AU,2022-02-23,2022-02-22,2022-03-25 00:00:00,SHFE.au2204C424,C,424.0,30,0.64,1722,2894,0.2026768296994874,0.0662738162698118,0.0662738162698118,1.09312158399505,387.88,1000.0,0.014336660633321984,44640.799999999996,640.0,,0.2026768296994874,0,1,C,0.2026768296994874,,,2022-02-23,SHFE,AU,0.152564260975791,34,5040,6005,0.005069474710213018,0.034370534976639514,0.005069474710213018,0.0,0.0,477.0,0.16762676386853864,0.16111319790529077,0.012578616352201259,0.014675052410901468,0.024802113386765863,54.0,73.0,0.014137501947276303,1434.5,0.5264473684210527,10.0,19,AU,2894.0,1722.0,1.0,0.2026768296994874,157556.0,226153.0,388.96,389.29,future_daily_quote,0.7439588688946015,2.6656346749226008,-1.0594431040108028,1.714554850694194,-0.2822420634920635,-0.4046492491256943,0.6621621621621621,46.833333333333336,226153.0,0.2660486259230024,,0.9403016250992188,-0.3049835549884463,1.0638614152485564,0.5887451639578152,True,AU,1.0,True,True,False,False,0.0,,,,,,0.0,,,,,,,,,,,,True,True,True,False,False,False,True,False,True,,2022-02-23,l4_diff02_delta04_l3eff015,l4_diff02_delta04_l3eff015,0.001,base_or_cut,False,0.08
SHFE|CU,SHFE,CU,2022-02-23,2022-02-22,2022-03-25 00:00:00,SHFE.cu2204P62000,P,62000.0,30,54.0,1145,1881,0.2434142125231226,-0.0278602092028304,0.0278602092028304,0.8771929824561403,70680.0,5.0,0.015050167224080268,17940.0,270.0,0.2434142125231226,0.21840862996914706,1,2,P,0.2434142125231226,0.21840862996914706,0.02500558255397553,2022-02-23,SHFE,CU,0.16784169313602834,28,9972,11925,-0.0026690263882860055,-0.015653129584650014,0.0026690263882860055,0.0,0.0,477.0,0.19933175505863593,0.11820148573997362,0.0041928721174004195,0.0041928721174004195,0.019901292387407836,59.0,68.0,0.03869969040247678,1494.0,0.7840789473684211,4.0,19,CU,1881.0,1145.0,1.0,0.2434142125231226,126573.0,341897.0,71265.0,71250.0,future_daily_quote,0.4856700232378002,0.3514426028238183,-1.1140368821232012,-0.8575522406806155,-0.5143299767621998,-0.6123248145094806,-0.7579792855633058,-0.7242292870905588,341897.0,0.0378441550557022,-0.0878027566260946,0.6996268966089048,-1.1978131535933458,0.9919229664530392,-0.0623359150248853,True,CU,1.0,True,True,True,True,1.0,1.0,1.0,1.0,1.0,1.0,0.0,,,,,,1.0,1.0,1.0,1.0,1.0,1.0,True,True,True,True,True,True,True,True,True,,2022-02-23,l4_diff02_delta04_l3eff015,l4_diff02_delta04_l3eff015,0.001,base_or_cut,False,0.08
CZCE|MA,CZCE,MA,2022-03-04,2022-03-03,2022-04-07 00:00:00,CZCE.MA205P2600,P,2600.0,34,11.0,2184,3529,0.3805064432907629,-0.0670319858703106,0.0670319858703106,0.8460787504067686,3073.0,10.0,0.06680838141512299,1646.5,110.0,0.3976893418541707,,7,0,P,0.3976893418541707,,,2022-03-04,CZCE,MA,0.3470711997978821,26,26378,21957,-0.02171014467160376,-0.058869964539109504,0.02171014467160376,0.0,0.0,397.0,0.26450826655715787,0.21694260367722457,0.017632241813602016,0.010075566750629723,0.029788794029610016,62.0,130.0,0.05647781896560823,1465.5,0.6186184210526317,8.0,19,MA,18130.0,5297.0,7.0,0.3976893418541707,1276323.0,918502.0,3060.0,3090.0,future_daily_quote,5.218767990788717,2.843263553408481,2.958184334035772,0.5784994801651562,2.5033816425120774,3.973936899862826,0.3315736551030668,4.477766287487073,918502.0,0.0008444777150502,-0.0325172508592512,0.9725114084969586,-0.3824889278434085,0.9674827491407488,-0.2552700663970191,True,MA,1.0,True,True,True,True,2.0,1.0,1.0,0.5,0.5,1.0,0.0,,,,,,1.0,1.0,0.5,0.5,1.0,0.8250000000000001,True,True,True,False,False,False,True,False,True,,2022-03-04,l4_diff02_delta04_l3eff015,l4_diff02_delta04_l3eff015,0.0015,boost015,False,0.08
SHFE|CU,SHFE,CU,2022-03-26,2022-03-25,2022-04-25,SHFE.cu2205P62000,P,62000.0,30,36.0,6,1267,0.2786668071343532,-0.0166792748705003,0.0166792748705003,0.8464163822525598,73250.0,5.0,0.0097336758145194,18492.5,180.0,0.2786668071343532,0.2622250724779214,1,1,P,0.2786668071343532,0.2622250724779214,0.01644173465643184,2022-03-26,SHFE,CU,0.17740685069653733,42,111,8646,0.005102589989972234,0.02961383525310478,0.005102589989972234,0.0,0.0,504.0,0.19936950111612664,0.11826401745561585,0.003968253968253968,0.003968253968253968,0.020171982622400577,58.0,68.0,0.03900946901303792,1508.5,0.8039473684210526,2.0,19,CU,1267.0,6.0,1.0,0.2786668071343532,,,,,,0.3856925418569254,0.0028721876495931,-1.442164367355691,-1.2204433051361796,-0.2776510832383124,-0.672863413374645,-0.9853300733496332,-0.9987317691819912,,,,,,,,True,CU,1.0,True,True,True,True,2.0,1.0,1.0,1.0,1.0,1.0,1.0,1.0,1.0,1.0,1.0,1.0,1.0,1.0,1.0,1.0,1.0,1.0,True,True,True,True,True,False,True,True,True,2022-04-25,2022-03-26,l4_diff02_delta04_l3eff015,l4_diff02_delta04_l3eff015,0.001,base_or_cut,True,0.04
SHFE|AL,SHFE,AL,2022-03-28,2022-03-25,2022-04-25 00:00:00,SHFE.al2205P20000,P,20000.0,28,33.0,228,1955,0.2975626027563111,-0.0415956681849443,0.0415956681849443,0.8699434536755111,22990.0,5.0,0.027906976744186046,5912.5,165.0,0.2975626027563111,,1,0,P,0.2975626027563111,,,2022-03-28,SHFE,AL,0.25181728477135334,66,5221,12754,-0.007490993469855267,-0.02888836993814422,0.007490993469855267,0.0,0.0,469.0,0.21794852262050615,0.20202130154543693,0.0021321961620469083,0.0021321961620469083,0.022039833485627748,38.0,39.0,0.04056824901665995,1533.0,0.7996052631578947,3.0,19,AL,1955.0,228.0,1.0,0.2975626027563111,383494.0,457436.0,22985.0,22965.0,future_daily_quote,0.623405612244898,0.2704626334519573,-0.6793660722685688,-0.7654465128585239,-0.7039672925499697,-0.376594387755102,-0.8788522848034006,0.3491124260355029,457436.0,,-0.0137767179933854,0.6393911100736936,-1.0001328810091503,0.9128054085550316,-1.2338332294119867,True,AL,1.0,True,True,False,False,2.0,1.0,1.0,0.5,0.5,1.0,2.0,1.0,1.0,0.5,0.5,1.0,1.0,1.0,0.5,0.5,1.0,0.8250000000000001,True,True,True,True,True,False,True,False,True,,2022-03-28,l4_diff02_delta04_l3eff015,l4_diff02_delta04_l3eff015,0.001,base_or_cut,False,0.08
SHFE|ZN,SHFE,ZN,2022-03-28,2022-03-25,2022-04-25 00:00:00,SHFE.zn2205C31500,C,31500.0,28,78.0,1264,1191,0.4004670558027465,0.0637463830922293,0.0637463830922293,1.1913767019667172,26440.0,5.0,0.055714285714285716,7000.0,390.0,,0.4004670558027465,0,1,C,0.4004670558027465,,,2022-03-28,SHFE,ZN,0.26153200986041636,20,1362,3281,-0.005935384065158922,-0.02219105655476826,0.005935384065158922,0.0,0.0,469.0,0.21780273105487058,0.17014378478206446,0.01279317697228145,0.006396588486140725,0.022697654222661588,6.0,6.0,0.04751867711468945,1168.5,0.6449999999999999,6.0,19,ZN,1191.0,1264.0,1.0,0.4004670558027465,124818.0,102567.0,26315.0,26245.0,future_daily_quote,0.7903118779031187,1.2049571020019063,-0.7730634085804055,0.1496122312114735,-0.576307363927428,-0.1098654708520179,-0.5508173418621181,-0.0581222056631892,102567.0,0.1793105827162764,,0.6475776410405404,-1.3119353755300618,1.1445293756625563,0.7000739492088118,True,ZN,1.0,True,True,True,True,0.0,,,,,,0.0,,,,,,,,,,,,True,True,True,False,False,False,True,False,True,,2022-03-28,l4_diff02_delta04_l3eff015,l4_diff02_delta04_l3eff015,0.0015,boost015,False,0.08
CZCE|CF,CZCE,CF,2022-04-08,2022-04-07,2022-06-06 00:00:00,CZCE.CF207C24000,C,24000.0,59,61.0,594,4747,0.2111304651646716,0.0777009236836423,0.0777009236836423,1.1320754716981132,21200.0,5.0,0.054415700267618196,5605.0,305.0,,0.2111304651646716,0,1,C,0.2111304651646716,,,2022-04-08,CZCE,CF,0.1499570157429208,10,3388,7053,0.005153622448513445,0.03559048121224166,0.005153622448513445,0.0,0.0,420.0,0.20125198770217625,0.23150533210627702,0.014285714285714285,0.009523809523809525,0.026937173634733563,50.0,224.0,0.03718407350676531,1889.5,0.5994736842105262,9.0,19,CF,4747.0,594.0,1.0,0.2111304651646716,117988.0,237223.0,21605.0,21570.0,future_daily_quote,1.3535785571713714,0.3593466424682395,-0.4298775500392456,-0.7213079793698572,-0.8013475058587212,-0.746136157013744,-0.9317476732161324,-0.8773234200743494,237223.0,-0.2495555344658505,-0.3951879783594152,0.569404429258782,-1.8311636672168603,0.6013089622342597,-3.1577489114195174,True,CF,1.0,True,True,True,True,1.0,1.0,1.0,1.0,1.0,1.0,0.0,,,,,,1.0,1.0,1.0,1.0,1.0,1.0,True,True,True,False,True,False,True,False,True,,2022-04-08,l4_diff02_delta04_l3eff015,l4_diff02_delta04_l3eff015,0.0015,boost015,False,0.08
DCE|C,DCE,C,2022-04-12,2022-04-11,2022-06-08 00:00:00,DCE.c2207-C-3160,C,3160.0,57,6.0,148,5803,0.1576809773359994,0.0761206834791704,0.0761206834791704,1.0953206239168112,2885.0,10.0,0.03821656050955414,1570.0,60.0,0.1470128826894097,0.1746249593997306,8,4,C,0.1746249593997306,0.1470128826894097,0.0276120767103209,2022-04-12,DCE,C,0.11674633729307905,26,14728,51843,-0.002800864028878594,-0.023428938510534163,0.002800864028878594,0.0,0.0,420.0,0.13613736061367826,0.1521908529643125,0.007142857142857143,0.03333333333333333,0.023777864606260014,61.0,277.0,0.020087867128057456,3009.5,0.655921052631579,6.0,19,C,16355.0,967.0,4.0,0.1746249593997306,277911.0,919086.0,2919.0,2913.0,future_daily_quote,0.641649338930519,0.1934386877375475,-0.7914900011964501,-1.0614034742846108,-0.6545350851252587,11.658668730650154,-0.8813351331451712,-0.3233030090972708,919086.0,-0.0516478527354149,-0.292757249906505,0.6439012523024524,-1.386423968706753,0.8690619264515238,-1.4442051212103713,True,C,1.0,True,True,False,False,1.0,1.0,1.0,0.0,0.0,1.0,1.0,1.0,1.0,0.0,0.0,1.0,1.0,1.0,0.0,0.0,1.0,0.65,True,True,True,False,True,True,True,False,True,,2022-04-12,l4_diff02_delta04_l3eff015,l4_diff02_delta04_l3eff015,0.0015,boost015,False,0.08
SHFE|AU,SHFE,AU,2022-04-26,2022-04-25,2022-05-25 00:00:00,SHFE.au2206P332,P,332.0,29,0.1,17,1153,0.2918981679963187,-0.0088071727727282,0.0088071727727282,0.8254189249664362,402.22,1000.0,0.003098123776241108,32277.600000000006,100.0,0.2918981679963187,0.25106229610090325,1,2,P,0.2918981679963187,0.25106229610090325,0.04083587189541543,2022-04-26,SHFE,AU,0.16737881653020278,42,5111,7170,0.003479739379106145,0.02123098823734202,0.003479739379106145,0.0,0.0,527.0,0.16919243132407566,0.16695154293450784,0.013282732447817837,0.018975332068311195,0.026965141606634976,50.0,58.0,0.013828262933124795,1681.0,0.5368421052631579,10.0,19,AU,1153.0,17.0,1.0,0.2918981679963187,204046.0,245509.0,402.95,402.89,future_daily_quote,1.0368705035971224,0.1410788381742738,-0.6826391558174028,-0.9158451188319476,0.0656192236598891,-0.71318407960199,-0.8930817610062893,-0.8963414634146342,245509.0,0.0860394852671204,0.4084942572257983,1.2222641532038263,0.6344900237720329,1.1437322972570063,1.198260477253569,True,AU,1.0,True,True,True,True,1.0,1.0,1.0,0.0,0.0,1.0,0.0,,,,,,1.0,1.0,0.0,0.0,1.0,0.65,True,True,True,False,True,True,True,False,True,,2022-04-26,l4_diff02_delta04_l3eff015,l4_diff02_delta04_l3eff015,0.001,base_or_cut,False,0.08
SHFE|ZN,SHFE,ZN,2022-04-26,2022-04-25,2022-05-25 00:00:00,SHFE.zn2206C34000,C,34000.0,29,23.0,1314,1317,0.3591426487824417,0.0227835471909849,0.0227835471909849,1.2305465074194717,27630.0,5.0,0.016375934496262016,7022.5,115.0,,0.3591426487824417,0,1,C,0.3591426487824417,,,2022-04-26,SHFE,ZN,0.28067836831133675,34,6412,8113,-0.011670521709648163,-0.03991984272220239,0.011670521709648163,0.0,0.0,491.0,0.21928111521411137,0.1793038630016113,0.012219959266802444,0.006109979633401222,0.02336727078802385,6.0,6.0,0.04751867711468945,1168.5,0.6449999999999999,7.0,19,ZN,1317.0,1314.0,1.0,0.3591426487824417,255720.0,126869.0,27580.0,27360.0,future_daily_quote,0.852979274611399,1.2526215443279314,-0.610323177829592,0.25185743533702,-0.139777922926192,-0.4808829325975562,0.845505617977528,-0.0366568914956011,126869.0,0.1262328116538984,0.7050451564347919,1.3861552513395652,1.0606206237064777,1.3742234931569912,1.8418941014838688,True,ZN,1.0,True,True,True,True,1.0,1.0,1.0,1.0,1.0,1.0,1.0,1.0,1.0,1.0,1.0,1.0,1.0,1.0,1.0,1.0,1.0,1.0,True,True,True,False,False,False,True,False,True,,2022-04-26,l4_diff02_delta04_l3eff015,l4_diff02_delta04_l3eff015,0.0015,boost015,False,0.08
SHFE|ZN,SHFE,ZN,2022-05-30,2022-05-25,2022-06-24 00:00:00,SHFE.zn2207C34000,C,34000.0,25,4.0,72,1035,0.3816579099623873,0.0049864472865007,0.0049864472865007,1.2999426495889888,26155.0,5.0,0.0030493615399275775,6558.75,20.0,0.2247432249795818,0.3816579099623873,1,1,C,0.3816579099623873,0.2247432249795818,0.1569146849828055,2022-05-30,SHFE,ZN,0.20124843456527852,20,5088,4743,-0.00545430540936076,-0.026387194528867678,0.00545430540936076,0.0,0.0,516.0,0.22028437436441306,0.1777216824690312,0.011627906976744186,0.005813953488372093,0.023060823517343728,6.0,6.0,0.04751867711468945,1168.5,0.6396052631578947,7.0,19,ZN,1035.0,72.0,1.0,0.3816579099623873,170924.0,108382.0,26060.0,26070.0,future_daily_quote,0.6731707317073171,0.0705882352941176,-1.09999161180444,-1.3714661003511537,-0.4558359621451104,-0.0848806366047745,-0.930164888457808,-0.9733629300776916,108382.0,-0.0730242901128976,-0.1586228311920196,0.894681605594508,-0.4124696378989833,1.139627561696266,0.5381676310986843,True,ZN,1.0,True,True,True,True,2.0,1.0,1.0,1.0,1.0,1.0,2.0,1.0,1.0,1.0,1.0,1.0,1.0,1.0,1.0,1.0,1.0,1.0,True,True,True,False,True,True,True,False,True,,2022-05-30,l4_diff02_delta04_l3eff015,l4_diff02_delta04_l3eff015,0.0015,boost015,False,0.08
CZCE|SR,CZCE,SR,2022-06-07,2022-06-06,2022-08-03 00:00:00,CZCE.SR209C6700,C,6700.0,57,12.5,10354,31307,0.1716971278382668,0.0705463454756128,0.0705463454756128,1.1074380165289257,6050.0,10.0,0.03968253968253968,3150.0,125.0,0.13133662963872775,0.1716971278382668,6,1,C,0.1716971278382668,0.13133662963872775,0.04036049819953905,2022-06-07,CZCE,SR,0.10329879699096156,12,29457,65784,-0.006490005365142604,-0.05911354551525231,0.006490005365142604,0.0,0.0,458.0,0.145038722929544,0.1266534850783696,0.0,0.004366812227074236,0.014125728754051789,63.0,171.0,0.025041736227045076,3741.0,0.8470833333333334,1.0,18,SR,31307.0,10354.0,1.0,0.1716971278382668,,,,,,1.4571561554572958,1.0945031712473572,-0.2987033677634954,-0.0121040442336773,0.9172637638557168,6.518491834774255,0.7111221285737894,4.578663793103448,,,,,,,,False,SR,1.0,True,True,True,True,2.0,1.0,1.0,1.0,1.0,1.0,1.0,1.0,1.0,1.0,1.0,1.0,1.0,1.0,1.0,1.0,1.0,1.0,True,True,False,True,True,False,False,True,True,,2022-06-07,l4_diff02_delta04_l3eff015,l4_diff02_delta04_l3eff015,0.0015,boost015,False,0.08
CZCE|TA,CZCE,TA,2022-06-07,2022-06-06,2022-07-05 00:00:00,CZCE.TA208P6600,P,6600.0,28,30.0,13265,3692,0.4220141184094022,-0.0709579045567319,0.0709579045567319,0.8481110254433307,7782.0,5.0,0.07158196134574088,2095.5,150.0,0.4350755198551892,,7,0,P,0.4350755198551892,,,2022-06-07,CZCE,TA,0.39273123315446035,42,127401,29437,0.07119781058364943,0.2214320676662148,0.07119781058364943,1.0,1.0,458.0,0.2588045166359788,0.21090658290406183,0.010917030567685589,0.006550218340611353,0.029981407634438736,86.0,220.0,0.047086610293710085,1691.0,0.6894444444444444,5.0,18,TA,16758.0,54695.0,7.0,0.4350755198551892,2954541.0,2677461.0,7065.0,6980.0,future_daily_quote,0.6502153416365964,3.87166418914136,-0.53653290014821,2.0538477692799417,-0.6611122345803842,0.5916041409440593,-0.0128503618676341,1.3596790198024071,2677461.0,0.060350358326416,0.2953197998865036,1.5446238217472903,1.830308310610359,1.2953197998865036,3.349530267952252,True,TA,1.0,True,True,False,False,5.0,1.0,1.0,0.8,0.6,1.0,4.0,1.0,1.0,0.75,0.75,1.0,1.0,1.0,0.75,0.75,1.0,0.9125,True,True,True,False,False,False,True,False,True,,2022-06-07,l4_diff02_delta04_l3eff015,l4_diff02_delta04_l3eff015,0.0015,boost015,False,0.08
DCE|C,DCE,C,2022-06-09,2022-06-08,2022-08-05,DCE.c2209-C-3320,C,3320.0,57,3.5,2352,17885,0.2095104014655916,0.0380231569960192,0.0380231569960192,1.162058102905145,2857.0,10.0,0.023915271609156134,1463.5,35.0,0.185733217195501,0.1957675540384472,7,7,C,0.1957675540384472,0.185733217195501,0.01003433684294619,2022-06-09,DCE,C,0.11435802938703363,28,93595,171093,0.00905742060422722,0.08601489306589959,0.00905742060422722,0.0,0.0,458.0,0.13455020150603764,0.15563664764481305,0.006550218340611353,0.03275109170305677,0.02307564127685428,63.0,314.0,0.019786125284985343,3143.0,0.6572222222222224,6.0,18,C,97845.0,19618.0,7.0,0.1957675540384472,416192.0,1369092.0,2851.0,2877.0,future_daily_quote,2.8824569155987625,3.294927779643937,2.0527542876179687,2.5045759300541643,1.76156473144986,4.022328303048968,5.03445093817287,1.908524833209785,1369092.0,0.091216892081996,0.1336001682484116,1.0160391775832354,-0.2187485676210708,1.130063275989296,1.5710106560835604,True,C,1.0,True,True,True,True,2.0,1.0,1.0,0.0,0.0,1.0,2.0,1.0,1.0,0.0,0.0,1.0,1.0,1.0,0.0,0.0,1.0,0.65,True,True,True,False,False,False,False,False,True,2022-08-05,2022-06-09,l4_diff02_delta04_l3eff015,l4_diff02_delta04_l3eff015,0.00075,base_or_cut,True,0.04
SHFE|AU,SHFE,AU,2022-06-25,2022-06-24,2022-07-25 00:00:00,SHFE.au2208P340,P,340.0,30,0.52,71,1951,0.297731103198439,-0.0374511837775867,0.0374511837775867,0.8621564053149406,394.36,1000.0,0.014270972841240914,36437.600000000006,520.0,0.297731103198439,0.26163464444653783,1,2,P,0.297731103198439,0.26163464444653783,0.03609645875190115,2022-06-25,SHFE,AU,0.16934360393175035,16,217,6538,0.004907266000537008,0.029842953584808034,0.004907266000537008,0.0,0.0,573.0,0.16736432950377098,0.16858216474439125,0.015706806282722512,0.02268760907504363,0.02722535478308105,44.0,44.0,0.01437759795450716,1883.5,0.5147222222222222,10.0,18,AU,1951.0,71.0,1.0,0.297731103198439,,,,,,1.7373107747105967,0.5634920634920635,-0.0302628045319232,-0.4424171500373558,-0.121962196219622,0.9316831683168316,-0.9324452901998096,-0.7320754716981133,,,,,,,,True,AU,1.0,True,True,True,False,2.0,1.0,1.0,0.5,0.5,1.0,1.0,1.0,1.0,1.0,1.0,1.0,1.0,1.0,0.5,0.5,1.0,0.8250000000000001,True,True,True,False,True,True,True,False,True,,2022-06-25,l4_diff02_delta04_l3eff015,l4_diff02_delta04_l3eff015,0.001,base_or_cut,False,0.08
SHFE|CU,SHFE,CU,2022-06-25,2022-06-24,2022-07-25 00:00:00,SHFE.cu2208C75000,C,75000.0,30,32.0,42,1429,0.2736636803430891,0.0181743934247839,0.0181743934247839,1.182033096926714,63450.0,5.0,0.009985957247620534,16022.5,160.0,,0.2736636803430891,0,1,C,0.2736636803430891,,,2022-06-25,SHFE,CU,0.28440063432070983,24,526,16247,0.019720294667175786,0.07450608040245682,0.019720294667175786,0.0,0.0,573.0,0.1959177627142027,0.14060838332238632,0.005235602094240838,0.005235602094240838,0.019874004029005105,71.0,89.0,0.03660058228199085,1507.0,0.7780555555555555,3.0,18,CU,1429.0,42.0,1.0,0.2736636803430891,,,,,,0.5773737373737374,0.0262664165103189,-1.025916739086876,-1.3035520657617206,0.3860329776915616,-0.6249343832020997,-0.9,-0.9684447783621336,,,,,,,,True,CU,1.0,True,True,True,True,5.0,0.8,0.8,0.8,0.8,-2.8139534883720927,1.0,1.0,1.0,1.0,1.0,1.0,0.8,0.8,0.8,0.8,-2.8139534883720927,0.72,True,True,True,False,True,False,True,False,True,,2022-06-25,l4_diff02_delta04_l3eff015,l4_diff02_delta04_l3eff015,0.00075,base_or_cut,False,0.08
SHFE|AL,SHFE,AL,2022-06-29,2022-06-24,2022-07-25 00:00:00,SHFE.al2208C21000,C,21000.0,26,41.0,1481,2244,0.2257536218236795,0.07984226992099,0.07984226992099,1.0903426791277258,19260.0,5.0,0.037374658158614404,5485.0,205.0,,0.2257536218236795,0,1,C,0.2257536218236795,,,2022-06-29,SHFE,AL,0.23418327327976318,110,14563,17037,0.014586009510487719,0.06642163595359193,0.014586009510487719,0.0,0.0,540.0,0.22069768615138663,0.19188305328205219,0.001851851851851852,0.001851851851851852,0.022934503034484993,38.0,39.0,0.04018782478084068,1527.0,0.7858333333333334,2.0,18,AL,2244.0,1481.0,1.0,0.2257536218236795,371415.0,408278.0,19265.0,19332.5,future_daily_quote,0.8259109311740891,1.6867881548974943,-0.4752620451896154,0.2053558636293215,1.0511882998171846,-0.6690753576168706,4.546816479400749,-0.6376315145583558,408278.0,0.0499465097619684,-0.0889356508000972,0.7952071116135373,-0.6135904407302449,0.8689428250357556,-1.3430333400840715,True,AL,1.0,True,True,True,True,4.0,1.0,1.0,0.5,0.5,1.0,1.0,1.0,1.0,1.0,1.0,1.0,1.0,1.0,0.5,0.5,1.0,0.8250000000000001,True,True,True,True,False,False,True,True,True,,2022-06-29,l4_diff02_delta04_l3eff015,l4_diff02_delta04_l3eff015,0.001,base_or_cut,False,0.08
SHFE|ZN,SHFE,ZN,2022-07-01,2022-06-24,2022-07-25 00:00:00,SHFE.zn2208C25500,C,25500.0,24,63.0,1147,1260,0.3171929006342378,0.0782144814478261,0.0782144814478261,1.1258278145695364,22650.0,5.0,0.05269761606022585,5977.5,315.0,,0.3171929006342378,0,1,C,0.3171929006342378,,,2022-07-01,SHFE,ZN,0.30826630683475414,66,12016,6336,-0.00013923106441976474,-0.00045145448868458103,0.00013923106441976474,0.0,0.0,542.0,0.22028437436441306,0.17874082200752792,0.01107011070110701,0.005535055350553505,0.02410006357312361,6.0,6.0,0.04751867711468945,1168.5,0.6352777777777777,7.0,18,ZN,1260.0,1147.0,1.0,0.3171929006342378,294220.0,113293.0,22910.0,23090.0,future_daily_quote,0.8355437665782494,1.1997907949790796,-0.6298567650032947,0.1507422645991283,-0.1126760563380281,-0.1865719819238218,-0.3610027855153203,-0.3014616321559074,113293.0,0.0709134047319715,0.0143976362089806,1.6577362338928234,1.827177963932641,1.1045755457408328,0.7486708969169265,True,ZN,1.0,True,True,True,True,3.0,1.0,1.0,1.0,1.0,1.0,3.0,1.0,1.0,1.0,1.0,1.0,1.0,1.0,1.0,1.0,1.0,1.0,True,True,True,False,True,False,True,False,True,,2022-07-01,l4_diff02_delta04_l3eff015,l4_diff02_delta04_l3eff015,0.0015,boost015,False,0.08
SHFE|CU,SHFE,CU,2022-07-26,2022-07-25,2022-08-25 00:00:00,SHFE.cu2209P49000,P,49000.0,30,210.0,1650,1618,0.4105244467119786,-0.0668406766343201,0.0668406766343201,0.8440999138673557,58050.0,5.0,0.06746987951807229,15562.5,1050.0,0.4105244467119786,0.2940051419983761,1,3,P,0.4105244467119786,0.2940051419983761,0.1165193047136025,2022-07-26,SHFE,CU,0.2609869375989663,22,11627,8567,-0.025920487341753784,-0.09034442851072744,0.025920487341753784,0.0,0.0,599.0,0.19757854450360096,0.1786354152949938,0.00667779632721202,0.00667779632721202,0.021968937746119455,70.0,89.0,0.03900784977912987,1423.5,0.7530555555555555,4.0,18,CU,1618.0,1650.0,1.0,0.4105244467119786,306173.0,422189.0,58375.0,57610.0,future_daily_quote,0.5772386728505173,1.03643216080402,-1.0486115452712277,-0.1299627483945531,-0.6319381255686989,-0.3406682966585167,-0.1361256544502618,-0.568401778707821,422189.0,0.0803032706764992,0.3079046338577067,1.992159490919975,1.1490735353196655,1.235764338108312,3.831458985622732,True,CU,1.0,True,True,True,True,6.0,0.8333333333333334,0.8333333333333334,0.8333333333333334,0.8333333333333334,-2.1782945736434107,4.0,0.75,0.75,0.75,0.75,-3.767441860465116,0.75,0.75,0.75,0.75,-3.767441860465116,0.675,True,True,True,False,True,True,True,False,True,,2022-07-26,l4_diff02_delta04_l3eff015,l4_diff02_delta04_l3eff015,0.0015,boost015,False,0.08
SHFE|AU,SHFE,AU,2022-08-26,2022-08-25,2022-09-26 00:00:00,SHFE.au2210C472,C,472.0,31,0.1,149,3389,0.2824706421826733,0.0095269057644519,0.0095269057644519,1.2169339452379724,387.86,1000.0,0.0032124592017681373,31128.800000000003,100.0,0.1543165294775599,0.26405193402148175,1,2,C,0.26405193402148175,0.1543165294775599,0.10973540454392186,2022-08-26,SHFE,AU,0.1343713470914052,48,3465,6992,0.007269701818904184,0.0571959694409795,0.007269701818904184,0.0,0.0,626.0,0.16676422741662456,0.16809754164509852,0.01437699680511182,0.027156549520766772,0.02937185353613358,48.0,50.0,0.01419606938814274,1445.5,0.5057004830917874,9.0,18,AU,4463.0,177.0,2.0,0.2640519340214817,114834.0,271495.0,392.3,391.7000000000001,future_daily_quote,1.014318181818182,0.1603260869565217,-0.2016753441192486,-1.030060155173986,-0.5025635309852876,-0.2791148441285738,-0.948230476747587,-0.8883280757097791,271495.0,0.2148242611360942,0.1321018284927966,0.6534367824921687,-1.1659092932342856,1.2388772781615909,2.2226371633476507,True,AU,1.0,True,True,True,True,3.0,1.0,1.0,0.6666666666666666,0.3333333333333333,1.0,1.0,1.0,1.0,0.0,0.0,1.0,1.0,1.0,0.6666666666666666,0.3333333333333333,1.0,0.85,True,True,True,False,True,True,True,False,True,,2022-08-26,l4_diff02_delta04_l3eff015,l4_diff02_delta04_l3eff015,0.001,base_or_cut,False,0.08
CZCE|MA,CZCE,MA,2022-09-06,2022-09-05,2022-10-12 00:00:00,CZCE.MA211P2300,P,2300.0,36,6.5,2298,2387,0.30173197449946,-0.0580870681475153,0.0580870681475153,0.8656379375235228,2657.0,10.0,0.04664513814137065,1393.5,65.0,0.3209860960934755,0.28099207680240434,2,2,P,0.3209860960934755,0.28099207680240434,0.03999401929107116,2022-09-06,CZCE,MA,0.27875640390005707,34,56936,21094,0.004451609433675285,0.01622869714084004,0.004451609433675285,0.0,0.0,523.0,0.2746866287728885,0.20178949291659967,0.021032504780114723,0.011472275334608031,0.029694788077257516,74.0,153.0,0.05536694634691324,1484.5,0.6034233409610985,8.0,19,MA,5597.0,3709.0,2.0,0.3209860960934755,1668204.0,1251405.0,2704.0,2662.0,future_daily_quote,0.7226597805035507,0.7002076647158769,-0.4667232967299899,-0.6515299739856476,-0.3714766984839978,0.9784376104630612,0.0880023467292461,0.1318278913640524,1251405.0,2.0350408300369374,0.0557769260427589,1.2865789514275578,1.0765764029570355,1.3702089686245955,1.6266105057928195,True,MA,1.0,True,True,True,True,8.0,0.875,0.875,0.75,0.75,0.3088235294117647,2.0,0.5,0.5,0.5,0.5,-1.7647058823529411,0.875,0.875,0.75,0.75,0.3088235294117647,0.8091911764705881,True,True,True,False,True,True,True,False,True,,2022-09-06,l4_diff02_delta04_l3eff015,l4_diff02_delta04_l3eff015,0.0015,boost015,False,0.08
SHFE|AL,SHFE,AL,2022-09-29,2022-09-26,2022-10-25 00:00:00,SHFE.al2211C20000,C,20000.0,26,38.0,1262,1336,0.2366317554408366,0.0754440359317198,0.0754440359317198,1.097092704333516,18230.0,5.0,0.0389344262295082,4880.0,190.0,,0.2366317554408366,0,1,C,0.2366317554408366,,,2022-09-29,SHFE,AL,0.22002754062948138,108,19443,20174,-0.02562375105346587,-0.1043094496996884,0.02562375105346587,0.0,0.0,617.0,0.2223489122223481,0.18306465808001912,0.0016207455429497568,0.0016207455429497568,0.023095713716655808,13.0,13.0,0.04033751800782054,1352.0,0.6584210526315789,4.0,19,AL,1336.0,1262.0,1.0,0.2366317554408366,345849.0,431339.0,17730.0,17747.5,future_daily_quote,0.4294439087110254,1.3214659685863874,-0.8684867641129521,-0.103355089207606,-0.1057563587684069,-0.5705560912889747,630.0,25.851063829787236,431339.0,0.1578700124554395,,0.9276642427786288,-0.4631757570674522,1.0586240113878305,0.5081435362180967,True,AL,1.0,True,True,True,True,7.0,1.0,1.0,0.7142857142857143,0.7142857142857143,1.0,3.0,1.0,1.0,1.0,1.0,1.0,1.0,1.0,1.0,1.0,1.0,1.0,True,True,True,True,False,False,True,True,True,,2022-09-29,l4_diff02_delta04_l3eff015,l4_diff02_delta04_l3eff015,0.0015,boost015,False,0.08
CZCE|CF,CZCE,CF,2022-10-13,2022-10-12,2022-12-05 00:00:00,CZCE.CF301C16200,C,16200.0,53,50.0,783,3992,0.2931217327219804,0.0758906676831625,0.0758906676831625,1.1807580174927117,13720.0,5.0,0.06793478260869565,3680.0,250.0,,0.31705973476676086,0,8,C,0.31705973476676086,,,2022-10-13,CZCE,CF,0.2638890049519198,14,11880,30986,-0.012188077228353744,-0.04414737048110042,0.012188077228353744,0.0,0.0,544.0,0.20270027636376942,0.257293360273973,0.02389705882352941,0.014705882352941176,0.029856652827478795,63.0,267.0,0.04142914921056447,1950.5,0.5366315789473685,9.0,19,CF,23322.0,7035.0,8.0,0.3170597347667608,657098.0,518067.0,13620.0,13820.0,future_daily_quote,1.2967472894078398,1.351585014409222,0.2857760958255219,0.1687341508093366,1.3396869983948636,9.629899726526892,0.7276522593320236,22.76689189189189,518067.0,0.0301611257926541,0.1303288220573251,1.248357619165226,0.7095791976202296,1.301407750162027,1.4270768145735848,True,CF,1.0,True,True,True,True,4.0,0.75,0.75,0.5,0.5,-12.790983606557377,2.0,1.0,1.0,0.5,0.5,1.0,0.75,0.75,0.5,0.5,-12.790983606557377,0.5875,True,True,True,False,False,False,True,False,True,,2022-10-13,l4_diff02_delta04_l3eff015,l4_diff02_delta04_l3eff015,0.0015,boost015,False,0.08
CZCE|MA,CZCE,MA,2022-10-13,2022-10-12,2022-11-03 00:00:00,CZCE.MA212P2425,P,2425.0,21,4.5,2048,1279,0.3209464035188611,-0.0495599832294372,0.0495599832294372,0.8834244080145719,2745.0,10.0,0.031746031746031744,1417.5,45.0,0.3356374928560404,0.3113591543113049,4,5,P,0.3356374928560404,0.3113591543113049,0.02427833854473549,2022-10-13,CZCE,MA,0.2839561286962067,34,32514,31238,-0.008677192134095013,-0.029652098774927017,0.008677192134095013,0.0,0.0,544.0,0.2746526413775219,0.19860554171189382,0.02022058823529412,0.011029411764705883,0.029188604908053823,77.0,166.0,0.055377534338383216,1490.0,0.5871578947368422,8.0,19,MA,8054.0,6925.0,4.0,0.3356374928560404,1337119.0,1128089.0,2722.0,2752.0,future_daily_quote,0.8454755406256561,1.1365501395043494,-0.3799267595882583,0.0862570979508406,-0.4645658821965164,-0.1042153264375486,0.5875745071068317,0.088152105593966,1128089.0,-0.1303433793361836,0.0700099309575548,0.8939329616632492,-0.3902583458871457,1.0730684864269449,0.5158033079197611,False,MA,1.0,True,True,True,True,9.0,0.8888888888888888,0.8888888888888888,0.7777777777777778,0.7777777777777778,0.38562091503267976,3.0,0.6666666666666666,0.6666666666666666,0.6666666666666666,0.6666666666666666,-0.8431372549019608,0.6666666666666666,0.6666666666666666,0.6666666666666666,0.6666666666666666,-0.8431372549019608,0.6078431372549019,True,True,False,False,True,False,False,False,True,,2022-10-13,l4_diff02_delta04_l3eff015,l4_diff02_delta04_l3eff015,0.0015,boost015,False,0.08
CZCE|RM,CZCE,RM,2022-10-13,2022-10-12,2022-12-05 00:00:00,CZCE.RM301P2600,P,2600.0,53,12.5,632,3738,0.3604195334063337,-0.0625073457104269,0.0625073457104269,0.817867253853413,3179.0,10.0,0.07290755322251384,1714.5000000000002,125.0,0.3781504165844533,,3,0,P,0.3781504165844533,,,2022-10-13,CZCE,RM,0.3008599652049335,12,3393,13042,-0.00425576806718253,-0.013948045292659634,0.00425576806718253,0.0,0.0,544.0,0.2354235165328661,0.21318415150019548,0.007352941176470588,0.003676470588235294,0.027839577274238896,46.0,91.0,0.056069690421874235,1721.25,0.6882105263157894,3.0,19,RM,9081.0,2259.0,3.0,0.3781504165844533,539623.0,461109.0,3157.0,3175.0,future_daily_quote,1.0,0.9563928873835732,-0.3844029700770316,-0.2644219565857814,2.8593285167870803,8.081,-0.0436071126164268,5.845454545454546,461109.0,0.2765747159531351,1.1129786873301653,1.3103974978205493,0.3755180523244359,1.5182692529312791,1.0909608056449078,True,RM,1.0,True,True,True,True,2.0,1.0,1.0,1.0,1.0,1.0,2.0,1.0,1.0,1.0,1.0,1.0,1.0,1.0,1.0,1.0,1.0,1.0,True,True,True,False,True,False,True,False,True,,2022-10-13,l4_diff02_delta04_l3eff015,l4_diff02_delta04_l3eff015,0.0015,boost015,False,0.08
CZCE|SR,CZCE,SR,2022-10-13,2022-10-12,2022-12-05 00:00:00,CZCE.SR301C6200,C,6200.0,53,8.5,3444,3746,0.1603454305499267,0.0589302686297964,0.0589302686297964,1.1022222222222222,5625.0,10.0,0.029335634167385678,2897.5,85.0,0.144983277137613,0.19164378237065635,3,6,C,0.19164378237065635,0.144983277137613,0.04666050523304335,2022-10-13,CZCE,SR,0.1176141007317301,12,16888,49017,-0.0009201285993259284,-0.007762556052531353,0.0009201285993259284,0.0,0.0,544.0,0.14006344393720002,0.13883977445587506,0.0,0.0055147058823529415,0.014023164705265021,63.0,179.0,0.02334229018319449,4923.0,0.7849473684210526,1.0,19,SR,43615.0,12719.0,6.0,0.1916437823706563,,,,,,1.341257149886217,1.4921398404504926,-0.0409644407298032,0.4137680173159173,0.6607013669420858,0.6775645217123736,7.593918918918918,2.8931741659014385,,,,,,,,False,SR,1.0,True,True,True,True,4.0,1.0,1.0,1.0,1.0,1.0,3.0,1.0,1.0,1.0,1.0,1.0,1.0,1.0,1.0,1.0,1.0,1.0,True,True,False,True,False,False,False,True,True,,2022-10-13,l4_diff02_delta04_l3eff015,l4_diff02_delta04_l3eff015,0.0015,boost015,False,0.08
SHFE|AU,SHFE,AU,2022-10-26,2022-10-25,2022-11-24,SHFE.au2212P360,P,360.0,29,0.16,553,1269,0.156736026518118,-0.0241600096676562,0.0241600096676562,0.9173844350440854,392.42,1000.0,0.003423397208219577,46737.2,160.0,0.1968666100320497,0.1822487979212095,3,6,P,0.1968666100320497,0.1822487979212095,0.014617812110840206,2022-10-26,SHFE,AU,0.11911960627401953,48,5602,10623,-0.001028808444182766,-0.008562813305491771,0.001028808444182766,0.0,0.0,669.0,0.16554321832535568,0.1730420951624735,0.013452914798206279,0.025411061285500747,0.02872725089540729,64.0,91.0,0.012986732777833743,1428.0,0.4665,12.0,20,AU,4507.0,648.0,3.0,0.1968666100320497,137737.0,294279.0,393.99,394.27,future_daily_quote,2.283181357649443,2.854625550660793,2.0759538103418467,0.2460598460359458,2.5460267505900864,0.9578627280625542,0.1612903225806452,22.142857142857142,294279.0,0.0763482745377737,0.3565870388980574,0.8621764577008544,-0.4567922910647991,1.277102943665456,1.8061689183327747,True,AU,1.0,True,True,True,True,4.0,1.0,1.0,0.75,0.5,1.0,2.0,1.0,1.0,1.0,0.5,1.0,1.0,1.0,0.75,0.5,1.0,0.8875000000000001,True,True,True,False,False,False,False,False,True,2022-11-24,2022-10-26,l4_diff02_delta04_l3eff015,l4_diff02_delta04_l3eff015,0.00075,base_or_cut,True,0.04
SHFE|CU,SHFE,CU,2022-10-26,2022-10-25,2022-11-24 00:00:00,SHFE.cu2212P55000,P,55000.0,29,86.0,2375,3747,0.3001545701918445,-0.0385621963158599,0.0385621963158599,0.8642363293526084,63640.0,5.0,0.02631578947368421,16340.0,430.0,0.3068030518862696,0.2071821302555787,3,1,P,0.3068030518862696,0.2071821302555787,0.09962092163069092,2022-10-26,SHFE,CU,0.20190923451168416,38,11051,17176,-0.006714507706340661,-0.03218477261961671,0.006714507706340661,0.0,0.0,669.0,0.20063377112512354,0.17357912184557164,0.005979073243647235,0.005979073243647235,0.022099337191802543,64.0,80.0,0.03934782251450644,1625.5,0.6575,5.0,20,CU,7996.0,3842.0,3.0,0.3068030518862696,186252.0,458561.0,61070.0,61090.0,future_daily_quote,1.804558790340781,1.0601545253863134,0.3875149396887075,-0.1084972718586539,0.4232823068707725,0.9870775347912524,-0.3158831908831908,0.1201166180758017,458561.0,0.0794725059498446,0.0499008622466035,0.8230786567500563,-0.5298472530172363,1.0888383391072476,1.4942956067045134,True,CU,1.0,True,True,True,False,9.0,0.8888888888888888,0.8888888888888888,0.7777777777777778,0.7777777777777778,-1.118863049095607,7.0,0.8571428571428571,0.8571428571428571,0.7142857142857143,0.7142857142857143,-1.724252491694352,0.8571428571428571,0.8571428571428571,0.7142857142857143,0.7142857142857143,-1.724252491694352,0.7214285714285714,True,True,True,False,True,True,True,False,True,,2022-10-26,l4_diff02_delta04_l3eff015,l4_diff02_delta04_l3eff015,0.0015,boost015,False,0.08
CZCE|MA,CZCE,MA,2022-11-04,2022-11-03,2022-12-05 00:00:00,CZCE.MA301C3000,C,3000.0,31,6.0,7306,7163,0.2965013654690365,0.063073178590783,0.063073178590783,1.145475372279496,2619.0,10.0,0.04381161007667031,1369.5000000000002,60.0,0.2891546230012954,0.3110865641094592,3,7,C,0.3110865641094592,0.2891546230012954,0.021931941108163766,2022-11-04,CZCE,MA,0.2643439156867904,24,50820,36224,-0.0011801181769156566,-0.004444487226800017,0.0011801181769156566,0.0,0.0,560.0,0.2743373856450792,0.19620924745681687,0.019642857142857142,0.010714285714285714,0.029063231667912397,84.0,183.0,0.05458533354856711,1564.5,0.5967272727272728,11.0,22,MA,25271.0,13592.0,7.0,0.3110865641094592,1508845.0,1161636.0,2613.0,2584.0,future_daily_quote,1.9122966326144533,1.3046650028796314,1.1157330942952035,0.2520827069405353,1.2003482803656942,2.9671899529042385,-0.2995258709544424,1.5128489554446292,1161636.0,0.090303954106534,-0.0612397619230411,1.00874064278556,0.164253443993972,1.0597920988816694,0.5904159183008586,True,MA,1.0,True,True,True,True,10.0,0.9,0.9,0.8,0.8,0.4470588235294118,6.0,1.0,1.0,0.8333333333333334,0.8333333333333334,1.0,1.0,1.0,0.8333333333333334,0.8333333333333334,1.0,0.9416666666666668,True,True,True,False,False,True,True,False,True,,2022-11-04,l4_diff02_delta04_l3eff015,l4_diff02_delta04_l3eff015,0.0015,boost015,False,0.08
SHFE|AL,SHFE,AL,2022-11-30,2022-11-24,2022-12-26 00:00:00,SHFE.al2301P17000,P,17000.0,26,13.0,464,1075,0.2351991234700577,-0.0276409986479043,0.0276409986479043,0.8884243532793311,19135.0,5.0,0.013405516885795308,4848.75,65.0,0.2351991234700577,,1,0,P,0.2351991234700577,,,2022-11-30,SHFE,AL,0.16624110451072824,114,31897,40278,-0.002804852365236782,-0.016592247558424606,0.002804852365236782,0.0,0.0,663.0,0.21972525973845214,0.18326446535531163,0.0015082956259426848,0.0015082956259426848,0.02307011106991029,12.0,12.0,0.03859421964042618,1342.0,0.6477272727272727,9.0,22,AL,1075.0,464.0,1.0,0.2351991234700577,309314.0,424405.0,18752.5,18815.0,future_daily_quote,0.4343434343434343,0.4402277039848197,-1.2898639914433356,-0.762440120321218,-0.7376769155685701,-0.694254835039818,-0.8630056096840862,-0.7085427135678393,424405.0,0.0343344292339824,0.1392566464802644,0.8387425667669063,-0.7957212755645271,1.0527197005588478,0.9772273097042328,True,AL,1.0,True,True,True,True,9.0,1.0,1.0,0.6666666666666666,0.6666666666666666,1.0,5.0,1.0,1.0,0.4,0.4,1.0,1.0,1.0,0.4,0.4,1.0,0.79,True,True,True,True,True,False,True,True,True,,2022-11-30,l4_diff02_delta04_l3eff015,l4_diff02_delta04_l3eff015,0.00075,base_or_cut,False,0.08
CZCE|CF,CZCE,CF,2022-12-06,2022-12-05,2023-02-03 00:00:00,CZCE.CF303P12200,P,12200.0,59,34.0,2365,2126,0.1968338321990669,-0.0689741049682083,0.0689741049682083,0.8921389396709324,13675.0,5.0,0.04737025426680599,3588.75,170.0,0.2122143234496498,,6,0,P,0.2122143234496498,,,2022-12-06,CZCE,CF,0.18172105998284455,14,14200,17287,0.000595760176489768,0.0032892156817778016,0.000595760176489768,0.0,0.0,582.0,0.20339897581708366,0.2511482566247954,0.022336769759450172,0.013745704467353952,0.029265139685060837,62.0,245.0,0.03914688853101419,2105.5,0.5180909090909092,11.0,22,CF,10931.0,18164.0,6.0,0.2122143234496498,414834.0,647227.0,13620.0,13505.0,future_daily_quote,1.769342829394626,5.859354838709677,0.1617856719160606,1.915608888088733,-0.6962683042040623,1.591512565196776,-0.0926619711274289,6.456486042692939,647227.0,0.3700883576983815,0.1460639339588729,0.7144279189600656,-1.1350790896160003,1.3508126034407553,2.5973847430108803,True,CF,1.0,True,True,True,True,5.0,0.8,0.8,0.6,0.6,-10.032786885245901,2.0,0.5,0.5,0.5,0.5,-26.581967213114755,0.8,0.8,0.6,0.6,-10.032786885245901,0.6499999999999999,True,True,True,False,False,False,True,False,True,,2022-12-06,l4_diff02_delta04_l3eff015,l4_diff02_delta04_l3eff015,0.001,base_or_cut,False,0.08
CZCE|MA,CZCE,MA,2022-12-06,2022-12-05,2023-01-05,CZCE.MA302C2900,C,2900.0,30,3.0,1992,1830,0.2752947072274542,0.0386952511737877,0.0386952511737877,1.1530815109343937,2515.0,10.0,0.02330097087378641,1287.5,30.0,0.2607099512027037,0.276883831166202,2,5,C,0.276883831166202,0.2607099512027037,0.01617387996349834,2022-12-06,CZCE,MA,0.25468959829727,41,57689,26183,0.0029978965324349294,0.011910986780311,0.0029978965324349294,0.0,0.0,582.0,0.27311740621811975,0.19360244284612166,0.018900343642611683,0.010309278350515464,0.029047560012894713,89.0,209.0,0.05340679822503248,1610.0,0.6118181818181818,10.0,22,MA,10119.0,11051.0,5.0,0.276883831166202,1632339.0,949964.0,2502.0,2524.0,future_daily_quote,0.616786541509204,0.9572938322938322,-0.690081265997027,-0.4049993424489848,-0.7420596482283967,2.2599871134020617,-0.4814901703185849,1.0694756554307117,949964.0,-0.0613458439265292,-0.1961705807591484,1.0726574497739805,0.4348765224315657,0.8483518132197868,-0.679540171283795,True,MA,1.0,True,True,True,True,11.0,0.9090909090909091,0.9090909090909091,0.8181818181818182,0.8181818181818182,0.49732620320855614,7.0,1.0,1.0,0.8571428571428571,0.8571428571428571,1.0,1.0,1.0,0.8571428571428571,0.8571428571428571,1.0,0.9500000000000001,True,True,True,False,True,False,True,False,True,2023-01-05,2022-12-06,l4_diff02_delta04_l3eff015,l4_diff02_delta04_l3eff015,0.001,base_or_cut,True,0.04
CZCE|SR,CZCE,SR,2022-12-06,2022-12-05,2023-02-03 00:00:00,CZCE.SR303C6100,C,6100.0,59,10.0,1736,9168,0.1547753929306811,0.0674797440378386,0.0674797440378386,1.0994953136265322,5548.0,10.0,0.034626038781163423,2888.000000000001,100.0,0.1161068757149304,0.1841655437097884,3,7,C,0.1841655437097884,0.1161068757149304,0.068058667994858,2022-12-06,CZCE,SR,0.10594428018626928,12,27525,31181,0.0008040801386816204,0.007647694586063985,0.0008040801386816204,0.0,0.0,582.0,0.13714576061761163,0.14862739601800937,0.0,0.005154639175257732,0.01356547190726659,62.0,187.0,0.022285782055946564,5766.25,0.7982727272727272,1.0,22,SR,26457.0,8036.0,7.0,0.1841655437097884,,,,,,0.772783035401332,0.9398830409356724,-0.8116979576198091,-0.2047093470801598,-0.4928014109617928,-0.6697168680715071,0.6198347107438016,-0.5950005039814534,,,,,,,,True,SR,1.0,True,True,True,True,5.0,1.0,1.0,1.0,1.0,1.0,4.0,1.0,1.0,1.0,1.0,1.0,1.0,1.0,1.0,1.0,1.0,1.0,True,True,True,True,True,True,True,False,True,,2022-12-06,l4_diff02_delta04_l3eff015,l4_diff02_delta04_l3eff015,0.0015,boost015,False,0.08
SHFE|CU,SHFE,CU,2022-12-27,2022-12-26,2023-01-18 00:00:00,SHFE.cu2302P62000,P,62000.0,22,74.0,626,1019,0.1886793504297451,-0.0553868453154229,0.0553868453154229,0.9298140371925616,66680.0,5.0,0.016810540663334848,22010.0,370.0,0.2485683315765372,,5,0,P,0.2485683315765372,,,2022-12-27,SHFE,CU,0.15523214472947713,40,13082,13002,0.008245606466886102,0.05609769822699919,0.008245606466886102,0.0,0.0,722.0,0.2004287321363315,0.17107643889143498,0.00554016620498615,0.00554016620498615,0.021803923069027176,69.0,102.0,0.03977771278151506,1300.0,0.681885521885522,6.0,22,CU,6352.0,2440.0,5.0,0.2485683315765372,112903.0,398612.0,66140.0,66100.0,future_daily_quote,0.7069560378408458,0.4344729344729344,-0.7382661004238839,-0.9014746002022836,-0.4587132509586706,-0.6792081208019797,-0.8099540462652854,0.567116249197174,398612.0,-0.0808678228106705,,0.5198136271345632,-1.906792594691408,0.9234204911633682,-1.8763027381268709,True,CU,1.0,True,True,False,False,11.0,0.9090909090909091,0.9090909090909091,0.8181818181818182,0.7272727272727273,-0.7336152219873149,9.0,0.8888888888888888,0.8888888888888888,0.7777777777777778,0.6666666666666666,-1.118863049095607,0.8888888888888888,0.8888888888888888,0.7777777777777778,0.6666666666666666,-1.118863049095607,0.75,True,True,True,False,True,False,True,False,True,,2022-12-27,l4_diff02_delta04_l3eff015,l4_diff02_delta04_l3eff015,0.00075,base_or_cut,False,0.08
CZCE|MA,CZCE,MA,2023-01-06,2023-01-05,2023-02-03,CZCE.MA303C2950,C,2950.0,28,1.5,1593,1496,0.2183505034004466,0.0255305052158421,0.0255305052158421,1.127244936950707,2617.0,10.0,0.011333585190782017,1323.5,15.0,0.2203038041315138,0.23097070752350146,5,6,C,0.23097070752350146,0.2203038041315138,0.01066690339198767,2023-01-06,CZCE,MA,0.2217393090696681,30,48107,31235,0.004775187498681582,0.02200911129501765,0.004775187498681582,0.0,0.0,604.0,0.27144386581563495,0.19573705363226537,0.018211920529801324,0.009933774834437087,0.02874605603560259,90.0,218.0,0.0514707621606096,1606.0,0.6127575757575757,10.0,22,MA,11178.0,19035.0,6.0,0.2309707075235014,1298578.0,1157579.0,2632.0,2620.0,future_daily_quote,0.6595468491857446,1.648908523908524,-0.593789327877562,0.337827828835941,-0.4169622365950344,-0.7110358555437789,1.4454008221993837,-0.1444559306036226,1157579.0,3.614148025319281,0.0367035167598666,0.934099078329412,-0.3471814304435833,1.0805115161132244,0.6319837802374189,True,MA,1.0,True,True,False,False,12.0,0.9166666666666666,0.9166666666666666,0.8333333333333334,0.8333333333333334,0.5392156862745098,8.0,1.0,1.0,0.875,0.875,1.0,1.0,1.0,0.875,0.875,1.0,0.95625,True,True,True,False,False,False,False,False,True,2023-02-03,2023-01-06,l4_diff02_delta04_l3eff015,l4_diff02_delta04_l3eff015,0.001,base_or_cut,True,0.04
CZCE|TA,CZCE,TA,2023-01-06,2023-01-05,2023-02-03,CZCE.TA303P4700,P,4700.0,28,5.0,7893,2116,0.2401967621874122,-0.0350308554142461,0.0350308554142461,0.888468809073724,5290.0,5.0,0.01855287569573284,1347.5,25.0,0.2339156856843356,0.23309653210505826,5,8,P,0.2339156856843356,0.23309653210505826,0.0008191535792773375,2023-01-06,CZCE,TA,0.23129146178904866,30,78754,47879,0.0012299440884553925,0.00534615306700735,0.0012299440884553925,0.0,0.0,604.0,0.2674312127312959,0.2175964497773261,0.009933774834437087,0.006622516556291391,0.029879573028768123,109.0,332.0,0.049800796812749,2073.5,0.6443164983164982,9.0,22,TA,16468.0,54984.0,5.0,0.2339156856843356,1700479.0,3019771.0,5326.0,5318.0,future_daily_quote,0.5732186988757005,1.2868979075972475,-0.6555146124665383,0.3841427223955225,-0.8113198900091659,1.5799780667397774,-0.5897726679250632,1.619034009717062,3019771.0,-0.0671104303727392,-0.0115804423414751,0.7174829181683855,-1.5570192474282976,0.999011829594033,0.045027898946003,False,TA,1.0,True,True,True,True,12.0,1.0,1.0,0.6666666666666666,0.5833333333333334,1.0,8.0,1.0,1.0,0.625,0.625,1.0,1.0,1.0,0.625,0.625,1.0,0.86875,True,True,False,False,False,False,False,False,True,2023-02-03,2023-01-06,l4_diff02_delta04_l3eff015,l4_diff02_delta04_l3eff015,0.00075,base_or_cut,True,0.04
SHFE|AL,SHFE,AL,2023-01-19,2023-01-18,2023-02-22 00:00:00,SHFE.al2303P17500,P,17500.0,34,18.0,793,1027,0.1657121878899782,-0.0446630178046502,0.0446630178046502,0.918876345497506,19045.0,5.0,0.01565217391304348,5750.0,90.0,0.1657121878899782,,1,0,P,0.1657121878899782,,,2023-01-19,SHFE,AL,0.15820277296603058,76,22937,20088,-0.01595429713812338,-0.09160866755844006,0.01595429713812338,0.0,0.0,704.0,0.2167559658343551,0.19209767807683203,0.0014204545454545455,0.0014204545454545455,0.022823030358728912,12.0,12.0,0.03859421964042618,1422.0,0.6722407407407406,7.0,22,AL,1027.0,793.0,1.0,0.1657121878899782,325385.0,421724.0,19027.5,19022.5,future_daily_quote,0.4164639091646391,0.7812807881773399,-1.3402410268298703,-0.3679943515745897,-0.7551263710061993,-0.0338664158043273,-0.533254855797528,-0.2636954503249767,421724.0,0.1732121148052223,0.0607647535252009,0.9220604779406556,-0.4267098981531346,1.0460695868297487,0.6769261091778155,True,AL,1.0,True,True,True,True,11.0,1.0,1.0,0.6363636363636364,0.6363636363636364,1.0,7.0,1.0,1.0,0.42857142857142855,0.42857142857142855,1.0,1.0,1.0,0.42857142857142855,0.42857142857142855,1.0,0.7999999999999999,True,True,True,True,True,False,True,True,True,,2023-01-19,l4_diff02_delta04_l3eff015,l4_diff02_delta04_l3eff015,0.00075,base_or_cut,False,0.08
SHFE|CU,SHFE,CU,2023-01-19,2023-01-18,2023-02-22,SHFE.cu2303P60000,P,60000.0,34,72.0,3372,2291,0.2815277332855558,-0.0298757309800949,0.0298757309800949,0.8538494378824534,70270.0,5.0,0.020080881327569376,17927.5,360.0,0.26946633349843285,0.269099175025744,4,1,P,0.26946633349843285,0.269099175025744,0.0003671584726888666,2023-01-19,SHFE,CU,0.20252649528371305,28,23631,12589,0.0018334165578164086,0.009135424945672687,0.0018334165578164086,0.0,0.0,740.0,0.19968331538861744,0.17144410206149058,0.005405405405405406,0.005405405405405406,0.021012696250026778,76.0,115.0,0.04054976924896447,1327.0,0.711388888888889,5.0,22,CU,6369.0,6062.0,4.0,0.2694663334984328,175103.0,435769.0,69430.0,69885.0,future_daily_quote,0.7088480801335559,0.9983530961791832,-0.7786510510416897,-0.2210989458110972,0.1322666666666667,-0.3622709522379093,0.873300370828183,12.777272727272727,435769.0,0.0848714642076489,,0.8728484479913863,-0.4605114752251559,1.0072952037964646,-0.0134069427409335,True,CU,1.0,True,True,True,True,12.0,0.9166666666666666,0.9166666666666666,0.75,0.6666666666666666,-0.5891472868217053,10.0,0.9,0.9,0.7,0.6,-0.9069767441860463,0.9,0.9,0.7,0.6,-0.9069767441860463,0.7346511627906976,True,True,True,False,True,False,True,False,True,2023-02-22,2023-01-19,l4_diff02_delta04_l3eff015,l4_diff02_delta04_l3eff015,0.00075,base_or_cut,True,0.04
CZCE|CF,CZCE,CF,2023-02-06,2023-02-03,2023-04-06,CZCE.CF305C18000,C,18000.0,59,21.0,409,2026,0.2523212167728442,0.0361364072874726,0.0361364072874726,1.2060301507537687,14925.0,5.0,0.02737047898338221,3836.25,105.0,0.2384911781879703,0.25006138548760115,12,8,C,0.25006138548760115,0.2384911781879703,0.011570207299630847,2023-02-06,CZCE,CF,0.19573197729736996,16,32115,47622,0.00305649839744343,0.01586345296710507,0.00305649839744343,0.0,0.0,620.0,0.2020173917368593,0.24838690872947303,0.020967741935483872,0.012903225806451613,0.027973271597432507,63.0,258.0,0.03842719569940037,2059.0,0.5569444444444444,12.0,24,CF,31603.0,6677.0,8.0,0.2500613854876011,558094.0,739588.0,14925.0,14900.0,future_daily_quote,1.3845176553053535,0.5917227933356966,-0.0949153934147403,-0.7694029817074345,3.612903225806452,4.12536490431398,0.5331802525832376,-0.3231626964014191,739588.0,0.006954580111099,0.0394830048236392,1.0669972908951515,0.0688803353484222,1.088809489108048,0.8821193882200294,True,CF,1.0,True,True,True,True,6.0,0.8333333333333334,0.8333333333333334,0.6666666666666666,0.6666666666666666,-8.193989071038251,3.0,1.0,1.0,0.6666666666666666,0.6666666666666666,1.0,1.0,1.0,0.6666666666666666,0.6666666666666666,1.0,0.8833333333333333,True,True,True,False,True,False,True,False,True,2023-04-06,2023-02-06,l4_diff02_delta04_l3eff015,l4_diff02_delta04_l3eff015,0.00075,base_or_cut,True,0.04
CZCE|MA,CZCE,MA,2023-02-06,2023-02-03,2023-03-03,CZCE.MA304C3050,C,3050.0,25,2.0,16296,5670,0.2444836107121053,0.0304921166029952,0.0304921166029952,1.1296296296296295,2700.0,10.0,0.014598540145985401,1370.0,20.0,0.233647911279506,0.2440146740903314,1,3,C,0.2440146740903314,0.233647911279506,0.010366762810825408,2023-02-06,CZCE,MA,0.22856568781449044,22,48751,30481,0.008448186416086328,0.03838034850666163,0.008448186416086328,0.0,0.0,620.0,0.2695362362165823,0.19628853621636683,0.017741935483870968,0.00967741935483871,0.028056032695419515,82.0,205.0,0.0512981969256795,1690.25,0.6016203703703703,11.0,24,MA,10123.0,24744.0,3.0,0.2440146740903314,1180316.0,1260724.0,2677.0,2673.0,future_daily_quote,0.6432611044036347,1.576854448126434,-0.6148535630331874,0.7464594216620983,-0.2180596323188629,-0.4358245555369782,-0.04089305787046,0.5768544481264339,1260724.0,0.1632312615102988,0.7374486299953971,0.8598511835815307,-0.6399152381975408,1.1290780192656968,0.924247268193382,True,MA,1.0,True,True,True,True,12.0,0.9166666666666666,0.9166666666666666,0.8333333333333334,0.8333333333333334,0.5392156862745098,9.0,1.0,1.0,0.7777777777777778,0.7777777777777778,1.0,1.0,1.0,0.7777777777777778,0.7777777777777778,1.0,0.9222222222222222,True,True,True,False,False,False,False,False,True,2023-03-03,2023-02-06,l4_diff02_delta04_l3eff015,l4_diff02_delta04_l3eff015,0.001,base_or_cut,True,0.04
CZCE|RM,CZCE,RM,2023-02-06,2023-02-03,2023-04-06 00:00:00,CZCE.RM305P2800,P,2800.0,59,9.5,1111,1857,0.232761210011205,-0.0691638079367235,0.0691638079367235,0.8744534665833854,3202.0,10.0,0.05601415094339622,1696.0000000000002,95.0,0.2460699410731914,,5,0,P,0.2460699410731914,,,2023-02-06,CZCE,RM,0.21369317798370224,14,7445,9042,0.004069504968902349,0.019413384520817135,0.004069504968902349,0.0,0.0,620.0,0.236640453490991,0.20471529935903232,0.0064516129032258064,0.0032258064516129032,0.026585274880554406,48.0,109.0,0.051986872119021296,1769.5,0.6953703703703704,7.0,24,RM,11016.0,5703.0,5.0,0.2460699410731914,609896.0,541442.0,3257.0,3256.0,future_daily_quote,1.2130822596630326,1.1807453416149067,-0.121044289771534,-0.0599881678064728,-0.2089616544592848,1.3186697537360557,0.9003665444851716,0.6482658959537573,541442.0,0.0081010480533094,0.294913065314615,1.180982551396024,0.332242315759561,1.314607178062768,1.3204291704500637,True,RM,1.0,True,True,False,False,4.0,1.0,1.0,1.0,0.75,1.0,3.0,1.0,1.0,1.0,1.0,1.0,1.0,1.0,1.0,1.0,1.0,1.0,True,True,True,False,True,False,True,False,True,,2023-02-06,l4_diff02_delta04_l3eff015,l4_diff02_delta04_l3eff015,0.0015,boost015,False,0.08
CZCE|SR,CZCE,SR,2023-02-06,2023-02-03,2023-04-06,CZCE.SR305P5400,P,5400.0,59,4.0,1413,4930,0.1197764388537041,-0.0350267178991336,0.0350267178991336,0.9175870858113848,5885.0,10.0,0.011428571428571429,3500.0,40.0,0.1314195815927179,0.1204318068958121,6,3,P,0.1314195815927179,0.1204318068958121,0.010987774696905817,2023-02-06,CZCE,SR,0.10259825350450155,12,23976,51409,-0.000450159114139842,-0.0043684235661715426,0.000450159114139842,0.0,0.0,620.0,0.13487455760062148,0.15792709005526215,0.0,0.004838709677419355,0.013272549859566635,63.0,191.0,0.02172096908939014,6799.0,0.7842592592592593,1.0,24,SR,27153.0,6084.0,6.0,0.1314195815927179,,,,,,1.44816,0.9272976680384089,0.8576371958942635,-0.3577620959884304,0.6230125523012553,0.3768571573449621,-0.1730324860676906,0.2109872611464969,,,,,,,,True,SR,1.0,True,True,True,True,6.0,1.0,1.0,1.0,1.0,1.0,1.0,1.0,1.0,1.0,1.0,1.0,1.0,1.0,1.0,1.0,1.0,1.0,True,True,True,True,True,False,True,True,True,2023-04-06,2023-02-06,l4_diff02_delta04_l3eff015,l4_diff02_delta04_l3eff015,0.001,base_or_cut,True,0.04
CZCE|TA,CZCE,TA,2023-02-06,2023-02-03,2023-03-03,CZCE.TA304C6400,C,6400.0,25,5.0,12133,5709,0.2688899425978128,0.0330613655254072,0.0330613655254072,1.1408199643493762,5610.0,5.0,0.017513134851138354,1427.5,25.0,0.2630023343051179,0.2679335304388904,6,3,C,0.2679335304388904,0.2630023343051179,0.00493119613377252,2023-02-06,CZCE,TA,0.23811244966462275,20,72483,46782,0.004941893445092049,0.021194328843300626,0.004941893445092049,0.0,0.0,620.0,0.2661679575642487,0.21637184036223858,0.00967741935483871,0.0064516129032258064,0.029448655331417353,105.0,310.0,0.05040322580645161,2102.0,0.6393518518518518,9.0,24,TA,18933.0,40401.0,3.0,0.2679335304388904,2209470.0,2943372.0,5618.0,5616.0,future_daily_quote,0.5980667782796854,0.9479130006334904,-0.7112570895431551,-0.1873229333579174,-0.1378415300546448,-0.4581127107244054,-0.1105411474615825,0.0304011834017698,2943372.0,0.0035961913854389,-0.0696204512228851,0.9668462835753364,-0.1873379374495913,0.9721523301954034,-0.6411396465402698,True,TA,1.0,True,True,True,True,12.0,1.0,1.0,0.6666666666666666,0.5833333333333334,1.0,4.0,1.0,1.0,0.75,0.5,1.0,1.0,1.0,0.75,0.5,1.0,0.8875000000000001,True,True,True,False,True,False,True,False,True,2023-03-03,2023-02-06,l4_diff02_delta04_l3eff015,l4_diff02_delta04_l3eff015,0.00075,base_or_cut,True,0.04
DCE|A,DCE,A,2023-02-08,2023-02-07,2023-04-10 00:00:00,DCE.a2305-P-5100,P,5100.0,61,11.0,1139,1603,0.1444970341589302,-0.0734544593397144,0.0734544593397144,0.9195816804904436,5546.0,10.0,0.03210741389375365,3426.0,110.0,0.1753241079044278,0.115990447276119,5,1,P,0.1753241079044278,0.115990447276119,0.05933366062830879,2023-02-08,DCE,A,0.12043488959852805,12,5998,22129,0.00033029437773896,0.0027500561250947777,0.00033029437773896,0.0,0.0,120.0,0.14900178129249958,0.11761949317705794,0.008333333333333333,0.025,0.021168306873953737,31.0,95.0,0.026720106880427516,1781.0,0.555787037037037,13.0,24,A,11416.0,2112.0,5.0,0.1753241079044278,99093.0,143643.0,5548.0,5537.0,future_daily_quote,1.059883019218271,0.9962264150943396,0.2311305263897437,-0.3269901336422806,-0.181120436123664,5.542120343839541,0.1385444743935309,1.9662921348314608,143643.0,0.1878292221055331,-0.1426652978883411,0.9700259409720524,-0.0630375653577902,1.0068975669253255,0.3379068371745975,True,A,1.0,True,True,True,True,2.0,1.0,1.0,1.0,0.5,1.0,2.0,1.0,1.0,1.0,0.5,1.0,1.0,1.0,1.0,0.5,1.0,0.9500000000000001,True,True,True,False,True,True,True,False,True,,2023-02-08,l4_diff02_delta04_l3eff015,l4_diff02_delta04_l3eff015,0.0015,boost015,False,0.08
DCE|Y,DCE,Y,2023-02-08,2023-02-07,2023-04-10,DCE.y2305-C-10800,C,10800.0,61,4.0,420,1668,0.2286002007854109,0.0142672043873626,0.0142672043873626,1.2323140118667275,8764.0,10.0,0.009045680687471733,4422.0,40.0,0.2144155086183006,0.2286002007854109,1,1,C,0.2286002007854109,0.2144155086183006,0.014184692167110297,2023-02-08,DCE,Y,0.1825618218881489,18,9401,30893,-0.005186668375207704,-0.027625619614476335,0.005186668375207704,0.0,0.0,120.0,0.22086322489996918,0.13262253729188447,0.0,0.0,0.01885241887230345,21.0,51.0,0.03968434551038267,1937.0,0.7766203703703703,2.0,24,Y,1668.0,420.0,1.0,0.2286002007854109,433914.0,423790.0,8768.0,8772.0,future_daily_quote,1.1995685005393744,0.3504380475594493,-0.4834029619754193,-0.7070248150854942,0.3021077283372364,-0.925971951003018,-0.3092105263157895,-0.9617660446062812,423790.0,0.0064788558454573,-0.0475751698471095,0.72114435384958,-1.0753215491242685,0.983262336312424,-0.0443496618792095,True,Y,1.0,True,True,True,True,2.0,1.0,1.0,1.0,0.5,1.0,1.0,1.0,1.0,1.0,1.0,1.0,1.0,1.0,1.0,0.5,1.0,0.9500000000000001,True,True,True,True,True,False,True,True,True,2023-04-10,2023-02-08,l4_diff02_delta04_l3eff015,l4_diff02_delta04_l3eff015,0.001,base_or_cut,True,0.04
SHFE|AL,SHFE,AL,2023-02-23,2023-02-22,2023-03-27 00:00:00,SHFE.al2304C20000,C,20000.0,32,33.0,2635,2782,0.1731941669209513,0.0782903498957356,0.0782903498957356,1.0767160161507403,18575.0,5.0,0.02801358234295416,5890.0,165.0,,0.1731941669209513,0,1,C,0.1731941669209513,,,2023-02-23,SHFE,AL,0.1418476899411162,75,28653,29459,-0.006287611940110932,-0.04244506110469369,0.006287611940110932,0.0,0.0,727.0,0.21517226023444908,0.19630551645620856,0.001375515818431912,0.001375515818431912,0.022139108858687973,6.0,6.0,0.02384134560745539,1159.0,0.5981481481481481,11.0,24,AL,2782.0,2635.0,1.0,0.1731941669209513,248900.0,472747.0,18655.0,18675.0,future_daily_quote,1.621212121212121,3.404392764857881,0.1096910739270357,1.0805687596808338,0.2001725625539259,0.451225873761085,0.5178571428571428,1.8151709401709404,472747.0,0.3723854838288274,0.1745062818783276,0.7140224075091405,-1.2230983255291843,1.1735674442505382,2.4277496873939555,True,AL,1.0,True,True,True,True,12.0,1.0,1.0,0.6666666666666666,0.6666666666666666,1.0,4.0,1.0,1.0,1.0,1.0,1.0,1.0,1.0,1.0,1.0,1.0,1.0,True,True,True,True,False,False,True,True,True,,2023-02-23,l4_diff02_delta04_l3eff015,l4_diff02_delta04_l3eff015,0.001,base_or_cut,False,0.08
CZCE|MA,CZCE,MA,2023-03-06,2023-03-03,2023-04-06 00:00:00,CZCE.MA305C2850,C,2850.0,31,5.5,8069,5435,0.2124295664112168,0.0775307968509635,0.0775307968509635,1.09404990403071,2605.0,10.0,0.03832752613240418,1435.0,55.0,0.20403988661266653,0.23940824451923048,8,6,C,0.23940824451923048,0.20403988661266653,0.03536835790656395,2023-03-06,CZCE,MA,0.19008995720733612,24,76180,67924,-0.003977226424546537,-0.02049406988917178,0.003977226424546537,0.0,0.0,640.0,0.26876057164049305,0.19930959889411728,0.0171875,0.009375,0.027877606107035515,92.0,248.0,0.05024857219560114,1791.0,0.612037037037037,11.0,24,MA,55803.0,19024.0,6.0,0.2394082445192304,1554153.0,1338419.0,2602.0,2593.0,future_daily_quote,3.1100150476508945,0.9994221171526136,2.499299054545965,-0.0243698833501035,1.0499228565131142,3.98641765704584,-0.3690843365502603,0.0855349500713267,1338419.0,0.028920686439642,0.1551787679361311,1.136887035716245,0.522913614100601,1.186448055073669,1.125408795068411,True,MA,1.0,True,True,True,True,12.0,0.9166666666666666,0.9166666666666666,0.8333333333333334,0.8333333333333334,0.5392156862745098,10.0,1.0,1.0,0.8,0.8,1.0,1.0,1.0,0.8,0.8,1.0,0.93,True,True,True,False,True,True,True,False,True,,2023-03-06,l4_diff02_delta04_l3eff015,l4_diff02_delta04_l3eff015,0.001,base_or_cut,False,0.08
CZCE|TA,CZCE,TA,2023-03-06,2023-03-03,2023-04-06,CZCE.TA305C6600,C,6600.0,31,4.5,15919,6779,0.2316227691200501,0.0303216390573853,0.0303216390573853,1.1375387797311272,5802.0,5.0,0.015274949083503055,1473.0,22.5,0.2536264527865184,0.25757560905347576,11,10,C,0.25757560905347576,0.2536264527865184,0.003949156266957354,2023-03-06,CZCE,TA,0.1908447739118006,22,133902,79613,-0.0033282114155303577,-0.017140445206215268,0.0033282114155303577,0.0,0.0,640.0,0.26461725706425526,0.2173485479190951,0.009375,0.00625,0.02803536185649826,111.0,342.0,0.04844939829296131,2342.5,0.6439814814814814,8.0,24,TA,134324.0,90186.0,10.0,0.2575756090534757,2316645.0,3029134.0,5721.0,5687.0,future_daily_quote,3.997976070004167,1.9727016208412629,3.3837856428687694,1.7449674474861645,0.6740905068733876,3.243105790188584,-0.0082039326089825,1.5331011431620931,3029134.0,0.0498080520077339,0.0070041704550931,1.0485071080394843,0.1194050373404124,1.0031005662349894,0.0095266186330987,True,TA,1.0,True,True,False,False,12.0,1.0,1.0,0.75,0.6666666666666666,1.0,5.0,1.0,1.0,0.8,0.6,1.0,1.0,1.0,0.8,0.6,1.0,0.91,True,True,True,False,False,False,False,False,True,2023-04-06,2023-03-06,l4_diff02_delta04_l3eff015,l4_diff02_delta04_l3eff015,0.00075,base_or_cut,True,0.04
SHFE|AL,SHFE,AL,2023-03-28,2023-03-27,2023-04-24 00:00:00,SHFE.al2305P17000,P,17000.0,27,16.0,648,1852,0.2028214205997542,-0.0379138038418635,0.0379138038418635,0.908119658119658,18720.0,5.0,0.01556420233463035,5140.0,80.0,0.2028214205997542,,1,0,P,0.2028214205997542,,,2023-03-28,SHFE,AL,0.14040969372079282,111,26229,29223,-0.0030880198071358833,-0.021519644677368797,0.0030880198071358833,0.0,0.0,755.0,0.2132726941442521,0.20378212376872684,0.0013245033112582781,0.0013245033112582781,0.02111893237562552,11.0,11.0,0.027950310559006212,1535.0,0.6273148148148148,9.0,24,AL,1852.0,648.0,1.0,0.2028214205997542,292477.0,464836.0,18532.5,18500.0,future_daily_quote,0.8158590308370044,0.7313769751693002,-0.6395275716588781,-0.5153121754147055,-0.1805309734513274,0.6805807622504538,-0.7565740045078888,5.680412371134021,464836.0,-0.0078482347341483,0.2109392909988954,0.9264132476426076,-0.3247127606365008,1.102227997458053,1.0472708390576917,True,AL,1.0,True,True,True,True,12.0,1.0,1.0,0.6666666666666666,0.6666666666666666,1.0,8.0,1.0,1.0,0.5,0.5,1.0,1.0,1.0,0.5,0.5,1.0,0.8250000000000001,True,True,True,True,True,False,True,False,True,,2023-03-28,l4_diff02_delta04_l3eff015,l4_diff02_delta04_l3eff015,0.00075,base_or_cut,False,0.08
SHFE|CU,SHFE,CU,2023-03-28,2023-03-27,2023-04-24 00:00:00,SHFE.cu2305P62000,P,62000.0,27,170.0,744,1519,0.2906663166060085,-0.0680834932482856,0.0680834932482856,0.891701423845822,69530.0,5.0,0.046620046620046623,18232.5,850.0,0.3237977580065742,,6,0,P,0.3237977580065742,,,2023-03-28,SHFE,CU,0.2235894018265921,42,17425,23381,0.007609678434611605,0.035233300214950455,0.007609678434611605,0.0,0.0,756.0,0.19949598022173584,0.17149325252464237,0.003968253968253968,0.003968253968253968,0.020352529368145536,84.0,136.0,0.04070157696161982,1295.5,0.7335648148148147,5.0,24,CU,11886.0,7606.0,6.0,0.3237977580065742,125998.0,439871.0,68890.0,68950.0,future_daily_quote,1.1693064436792917,1.093287336495616,0.2562847423817236,0.0637264473261885,-0.0798172950375474,0.8185434516523868,-0.3485782802329564,12.729241877256316,439871.0,0.0460765381834784,,0.782229451406328,-0.8125522075943971,1.0154040415699055,0.1640567456163796,True,CU,1.0,True,True,True,True,12.0,0.9166666666666666,0.9166666666666666,0.6666666666666666,0.5833333333333334,-0.5891472868217053,12.0,0.9166666666666666,0.9166666666666666,0.6666666666666666,0.5833333333333334,-0.5891472868217053,0.9166666666666666,0.9166666666666666,0.6666666666666666,0.5833333333333334,-0.5891472868217053,0.7497093023255814,True,True,True,True,True,False,True,True,True,,2023-03-28,l4_diff02_delta04_l3eff015,l4_diff02_delta04_l3eff015,0.0015,boost015,False,0.08
CZCE|MA,CZCE,MA,2023-04-07,2023-04-06,2023-05-08 00:00:00,CZCE.MA306C2650,C,2650.0,31,5.5,6024,8629,0.2361338822940443,0.0762633204288388,0.0762633204288388,1.1060100166944908,2396.0,10.0,0.04389465283320032,1253.0,55.0,0.2291277363467263,0.2866423434064254,1,9,C,0.2866423434064254,0.2291277363467263,0.0575146070596991,2023-04-07,CZCE,MA,0.19429969455324553,54,81681,55251,-0.005625662579145679,-0.028138814704831802,0.005625662579145679,0.0,0.0,663.0,0.26752550169610556,0.20482657747038796,0.016591251885369532,0.00904977375565611,0.026816470576147923,91.0,250.0,0.045714285714285714,2037.0,0.6127314814814815,11.0,24,MA,35008.0,14710.0,9.0,0.2866423434064254,930835.0,1058727.0,2414.0,2414.0,future_daily_quote,1.4036325728719778,0.7305323798172427,0.0279559262203109,-0.7247373647913056,-0.6059388331701168,0.6158781444726518,-0.3457569827432841,-0.4094503994540126,1058727.0,-0.1853113544093793,-0.22990471341286,0.6945094185754139,-1.3436539201768405,0.9208852171553228,-0.2374428397027504,True,MA,1.0,True,True,True,True,12.0,0.9166666666666666,0.9166666666666666,0.8333333333333334,0.8333333333333334,0.5392156862745098,11.0,1.0,1.0,0.8181818181818182,0.8181818181818182,1.0,1.0,1.0,0.8181818181818182,0.8181818181818182,1.0,0.9363636363636364,True,True,True,False,True,True,True,False,True,,2023-04-07,l4_diff02_delta04_l3eff015,l4_diff02_delta04_l3eff015,0.001,base_or_cut,False,0.08
CZCE|OI,CZCE,OI,2023-04-07,2023-04-06,2023-06-05 00:00:00,CZCE.OI307C10400,C,10400.0,59,17.5,416,5265,0.2620934643737286,0.047897014547812,0.047897014547812,1.1982947344164074,8679.0,10.0,0.03876398272233913,4514.5,175.0,,0.2620934643737286,0,1,C,0.2620934643737286,,,2023-04-07,CZCE,OI,0.19286505195870945,18,5883,7518,-0.0007963988225352381,-0.004112324984257352,0.0007963988225352381,0.0,0.0,147.0,0.22748597999587422,0.12187573926758281,0.0,0.0,0.017187222373964806,25.0,62.0,0.03048871211941204,1770.5,0.757175925925926,4.0,24,OI,5265.0,416.0,1.0,0.2620934643737286,734333.0,157256.0,8773.0,8715.0,future_daily_quote,0.695049504950495,0.0611854684512428,-0.5249175120418227,-1.0174418935368956,-0.8965598538281695,-0.7115700668346664,-0.9676214196762142,-0.9742542393860626,157256.0,-0.4240424269504896,-0.3652966746447209,2.006845870887695,3.078849325742765,0.6576611992606037,-1.860687725169052,True,OI,1.0,True,True,True,True,2.0,1.0,1.0,1.0,1.0,1.0,1.0,1.0,1.0,1.0,1.0,1.0,1.0,1.0,1.0,1.0,1.0,1.0,True,True,True,True,True,False,True,False,True,,2023-04-07,l4_diff02_delta04_l3eff015,l4_diff02_delta04_l3eff015,0.0015,boost015,False,0.08
CZCE|TA,CZCE,TA,2023-04-07,2023-04-06,2023-05-08 00:00:00,CZCE.TA306P5400,P,5400.0,31,17.5,11663,8091,0.2727756546582928,-0.0783516543568354,0.0783516543568354,0.896414342629482,6024.0,5.0,0.05491057420771886,1593.5,87.5,0.3396071801023721,,10,0,P,0.3396071801023721,,,2023-04-07,CZCE,TA,0.23128720736251945,36,132057,52050,0.0045486437360121035,0.020061182638101242,0.0045486437360121035,0.0,0.0,663.0,0.26295675695805126,0.21823407616653556,0.00904977375565611,0.006033182503770739,0.02788221122944499,110.0,324.0,0.04577913345731381,2416.5,0.6710648148148147,8.0,24,TA,73120.0,61613.0,10.0,0.3396071801023721,2825577.0,3566434.0,5855.0,5877.0,future_daily_quote,1.9330108123826897,1.1205623454095737,0.7718859209478638,0.0567088301869884,-0.2276899352535463,1.2517168108890462,-0.6400037394317233,-0.3550470527891469,3566434.0,0.1760015405526072,0.2053800862049444,1.2438045869189045,0.563109616343978,1.1690562314488993,3.3420172724556645,True,TA,1.0,True,True,True,True,12.0,1.0,1.0,0.6666666666666666,0.5833333333333334,1.0,9.0,1.0,1.0,0.6666666666666666,0.6666666666666666,1.0,1.0,1.0,0.6666666666666666,0.6666666666666666,1.0,0.8833333333333333,True,True,True,False,True,False,True,False,True,,2023-04-07,l4_diff02_delta04_l3eff015,l4_diff02_delta04_l3eff015,0.0015,boost015,False,0.08
CZCE|MA,CZCE,MA,2023-05-09,2023-05-08,2023-06-05 00:00:00,CZCE.MA307C2500,C,2500.0,27,4.5,8147,6739,0.2316697191730031,0.072272691437756,0.072272691437756,1.0984182776801406,2276.0,10.0,0.03746877601998334,1201.0000000000002,45.0,,0.2773454979562592,0,7,C,0.2773454979562592,,,2023-05-09,CZCE,MA,0.2127311633165056,54,122269,61194,0.003989725057412186,0.019113239281508022,0.003989725057412186,0.0,0.0,682.0,0.2661971374482546,0.2113049807566388,0.016129032258064516,0.008797653958944282,0.02660687667364886,92.0,263.0,0.0417915645627268,1896.75,0.584920634920635,12.0,24,MA,25441.0,31980.0,7.0,0.2773454979562592,1141213.0,1518287.0,2287.0,2316.0,future_daily_quote,1.020047311655507,1.6730316505362282,-0.4381092158934727,0.9725951280946048,-0.5120636747219025,-0.6784463908795612,1.0026300958106331,0.0567359481875557,1518287.0,0.2023845160881581,0.1234645002748933,0.8860899745325796,-0.3246648964496429,1.3033088172175926,1.5094493713519133,True,MA,1.0,True,True,True,True,12.0,0.9166666666666666,0.9166666666666666,0.8333333333333334,0.8333333333333334,0.5392156862745098,12.0,1.0,1.0,0.8333333333333334,0.8333333333333334,1.0,1.0,1.0,0.8333333333333334,0.8333333333333334,1.0,0.9416666666666668,True,True,True,False,False,False,True,False,True,,2023-05-09,l4_diff02_delta04_l3eff015,l4_diff02_delta04_l3eff015,0.001,base_or_cut,False,0.08
SHFE|AL,SHFE,AL,2023-05-26,2023-05-25,2023-06-26 00:00:00,SHFE.al2307C19400,C,19400.0,31,21.0,748,1262,0.1507722787252347,0.0619514825318949,0.0619514825318949,1.07093568865581,18115.0,5.0,0.01764705882352941,5950.0,105.0,,0.1507722787252347,0,1,C,0.1507722787252347,,,2023-05-26,SHFE,AL,0.17040060257310086,72,75575,53981,-0.007538652512709548,-0.04236643853023925,0.007538652512709548,0.0,0.0,756.0,0.2129321662618652,0.2124430628159132,0.0013227513227513227,0.0013227513227513227,0.0206664425880354,30.0,35.0,0.022531517048819696,1343.0,0.5965238095238096,9.0,25,AL,1262.0,748.0,1.0,0.1507722787252347,859642.0,592930.0,17692.5,17372.5,future_daily_quote,0.658320292123109,0.8237885462555066,-0.6700965889585033,-0.4515841107326321,-0.8692227979274612,-0.7084103512014788,1.1556195965417868,7.219780219780219,592930.0,,0.2851841736785749,3.238811087375056,6.477809144389617,1.285184173678575,3.043100266777253,True,AL,1.0,True,True,True,True,12.0,1.0,1.0,0.75,0.75,1.0,5.0,1.0,1.0,1.0,1.0,1.0,1.0,1.0,1.0,1.0,1.0,1.0,True,True,True,True,True,False,True,False,True,,2023-05-26,l4_diff02_delta04_l3eff015,l4_diff02_delta04_l3eff015,0.001,base_or_cut,False,0.08
CZCE|CF,CZCE,CF,2023-06-06,2023-06-05,2023-08-03 00:00:00,CZCE.CF309P14600,P,14600.0,58,52.0,386,4719,0.2475642982944221,-0.0683331008119214,0.0683331008119214,0.8677563150074294,16825.0,5.0,0.05821438567030507,4466.25,260.0,0.27738779617924847,,12,0,P,0.27738779617924847,,,2023-06-06,CZCE,CF,0.23910225406366803,18,86612,52580,-0.0020236775375374605,-0.008392616771241304,0.0020236775375374605,0.0,0.0,702.0,0.19778605530592064,0.2477937285988337,0.018518518518518517,0.011396011396011397,0.026889681964563983,63.0,207.0,0.03518164435946463,3171.0,0.5242307692307693,15.0,26,CF,53359.0,6356.0,12.0,0.2773877961792484,1200126.0,641119.0,16860.0,16860.0,future_daily_quote,1.6239766259853303,0.414071661237785,1.8478004742689724,-1.1524014864421863,0.1928330315427089,2.9616155616601083,-0.6931099415769397,-0.585928338762215,641119.0,-0.0047100611190198,0.0119182155664427,2.6545704692345464,2.71200805522558,0.9838440137068076,0.0343926133354897,True,CF,1.0,True,True,True,True,8.0,0.875,0.875,0.75,0.75,-5.895491803278689,4.0,0.75,0.75,0.75,0.75,-12.790983606557377,0.75,0.75,0.75,0.75,-12.790983606557377,0.675,True,True,True,False,True,False,True,False,True,,2023-06-06,l4_diff02_delta04_l3eff015,l4_diff02_delta04_l3eff015,0.001,base_or_cut,False,0.08
CZCE|SR,CZCE,SR,2023-06-06,2023-06-05,2023-08-03 00:00:00,CZCE.SR309P5900,P,5900.0,58,21.0,9704,9806,0.2564265118655033,-0.0658301765902986,0.0658301765902986,0.8618171194858312,6846.0,10.0,0.057803468208092484,3633.0,210.0,0.2963391922557399,,9,0,P,0.2963391922557399,,,2023-06-06,CZCE,SR,0.19578562146994186,12,60199,66689,-0.0021935835623742295,-0.01107986852465728,0.0021935835623742295,0.0,0.0,702.0,0.13630572901159094,0.17924658863111123,0.0,0.005698005698005698,0.015366936653237184,63.0,158.0,0.017064846416382253,9200.0,0.7438553113553115,4.0,26,SR,57266.0,22412.0,9.0,0.2963391922557399,,,,,,0.7629159894487224,0.7592655328951826,-0.5701430558399925,-0.4349528093229445,-0.725271773025148,-0.5480902777777779,-0.6037832581985327,-0.5590098776120578,,,,,,,,True,SR,1.0,True,True,True,True,8.0,1.0,1.0,1.0,1.0,1.0,3.0,1.0,1.0,1.0,1.0,1.0,1.0,1.0,1.0,1.0,1.0,1.0,True,True,True,True,True,False,True,False,True,,2023-06-06,l4_diff02_delta04_l3eff015,l4_diff02_delta04_l3eff015,0.0015,boost015,False,0.08
CZCE|TA,CZCE,TA,2023-06-06,2023-06-05,2023-07-05 00:00:00,CZCE.TA308P5000,P,5000.0,29,12.5,22572,12232,0.2689072881186236,-0.0654854044536751,0.0654854044536751,0.8944543828264758,5590.0,5.0,0.04280821917808219,1460.0,62.5,0.28944698724798923,0.2460199049233712,8,5,P,0.28944698724798923,0.2460199049233712,0.04342708232461803,2023-06-06,CZCE,TA,0.22170126068681814,20,159174,74476,-0.001892230534469852,-0.008462815818717785,0.001892230534469852,0.0,0.0,702.0,0.25907756865559634,0.21708736345075694,0.008547008547008548,0.005698005698005698,0.02776449352061877,122.0,399.0,0.043002018690558426,2861.25,0.6521520146520146,9.0,26,TA,57403.0,111899.0,8.0,0.2894469872479892,2417517.0,3116736.0,5366.0,5402.0,future_daily_quote,1.061112446161525,1.4179687005005386,-0.2644907989586822,0.6053900721558872,1.0816289527125038,-0.3660699495312034,0.2071480198927688,-0.1393311489531896,3116736.0,0.0155827110176434,-0.1349498217296141,1.0435422777335328,-0.1551618568972523,1.022381790418582,0.000987652151332,True,TA,1.0,True,True,True,True,12.0,1.0,1.0,0.6666666666666666,0.6666666666666666,1.0,10.0,1.0,1.0,0.7,0.7,1.0,1.0,1.0,0.7,0.7,1.0,0.895,True,True,True,False,False,True,True,False,True,,2023-06-06,l4_diff02_delta04_l3eff015,l4_diff02_delta04_l3eff015,0.0015,boost015,False,0.08
SHFE|AG,SHFE,AG,2023-06-27,2023-06-26,2023-07-25 00:00:00,SHFE.ag2308C6100,C,6100.0,28,10.5,1435,1287,0.258170831761758,0.0635836258788754,0.0635836258788754,1.1180351906158357,5456.0,15.0,0.018701243187404265,8421.900000000001,157.5,0.2546434455152481,0.2904918545718261,2,7,C,0.2904918545718261,0.2546434455152481,0.03584840905657799,2023-06-27,SHFE,AG,0.22072684041068885,34,24273,23150,-0.006478023435176505,-0.028511816716965902,0.006478023435176505,0.0,0.0,141.0,0.23392478422593177,0.09003176364715292,0.0070921985815602835,0.0070921985815602835,0.01809180127078414,58.0,163.0,0.02322616236213849,1558.5,0.5961538461538461,12.0,26,AG,22586.0,15064.0,7.0,0.2904918545718261,632595.0,950867.0,5512.0,5497.0,future_daily_quote,1.6777596196701827,2.291799787007455,1.110891406199721,0.9904919439560133,-0.0465616953016168,0.6367852742952387,-0.338863287250384,12.644927536231885,950867.0,0.022912793899962,,0.6577698244928134,-1.2375148198192647,0.9342008567161832,-0.680805089336662,True,AG,1.0,True,True,True,True,4.0,1.0,1.0,0.75,0.5,1.0,3.0,1.0,1.0,0.6666666666666666,0.3333333333333333,1.0,1.0,1.0,0.6666666666666666,0.3333333333333333,1.0,0.85,True,True,True,False,False,True,True,False,True,,2023-06-27,l4_diff02_delta04_l3eff015,l4_diff02_delta04_l3eff015,0.001,base_or_cut,False,0.08
SHFE|CU,SHFE,CU,2023-06-27,2023-06-26,2023-07-25 00:00:00,SHFE.cu2308P62000,P,62000.0,28,112.0,2202,1672,0.2139770978582032,-0.0627750283380578,0.0627750283380578,0.9148590821897596,67770.0,5.0,0.027972027972027972,20020.0,560.0,0.274001246124911,0.1486700996261064,7,1,P,0.274001246124911,0.1486700996261064,0.1253311464988046,2023-06-27,SHFE,CU,0.14845391291427812,40,26646,25648,-0.003614852321828871,-0.023771169024857482,0.003614852321828871,0.0,0.0,756.0,0.19949598022173584,0.17524736754333844,0.003968253968253968,0.003968253968253968,0.020352529368145536,99.0,193.0,0.040771580799984955,1458.0,0.7099358974358975,7.0,26,CU,17376.0,11920.0,7.0,0.274001246124911,164790.0,497528.0,67310.0,67185.0,future_daily_quote,1.4400795624067628,1.3250333481547354,0.3402974793760988,0.2045668658004068,-0.4878113485630067,0.0444818465977399,-0.4898570572626893,13.716049382716047,497528.0,0.0872196060006773,,1.024450288144128,-0.0965134259340817,1.1482245639300073,3.319360530101258,True,CU,1.0,True,True,True,True,12.0,1.0,1.0,0.75,0.6666666666666666,1.0,12.0,0.9166666666666666,0.9166666666666666,0.6666666666666666,0.5833333333333334,-0.5891472868217053,0.9166666666666666,0.9166666666666666,0.6666666666666666,0.5833333333333334,-0.5891472868217053,0.7497093023255814,True,True,True,True,False,True,True,False,True,,2023-06-27,l4_diff02_delta04_l3eff015,l4_diff02_delta04_l3eff015,0.0015,boost015,False,0.08
CZCE|MA,CZCE,MA,2023-07-06,2023-07-05,2023-08-03 00:00:00,CZCE.MA309C2425,C,2425.0,28,5.5,4613,4405,0.2914377068942259,0.0733085806805901,0.0733085806805901,1.127906976744186,2150.0,10.0,0.048672566371681415,1130.0,55.0,0.2484568418568515,0.3390463577329083,5,9,C,0.3390463577329083,0.2484568418568515,0.09058951587605682,2023-07-06,CZCE,MA,0.2345384699962292,36,127111,113527,-0.010085556483624941,-0.04122880580765655,0.010085556483624941,0.0,0.0,722.0,0.26522567274539466,0.20791423058955025,0.01662049861495845,0.008310249307479225,0.02660687667364886,109.0,322.0,0.04405286343612335,1998.0,0.6025,14.0,28,MA,59457.0,19483.0,9.0,0.3390463577329083,1172835.0,1691993.0,2157.0,2141.0,future_daily_quote,1.2586422235864434,0.7873827998706757,0.5638761716356558,-0.5372744477728018,0.0138460226788301,0.9014679075122324,-0.739869420671055,-0.3789685069488716,1691993.0,-0.0689487055747202,0.0572953996836849,0.8824525248238797,-0.4330508942648994,1.2892632576738912,0.939966330626164,True,MA,1.0,True,True,True,False,12.0,1.0,1.0,0.9166666666666666,0.9166666666666666,1.0,12.0,1.0,1.0,0.9166666666666666,0.9166666666666666,1.0,1.0,1.0,0.9166666666666666,0.9166666666666666,1.0,0.9708333333333333,True,True,True,False,True,True,True,False,True,,2023-07-06,l4_diff02_delta04_l3eff015,l4_diff02_delta04_l3eff015,0.0015,boost015,False,0.08
CZCE|RM,CZCE,RM,2023-07-06,2023-07-05,2023-08-03 00:00:00,CZCE.RM309P3250,P,3250.0,28,9.0,3760,2932,0.2908564751753946,-0.0673904394440767,0.0673904394440767,0.8894362342638205,3654.0,10.0,0.046948356807511735,1917.0000000000002,90.0,0.350473729884221,,13,0,P,0.350473729884221,,,2023-07-06,CZCE,RM,0.28563845145627886,14,59624,27308,0.0338166788217692,0.13428814541326503,0.0338166788217692,0.0,0.0,722.0,0.23207655998805665,0.20432049358856938,0.00554016620498615,0.002770083102493075,0.026456152060204352,66.0,160.0,0.043209086038500426,2294.0,0.6892857142857142,8.0,28,RM,53534.0,25535.0,13.0,0.350473729884221,990007.0,555386.0,3618.0,3561.0,future_daily_quote,2.627306635257165,2.22236727589208,2.0188133897616933,0.8781947459562516,1.804442348996804,0.212218649517685,0.0992251399052948,-0.4772987799885367,555386.0,0.1718635928209413,0.2131656032450923,1.7095407239076716,2.3993494238606536,1.2746689311698147,1.502031842576712,True,RM,1.0,True,True,True,True,7.0,1.0,1.0,0.8571428571428571,0.7142857142857143,1.0,5.0,1.0,1.0,0.8,0.8,1.0,1.0,1.0,0.8,0.8,1.0,0.93,True,True,True,False,False,False,True,False,True,,2023-07-06,l4_diff02_delta04_l3eff015,l4_diff02_delta04_l3eff015,0.0015,boost015,False,0.08
CZCE|TA,CZCE,TA,2023-07-06,2023-07-05,2023-08-03 00:00:00,CZCE.TA309C6300,C,6300.0,28,13.0,22397,11432,0.2723932512248405,0.0711093153326774,0.0711093153326774,1.120199146514936,5624.0,5.0,0.04418762746430999,1471.0,65.0,0.2481155171905675,0.28634658647671635,10,4,C,0.28634658647671635,0.2481155171905675,0.03823106928614883,2023-07-06,CZCE,TA,0.2018242050286603,24,175085,112374,-0.004858630334589525,-0.0235076624822297,0.004858630334589525,0.0,0.0,722.0,0.25809100979066435,0.21645427771650058,0.008310249307479225,0.00554016620498615,0.02771946433050737,127.0,453.0,0.04287038262941878,3244.0,0.6552380952380952,9.0,28,TA,130747.0,97293.0,4.0,0.2863465864767163,2251826.0,3154233.0,5485.0,5462.0,future_daily_quote,1.617275246153085,1.104146806482364,1.2204065236848325,0.2128923289756283,0.8868716897810747,0.6042379848100023,-0.1126463828390061,0.1651995832285415,3154233.0,-0.0351307004604968,0.0388978220328879,0.9376103661418224,-0.4318453202538779,1.0281196350803448,0.1404828471009698,False,TA,1.0,True,True,False,False,12.0,1.0,1.0,0.75,0.75,1.0,7.0,1.0,1.0,0.7142857142857143,0.5714285714285714,1.0,1.0,1.0,0.7142857142857143,0.5714285714285714,1.0,0.8857142857142858,True,True,False,False,True,False,False,False,True,,2023-07-06,l4_diff02_delta04_l3eff015,l4_diff02_delta04_l3eff015,0.0015,boost015,False,0.08
DCE|Y,DCE,Y,2023-07-10,2023-07-07,2023-08-07,DCE.y2309-C-10000,C,10000.0,28,5.0,3231,6846,0.339897618664532,0.0184212978704246,0.0184212978704246,1.2224938875305624,8180.0,10.0,0.012077294685990338,4140.0,50.0,0.2933427617935842,0.3029594172703646,11,3,C,0.3029594172703646,0.2933427617935842,0.009616655476780367,2023-07-10,DCE,Y,0.23891297766856445,16,28438,22886,0.013839903003360687,0.06149070929051618,0.013839903003360687,0.0,0.0,222.0,0.20921694919894868,0.14425584975972233,0.0,0.0,0.02182701125007097,50.0,145.0,0.03633797285763762,2013.5,0.7614285714285713,2.0,28,Y,8871.0,3753.0,3.0,0.3029594172703646,1003661.0,537884.0,8028.0,8000.0,future_daily_quote,1.1513303049967554,0.6157506152584086,-0.2709151711734854,-0.5839333255293702,-0.606433007985803,0.2957931638913234,-0.6558774986246103,-0.4908424908424909,537884.0,-0.0335995400522831,-0.066476682049404,1.5294674314554964,1.577541920060224,1.0949760702238671,0.48702370778225,True,Y,1.0,True,True,True,True,5.0,1.0,1.0,0.8,0.6,1.0,2.0,1.0,1.0,1.0,1.0,1.0,1.0,1.0,0.8,0.6,1.0,0.91,True,True,True,True,True,False,True,True,True,2023-08-07,2023-07-10,l4_diff02_delta04_l3eff015,l4_diff02_delta04_l3eff015,0.001,base_or_cut,True,0.04
SHFE|CU,SHFE,CU,2023-07-26,2023-07-25,2023-08-25,SHFE.cu2309P63000,P,63000.0,30,36.0,1044,1856,0.1697014288040118,-0.0275106237368605,0.0275106237368605,0.9119861030689056,69080.0,5.0,0.009221311475409836,19520.0,180.0,0.17915052689015593,0.1679008338684782,6,3,P,0.17915052689015593,0.1679008338684782,0.01124969302167772,2023-07-26,SHFE,CU,0.12568729465456752,28,28982,26760,-0.002564944035898048,-0.01999921453292128,0.002564944035898048,0.0,0.0,756.0,0.19948023334892404,0.183488771393735,0.003968253968253968,0.003968253968253968,0.020307555302841715,108.0,227.0,0.03978660407626257,1443.25,0.7535714285714284,6.0,28,CU,12009.0,6400.0,6.0,0.1791505268901559,166843.0,466727.0,68730.0,68690.0,future_daily_quote,0.8639568345323742,0.6358036956089808,-0.5227895641240843,-0.6370922642913303,-0.315180200729927,-0.6293404117411031,-0.3376798095829453,-0.7300375416543636,466727.0,-0.0253576127132624,0.0419385588727085,1.0124582802354511,-0.0827931190091311,1.0638428329815508,0.7994394982384314,True,CU,1.0,True,True,True,True,12.0,1.0,1.0,0.75,0.6666666666666666,1.0,12.0,1.0,1.0,0.75,0.6666666666666666,1.0,1.0,1.0,0.75,0.6666666666666666,1.0,0.9041666666666667,True,True,True,True,True,False,True,True,True,2023-08-25,2023-07-26,l4_diff02_delta04_l3eff015,l4_diff02_delta04_l3eff015,0.001,base_or_cut,True,0.04
SHFE|ZN,SHFE,ZN,2023-07-26,2023-07-25,2023-08-25 00:00:00,SHFE.zn2309C22400,C,22400.0,30,40.0,3297,1760,0.1966979824180455,0.0778778209191347,0.0778778209191347,1.0850084766287236,20645.0,5.0,0.032599837000814993,6135.0,200.0,,0.1966979824180455,0,1,C,0.1966979824180455,,,2023-07-26,SHFE,ZN,0.15615566150666355,40,50756,17015,-0.005752332923598891,-0.03552840577045475,0.005752332923598891,0.0,0.0,756.0,0.22007943990049372,0.19058224088050094,0.007936507936507936,0.003968253968253968,0.022869864763541442,15.0,17.0,0.02682634730538922,1166.0,0.5565476190476191,14.0,28,ZN,1760.0,3297.0,1.0,0.1966979824180455,214417.0,129115.0,20665.0,20560.0,future_daily_quote,1.2725958062183658,2.189243027888446,-0.233121486245854,1.0482623036552,-0.3259287629260819,-0.5432130807163249,0.8045977011494252,-0.0468343451864701,129115.0,0.2076189941730502,,1.6397500802985576,0.9220465568163164,1.2308564946114575,1.318074153023963,True,ZN,1.0,True,True,True,False,12.0,1.0,1.0,0.9166666666666666,0.8333333333333334,1.0,8.0,1.0,1.0,1.0,1.0,1.0,1.0,1.0,1.0,1.0,1.0,1.0,True,True,True,False,False,False,True,False,True,,2023-07-26,l4_diff02_delta04_l3eff015,l4_diff02_delta04_l3eff015,0.001,base_or_cut,False,0.08
CZCE|MA,CZCE,MA,2023-08-04,2023-08-03,2023-09-05 00:00:00,CZCE.MA310P2125,P,2125.0,32,5.5,11477,3091,0.2351207150136403,-0.0734178492537341,0.0734178492537341,0.906183368869936,2345.0,10.0,0.04230769230769231,1300.0,55.0,0.2523518299633064,,5,0,P,0.2523518299633064,,,2023-08-04,CZCE,MA,0.22301389047500553,38,198004,76903,0.005338710906058808,0.024526043422271843,0.005338710906058808,0.0,0.0,743.0,0.26450826655715787,0.20687303753036526,0.016150740242261104,0.008075370121130552,0.026452039172932686,109.0,311.0,0.04169001260680768,2106.0,0.6522619047619047,11.0,28,MA,13618.0,19609.0,5.0,0.2523518299633064,1239441.0,683883.0,2345.0,2353.0,future_daily_quote,0.8261845537826852,1.1882082045688662,-0.4391383129125037,-0.1833791192626216,-0.8270378743617751,2.297336561743341,-0.6769894740310014,1.7552339468877336,683883.0,-0.5375344203584587,-0.6084406918044182,0.9225092553034712,-0.3520458558174197,0.4724975282907932,-2.3634891853058084,False,MA,1.0,True,True,True,True,12.0,1.0,1.0,0.9166666666666666,0.8333333333333334,1.0,4.0,0.75,0.75,0.75,0.75,-0.38235294117647056,0.75,0.75,0.75,0.75,-0.38235294117647056,0.7058823529411765,True,True,False,False,True,False,False,False,True,,2023-08-04,l4_diff02_delta04_l3eff015,l4_diff02_delta04_l3eff015,0.001,base_or_cut,False,0.08
CZCE|TA,CZCE,TA,2023-08-04,2023-08-03,2023-09-05,CZCE.TA310C6600,C,6600.0,32,6.0,22697,19392,0.2401430547391604,0.0373376149313961,0.0373376149313961,1.137931034482759,5800.0,5.0,0.02027027027027027,1480.0,30.0,0.2359492198444805,0.2372771907995322,7,3,C,0.2372771907995322,0.2359492198444805,0.0013279709550516883,2023-08-04,CZCE,TA,0.19475663327800968,22,101127,58305,-0.0013639494168999622,-0.006954646973600715,0.0013639494168999622,0.0,0.0,743.0,0.2561719576571452,0.2185545835098858,0.008075370121130552,0.005383580080753701,0.027084215726753763,128.0,419.0,0.041661589228767074,3337.5,0.7102380952380951,8.0,28,TA,65600.0,89024.0,3.0,0.2372771907995322,1960330.0,3178496.0,5759.0,5765.0,future_daily_quote,0.6963758731237129,0.9150093017997184,-0.6283286893208685,-0.3608802959503291,-0.5121624736932127,0.156660495459755,-0.6372452742542103,-0.2227218356281596,3178496.0,-0.1267923307078005,-0.0002921911980939,0.8108857145575398,-0.9183746199026273,0.9988912717188808,-0.2105511735692894,True,TA,1.0,True,True,True,True,12.0,1.0,1.0,0.6666666666666666,0.6666666666666666,1.0,8.0,1.0,1.0,0.625,0.5,1.0,1.0,1.0,0.625,0.5,1.0,0.8562500000000001,True,True,True,False,True,False,True,False,True,2023-09-05,2023-08-04,l4_diff02_delta04_l3eff015,l4_diff02_delta04_l3eff015,0.00075,base_or_cut,True,0.04
DCE|C,DCE,C,2023-08-08,2023-08-07,2023-10-13,DCE.c2311-P-2440,P,2440.0,66,2.0,201,2078,0.1436125286216767,-0.0302519814306987,0.0302519814306987,0.8934456243134383,2731.0,10.0,0.014435221941537351,1385.5,20.0,0.1620484712711815,0.1615960610525435,13,3,P,0.1620484712711815,0.1615960610525435,0.00045241021863798303,2023-08-08,DCE,C,0.12392618994760281,28,87715,43285,0.0005533439127807793,0.00448513534837802,0.0005533439127807793,0.0,0.0,743.0,0.129162973109592,0.1584066668047823,0.004037685060565276,0.02288021534320323,0.018353340860368737,60.0,317.0,0.017528416749738245,5210.5,0.651904761904762,12.0,28,C,33300.0,9448.0,13.0,0.1620484712711815,315605.0,450036.0,2793.0,2779.0,future_daily_quote,1.4667665066290798,0.5900574569073195,-0.431023852251491,-0.4809911951792832,-0.8200826647216144,-0.6604119926575567,-0.6698465946814831,-0.6316138339766835,450036.0,-0.4205084953097134,-0.4810584177699059,0.7497036627052092,-1.1050818900792403,0.539911245691553,-3.690580397012028,True,C,1.0,True,True,False,False,9.0,1.0,1.0,0.6666666666666666,0.6666666666666666,1.0,4.0,1.0,1.0,0.75,0.75,1.0,1.0,1.0,0.75,0.75,1.0,0.9125,True,True,True,True,True,False,True,True,True,2023-10-13,2023-08-08,l4_diff02_delta04_l3eff015,l4_diff02_delta04_l3eff015,0.001,base_or_cut,True,0.04
SHFE|AG,SHFE,AG,2023-08-26,2023-08-25,2023-09-22,SHFE.ag2310C6600,C,6600.0,27,6.0,253,5052,0.2457382793644367,0.0390444876580408,0.0390444876580408,1.1274342330030749,5854.0,15.0,0.010532968190436065,8544.6,90.0,0.2312941233206963,0.24215629043083725,5,2,C,0.24215629043083725,0.2312941233206963,0.010862167110140958,2023-08-26,SHFE,AG,0.2038681649762518,36,2201,26445,0.002668014868911023,0.013260501383759556,0.002668014868911023,0.0,0.0,193.0,0.22419904504846735,0.0963519460009481,0.0051813471502590676,0.0051813471502590676,0.015932459359804505,86.0,251.0,0.02183378132088122,1648.25,0.7008333333333333,9.0,28,AG,14120.0,426.0,2.0,0.2421562904308372,,,,,,0.7669328119059258,0.0446494078188869,-0.5362171888207388,-1.375401906038753,-0.5285003506194277,-0.5539972835528602,-0.9681685720690428,-0.9680084109342144,,,,,,,,True,AG,1.0,True,True,True,True,6.0,1.0,1.0,0.8333333333333334,0.6666666666666666,1.0,5.0,1.0,1.0,0.8,0.6,1.0,1.0,1.0,0.8,0.6,1.0,0.91,True,True,True,False,True,False,True,False,True,2023-09-22,2023-08-26,l4_diff02_delta04_l3eff015,l4_diff02_delta04_l3eff015,0.00075,base_or_cut,True,0.04
SHFE|AL,SHFE,AL,2023-08-26,2023-08-25,2023-09-22 00:00:00,SHFE.al2310P17800,P,17800.0,27,14.0,69,1803,0.1021809848856881,-0.0619660100119731,0.0619660100119731,0.9585352719439956,18570.0,5.0,0.009421265141318977,7430.0,70.0,0.1123741329309312,,2,0,P,0.1123741329309312,,,2023-08-26,SHFE,AL,0.1055338189148542,109,1856,56498,0.006872401701141367,0.06965642593857024,0.006872401701141367,0.0,0.0,756.0,0.2093410904246331,0.24821454866431417,0.0013227513227513227,0.0013227513227513227,0.020306642110774493,67.0,127.0,0.020535714285714286,1410.0,0.6948809523809524,10.0,28,AL,3163.0,99.0,2.0,0.1123741329309312,,,,,,0.5623111111111111,0.0475276044167066,-0.7411614296757111,-0.8163158453800959,-0.7236106256553653,-0.4376888888888889,-0.982521186440678,-0.9435253850541928,,,,,,,,True,AL,1.0,True,True,True,True,12.0,1.0,1.0,0.75,0.75,1.0,12.0,1.0,1.0,0.5833333333333334,0.5833333333333334,1.0,1.0,1.0,0.5833333333333334,0.5833333333333334,1.0,0.8541666666666667,True,True,True,True,True,False,True,False,True,,2023-08-26,l4_diff02_delta04_l3eff015,l4_diff02_delta04_l3eff015,0.00075,base_or_cut,False,0.08
SHFE|CU,SHFE,CU,2023-08-26,2023-08-25,2023-09-22 00:00:00,SHFE.cu2310P65000,P,65000.0,27,96.0,75,1834,0.1471178923567582,-0.0763807773885685,0.0763807773885685,0.945179584120983,68770.0,5.0,0.018867924528301886,25440.0,480.0,0.1833210832934628,0.1627116057529451,5,3,P,0.1833210832934628,0.1627116057529451,0.0206094775405177,2023-08-26,SHFE,CU,0.12311838201898115,40,1004,21948,0.0062826976542568885,0.05377379084496379,0.0062826976542568885,0.0,0.0,756.0,0.19881219347976023,0.19726089019402682,0.003968253968253968,0.003968253968253968,0.02004513732334963,116.0,251.0,0.0376066895092978,1457.5,0.7522619047619047,6.0,28,CU,9123.0,324.0,5.0,0.1833210832934628,,,,,,0.5879737045630317,0.0274832470947493,-0.978117690977532,-1.5236658574514066,-0.465177629264861,-0.4797559306569343,-0.9801324503311258,-0.9664700403601366,,,,,,,,True,CU,1.0,True,True,True,True,12.0,1.0,1.0,0.75,0.6666666666666666,1.0,12.0,1.0,1.0,0.75,0.6666666666666666,1.0,1.0,1.0,0.75,0.6666666666666666,1.0,0.9041666666666667,True,True,True,True,True,True,True,True,True,,2023-08-26,l4_diff02_delta04_l3eff015,l4_diff02_delta04_l3eff015,0.001,base_or_cut,False,0.08
SHFE|ZN,SHFE,ZN,2023-08-26,2023-08-25,2023-09-22 00:00:00,SHFE.zn2310C23000,C,23000.0,27,9.0,107,1395,0.1958046446654012,0.0223787782427686,0.0223787782427686,1.1143410852713178,20640.0,5.0,0.008645533141210375,5205.0,45.0,0.1750836430392933,0.1958046446654012,2,1,C,0.1958046446654012,0.1750836430392933,0.020721001626107904,2023-08-26,SHFE,ZN,0.1527194236571859,60,2588,16408,0.006286709061220613,0.04293240809314228,0.006286709061220613,0.0,0.0,756.0,0.21980916047378318,0.19810451935928536,0.007936507936507936,0.003968253968253968,0.022869864763541442,20.0,23.0,0.026715925946272593,1195.0,0.5640476190476189,15.0,28,ZN,1395.0,107.0,1.0,0.1958046446654012,,,,,,0.7926136363636364,0.0683269476372924,-0.5018450481813955,-0.6957759894621849,-0.7589841050449205,-0.297583081570997,-0.988894654903996,-0.9612739775606224,,,,,,,,True,ZN,1.0,True,True,False,False,12.0,1.0,1.0,0.9166666666666666,0.75,1.0,9.0,1.0,1.0,1.0,0.8888888888888888,1.0,1.0,1.0,1.0,0.8888888888888888,1.0,0.9888888888888889,True,True,True,False,True,True,True,False,True,,2023-08-26,l4_diff02_delta04_l3eff015,l4_diff02_delta04_l3eff015,0.001,base_or_cut,False,0.08
CZCE|PK,CZCE,PK,2023-09-06,2023-09-05,2023-10-11,CZCE.PK311C11600,C,11600.0,35,9.5,1107,2199,0.2113960208685399,0.0362661855119453,0.0362661855119453,1.1270890011659542,10292.0,5.0,0.01812631177256249,2620.5,47.5,0.21776792722796307,0.2289676569340696,6,7,C,0.2289676569340696,0.21776792722796307,0.011199729706106526,2023-09-06,CZCE,PK,0.1644013685796405,25,14178,21794,-0.008611337961325238,-0.049772864279689515,0.008611337961325238,0.0,0.0,182.0,0.19321254187706013,0.15976748202904734,0.0,0.0,0.01664012897754613,35.0,155.0,0.03316138540899042,1838.0,0.7741666666666668,4.0,28,PK,22875.0,14612.0,7.0,0.2289676569340696,,,,,,1.1068905448562858,1.4571200638213004,0.2966251159821687,0.6359715145992373,-0.2931524627649713,0.0544390153959619,0.0694576593720266,0.1985891231236158,,,,,,,,False,PK,1.0,True,True,True,True,3.0,1.0,1.0,0.6666666666666666,0.6666666666666666,1.0,3.0,1.0,1.0,0.6666666666666666,0.6666666666666666,1.0,1.0,1.0,0.6666666666666666,0.6666666666666666,1.0,0.8833333333333333,True,True,False,True,False,False,False,True,True,2023-10-11,2023-09-06,l4_diff02_delta04_l3eff015,l4_diff02_delta04_l3eff015,0.001,base_or_cut,True,0.04
SHFE|AL,SHFE,AL,2023-09-23,2023-09-22,2023-10-25 00:00:00,SHFE.al2311C21000,C,21000.0,32,36.0,42,1500,0.1802520532917339,0.0784305253223635,0.0784305253223635,1.0799691437387504,19445.0,5.0,0.029925187032418952,6015.0,180.0,0.14139808958785755,0.1802520532917339,4,1,C,0.1802520532917339,0.14139808958785755,0.038853963703876365,2023-09-23,SHFE,AL,0.14053011884479624,71,1337,42447,3.0758939735142654e-05,0.0002189258353627179,3.0758939735142654e-05,0.0,0.0,756.0,0.2076769372995847,0.26073629457469405,0.0013227513227513227,0.0026455026455026454,0.02054204891989301,77.0,145.0,0.020815986677768527,1351.0,0.6865706605222734,10.0,28,AL,1500.0,42.0,1.0,0.1802520532917339,,,,,,0.9174311926605504,0.0247495580436063,-0.6247618594432975,-0.8707175167555015,-0.599786552828175,-0.8658198407728777,-0.9959032383925088,-0.99380073800738,,,,,,,,True,AL,1.0,True,True,True,True,12.0,1.0,1.0,0.75,0.75,1.0,6.0,1.0,1.0,1.0,1.0,1.0,1.0,1.0,1.0,1.0,1.0,1.0,True,True,True,True,True,True,True,True,True,,2023-09-23,l4_diff02_delta04_l3eff015,l4_diff02_delta04_l3eff015,0.0015,boost015,False,0.08
SHFE|CU,SHFE,CU,2023-09-23,2023-09-22,2023-10-25 00:00:00,SHFE.cu2311P63000,P,63000.0,32,130.0,384,1080,0.1800306180420068,-0.0779648230175758,0.0779648230175758,0.9285187914517318,67850.0,5.0,0.028953229398663696,22450.0,650.0,0.20745985053130395,0.1654564594382717,4,2,P,0.20745985053130395,0.1654564594382717,0.04200339109303225,2023-09-23,SHFE,CU,0.1312011705657823,28,1719,36339,0.004051061435056014,0.03186046368934701,0.004051061435056014,0.0,0.0,756.0,0.1984881473738365,0.20972382130096023,0.003968253968253968,0.003968253968253968,0.02004513732334963,118.0,267.0,0.03449007152015679,1443.25,0.7217511520737327,6.0,28,CU,6943.0,1433.0,4.0,0.2074598505313039,,,,,,0.4474735756638309,0.117161311421797,-1.3738378883588016,-1.475440507221198,-0.5525840958886454,-0.5269791524730889,-0.8430620961559523,-0.9147074578894112,,,,,,,,True,CU,1.0,True,True,True,False,12.0,1.0,1.0,0.8333333333333334,0.75,1.0,12.0,1.0,1.0,0.8333333333333334,0.75,1.0,1.0,1.0,0.8333333333333334,0.75,1.0,0.9333333333333335,True,True,True,True,True,True,True,True,True,,2023-09-23,l4_diff02_delta04_l3eff015,l4_diff02_delta04_l3eff015,0.0015,boost015,False,0.08
SHFE|ZN,SHFE,ZN,2023-09-23,2023-09-22,2023-10-25 00:00:00,SHFE.zn2311P20000,P,20000.0,32,41.0,202,1850,0.199932656311768,-0.0701569740119372,0.0701569740119372,0.9180628873077806,21785.0,5.0,0.03089675960813866,6635.0,205.0,0.199932656311768,,1,0,P,0.199932656311768,,,2023-09-23,SHFE,ZN,0.1746151126603765,44,1019,15263,0.0017003896113826356,0.009833689008083164,0.0017003896113826356,0.0,0.0,756.0,0.21913783640506743,0.20513439297676195,0.007936507936507936,0.003968253968253968,0.022869864763541442,21.0,24.0,0.02682634730538922,1224.0,0.555552995391705,14.0,28,ZN,1850.0,202.0,1.0,0.199932656311768,,,,,,0.7252058016464131,0.0983925962006819,-0.5302819378880703,-0.8262491101775545,-0.7196120036374659,0.3754646840148699,-0.9671437865972674,-0.8196428571428571,,,,,,,,True,ZN,1.0,True,True,True,True,12.0,1.0,1.0,0.8333333333333334,0.6666666666666666,1.0,4.0,1.0,1.0,0.75,0.5,1.0,1.0,1.0,0.75,0.5,1.0,0.8875000000000001,True,True,True,False,True,False,True,False,True,,2023-09-23,l4_diff02_delta04_l3eff015,l4_diff02_delta04_l3eff015,0.001,base_or_cut,False,0.08
CZCE|OI,CZCE,OI,2023-10-12,2023-10-11,2023-12-13 00:00:00,CZCE.OI401C10400,C,10400.0,62,23.0,537,1000,0.2534882897307366,0.0603615486143452,0.0603615486143452,1.182221211776742,8797.0,10.0,0.04969212487847035,4628.5,230.0,,0.2690038252518162,0,2,C,0.2690038252518162,,,2023-10-12,CZCE,OI,0.19786079656328848,18,12745,17381,-0.0017508843754936165,-0.00877145248844724,0.0017508843754936165,0.0,0.0,270.0,0.2207458471853916,0.11053129966294757,0.0,0.0,0.018289731541424655,53.0,144.0,0.034344029045235994,1770.5,0.7752604166666666,3.0,28,OI,5522.0,3372.0,2.0,0.2690038252518162,742529.0,298309.0,8772.0,8663.0,future_daily_quote,0.7030812324929971,0.4531648971912377,-0.7260742607078036,-0.7750418937655668,-0.814909164041027,-0.5394111268662941,-0.8768084173608066,-0.6732558139534883,298309.0,-0.0652371462234588,0.1157744729873277,1.1395018001123345,0.2797671342753358,1.094719961247422,0.7436112446317299,True,OI,1.0,True,True,True,True,5.0,0.8,0.8,0.8,0.8,-1.3022222222222222,4.0,0.75,0.75,0.75,0.75,-1.8777777777777778,0.75,0.75,0.75,0.75,-1.8777777777777778,0.675,True,True,True,True,True,False,True,False,True,,2023-10-12,l4_diff02_delta04_l3eff015,l4_diff02_delta04_l3eff015,0.001,base_or_cut,False,0.08
CZCE|RM,CZCE,RM,2023-10-12,2023-10-11,2023-12-13 00:00:00,CZCE.RM401C3400,C,3400.0,62,10.0,1593,2085,0.2758831273156382,0.0721619654355922,0.0721619654355922,1.187980433263452,2862.0,10.0,0.06531678641410843,1531.0,100.0,0.26954734702804006,0.2934074643624047,2,6,C,0.2934074643624047,0.26954734702804006,0.02386011733436466,2023-10-12,CZCE,RM,0.24630489199488675,12,17474,18572,0.0010173292530450961,0.004147496276098625,0.0010173292530450961,0.0,0.0,756.0,0.23707403656553944,0.18781000490827737,0.005291005291005291,0.0026455026455026454,0.027171945190425095,68.0,194.0,0.04147203820856424,2801.5,0.7048809523809524,7.0,28,RM,14985.0,4058.0,6.0,0.2934074643624047,659444.0,549031.0,2888.0,2879.0,future_daily_quote,1.413679245283019,0.318374391966107,-0.040506047442304,-1.0463979168887718,-0.5934507175995007,0.8529739087424262,-0.7797557666214383,-0.6959616393196972,549031.0,0.0808994780869356,0.0437256430241621,0.7879349094962882,-0.8673030223504392,1.0767636156818137,0.7499484281512607,True,RM,1.0,True,True,True,True,9.0,1.0,1.0,0.8888888888888888,0.7777777777777778,1.0,2.0,1.0,1.0,1.0,0.5,1.0,1.0,1.0,0.8888888888888888,0.7777777777777778,1.0,0.9500000000000001,True,True,True,False,True,True,True,False,True,,2023-10-12,l4_diff02_delta04_l3eff015,l4_diff02_delta04_l3eff015,0.0015,boost015,False,0.08
CZCE|SR,CZCE,SR,2023-10-12,2023-10-11,2023-12-13 00:00:00,CZCE.SR401P6200,P,6200.0,62,15.0,4902,12231,0.1518030390405465,-0.0767818722917799,0.0767818722917799,0.9164818920916482,6765.0,10.0,0.03667481662591687,4090.0,150.0,0.1960243694325666,0.15691805526006603,9,6,P,0.1960243694325666,0.15691805526006603,0.03910631417250057,2023-10-12,CZCE,SR,0.1297117194300274,14,43325,75419,-0.00341336154140659,-0.02564025889410749,0.00341336154140659,0.0,0.0,756.0,0.1376687884613349,0.17754073053615876,0.0,0.005291005291005291,0.014139876056734592,63.0,146.0,0.017064846416382253,9371.0,0.7521502976190476,5.0,28,SR,113174.0,37381.0,9.0,0.1960243694325666,,,,,,1.1901276631543525,1.3768324125230202,0.0981993486221203,0.4625642575896496,0.2230928013314457,0.2686245936554197,0.3768324125230202,0.3654162252986084,,,,,,,,False,SR,1.0,True,True,True,True,10.0,1.0,1.0,1.0,1.0,1.0,5.0,1.0,1.0,1.0,1.0,1.0,1.0,1.0,1.0,1.0,1.0,1.0,True,True,False,True,False,False,False,True,True,,2023-10-12,l4_diff02_delta04_l3eff015,l4_diff02_delta04_l3eff015,0.0015,boost015,False,0.08
CZCE|TA,CZCE,TA,2023-10-12,2023-10-11,2023-11-03,CZCE.TA312C6500,C,6500.0,22,3.5,11673,8224,0.2437910144651839,0.0270348380033836,0.0270348380033836,1.1241784849533034,5782.0,5.0,0.011961722488038277,1463.0,17.5,0.2571402874509404,0.2643190888261857,5,8,C,0.2643190888261857,0.2571402874509404,0.007178801375245292,2023-10-12,CZCE,TA,0.20214917708914998,24,228089,102835,-0.0045406212620288655,-0.021968289186261952,0.0045406212620288655,0.0,0.0,756.0,0.2559312153208384,0.21422276378787736,0.007936507936507936,0.005291005291005291,0.026877922896748382,126.0,391.0,0.039083612526510214,4320.75,0.690565476190476,8.0,28,TA,50208.0,65901.0,8.0,0.2643190888261857,1653282.0,2360847.0,5752.0,5734.0,future_daily_quote,0.6001075718639813,0.5888749888303101,-0.8261846291097487,-0.9515058570616144,-0.1061579818767691,-0.3704720707165695,-0.445790934320074,-0.4111250111696899,2360847.0,-0.0922999672037989,-0.2421688920503789,0.7851814561610558,-1.2595888398407713,0.7588483400683748,-2.396627168836486,True,TA,1.0,True,True,True,True,12.0,1.0,1.0,0.6666666666666666,0.6666666666666666,1.0,9.0,1.0,1.0,0.6666666666666666,0.5555555555555556,1.0,1.0,1.0,0.6666666666666666,0.5555555555555556,1.0,0.8722222222222222,True,True,True,False,True,False,True,False,True,2023-11-03,2023-10-12,l4_diff02_delta04_l3eff015,l4_diff02_delta04_l3eff015,0.00075,base_or_cut,True,0.04
DCE|C,DCE,C,2023-10-16,2023-10-13,2023-12-07,DCE.c2401-C-2800,C,2800.0,52,2.0,1084,5487,0.1546916857591297,0.035100753219766,0.035100753219766,1.1133200795228628,2515.0,10.0,0.015655577299412915,1277.5,20.0,0.1399568209520691,0.1578022547657893,7,9,C,0.1578022547657893,0.1399568209520691,0.017845433813720196,2023-10-16,DCE,C,0.10850957094075053,26,48218,122513,-0.0018370635911106326,-0.01664811617412948,0.0018370635911106326,0.0,0.0,756.0,0.12672078583657775,0.1555345942094452,0.0026455026455026454,0.018518518518518517,0.016632800733313392,61.0,346.0,0.017335314512134718,5255.5,0.6421651785714286,11.0,28,C,36060.0,12375.0,9.0,0.1578022547657893,424554.0,764147.0,2527.0,2531.0,future_daily_quote,1.4135078985535652,1.7598122866894197,-0.0547358589587656,0.5119291950603136,-0.6386302825017287,0.3371403144467517,-0.4472979008485931,1.4089935760171306,764147.0,0.9816833287950104,0.1708032708769682,1.0194401356199183,-0.1290189692267786,1.1081885762516206,0.554171983606763,True,C,1.0,True,True,True,True,10.0,1.0,1.0,0.6,0.6,1.0,5.0,1.0,1.0,0.6,0.6,1.0,1.0,1.0,0.6,0.6,1.0,0.86,True,True,True,True,False,False,False,True,True,2023-12-07,2023-10-16,l4_diff02_delta04_l3eff015,l4_diff02_delta04_l3eff015,0.00075,base_or_cut,True,0.04
SHFE|AG,SHFE,AG,2023-10-26,2023-10-25,2023-11-24,SHFE.ag2312C6600,C,6600.0,29,4.5,1817,3527,0.2343405937780923,0.0308037214656494,0.0308037214656494,1.1338258031266106,5821.0,15.0,0.008236327696024599,8195.4,67.5,0.2200974212191824,0.2281229223486696,7,4,C,0.2281229223486696,0.2200974212191824,0.00802550112948719,2023-10-26,SHFE,AG,0.1914775264282479,24,31672,30132,-0.0027993620359791638,-0.014409135631666353,0.0027993620359791638,0.0,0.0,237.0,0.2161924037675157,0.09362035930787316,0.004219409282700422,0.004219409282700422,0.015178429375365725,101.0,300.0,0.02137033140452393,1762.5,0.6347471501333979,9.0,28,AG,43336.0,10857.0,4.0,0.2281229223486696,1007666.0,931232.0,5881.5,5859.5,future_daily_quote,2.265934640522876,1.1205490762720611,2.23354632250536,0.0699759384810029,19.081556997219646,-0.0519361190111572,12.656603773584903,-0.2016324729759541,931232.0,0.0888202163768741,-0.0984584672965236,1.1973395517400152,0.5616844127715167,1.013186089842103,0.1446339608445295,True,AG,1.0,True,True,True,True,8.0,1.0,1.0,0.875,0.75,1.0,7.0,1.0,1.0,0.8571428571428571,0.7142857142857143,1.0,1.0,1.0,0.8571428571428571,0.7142857142857143,1.0,0.9357142857142857,True,True,True,True,True,False,True,True,True,2023-11-24,2023-10-26,l4_diff02_delta04_l3eff015,l4_diff02_delta04_l3eff015,0.00075,base_or_cut,True,0.04
SHFE|CU,SHFE,CU,2023-10-26,2023-10-25,2023-11-24 00:00:00,SHFE.cu2312P62000,P,62000.0,29,78.0,2251,2148,0.1616962278726441,-0.0588845774463408,0.0588845774463408,0.9321906480228536,66510.0,5.0,0.01743406347787215,22370.0,390.0,0.18159744687682494,0.1312762824861326,4,2,P,0.18159744687682494,0.1312762824861326,0.05032116439069234,2023-10-26,SHFE,CU,0.10485123358478635,24,32176,26019,-0.007280357279651359,-0.06492690617805467,0.007280357279651359,0.0,0.0,756.0,0.19652923229571648,0.21506771448152373,0.0026455026455026454,0.0026455026455026454,0.018354994878583733,122.0,281.0,0.030033144300995122,1456.5,0.6514219015280135,7.0,28,CU,7282.0,6479.0,4.0,0.1815974468768249,117207.0,377160.0,66415.0,66470.0,future_daily_quote,0.4728571428571428,0.5495801170582747,-1.1787120060780123,-0.7810588881645453,-0.1583448913546,-0.2017976542803902,-0.3953900709219858,18.996913580246915,377160.0,0.0340743340315627,,0.7231161235393556,-1.293778600834327,0.8258067906384041,-1.8150498008273728,True,CU,1.0,True,True,True,True,12.0,1.0,1.0,0.8333333333333334,0.6666666666666666,1.0,12.0,1.0,1.0,0.8333333333333334,0.6666666666666666,1.0,1.0,1.0,0.8333333333333334,0.6666666666666666,1.0,0.925,True,True,True,True,True,True,True,True,True,,2023-10-26,l4_diff02_delta04_l3eff015,l4_diff02_delta04_l3eff015,0.0015,boost015,False,0.08
CZCE|MA,CZCE,MA,2023-11-06,2023-11-03,2023-12-13 00:00:00,CZCE.MA401C2800,C,2800.0,37,4.5,21564,22285,0.2374157398492642,0.0577356713342513,0.0577356713342513,1.1294876966518757,2479.0,10.0,0.03503308680420397,1284.5,45.0,0.2276811747203605,0.2509261319513425,13,5,C,0.2509261319513425,0.2276811747203605,0.023244957230981994,2023-11-06,CZCE,MA,0.20314182242884168,28,146768,80219,0.0033442516927486843,0.016738199971239952,0.0033442516927486843,0.0,0.0,756.0,0.26415460033612,0.20364783950412327,0.015873015873015872,0.007936507936507936,0.02589247147606906,106.0,346.0,0.03788012665569812,2440.0,0.5918585526315789,13.0,29,MA,55006.0,29423.0,5.0,0.2509261319513425,978803.0,1077434.0,2479.0,2466.0,future_daily_quote,1.4805663221360896,0.8486098292570374,0.4506000391240984,-0.4983170748182257,3.470942046655288,0.2331524906963189,0.7962759462759463,-0.3859590541978838,1077434.0,-0.1780821708808905,-0.1088405946940717,0.7368950823621525,-1.2987221866579313,0.8164883922718713,-0.7175186755509658,True,MA,1.0,True,True,True,True,12.0,1.0,1.0,0.9166666666666666,0.8333333333333334,1.0,12.0,1.0,1.0,0.9166666666666666,0.8333333333333334,1.0,1.0,1.0,0.9166666666666666,0.8333333333333334,1.0,0.9625,True,True,True,False,True,True,True,False,True,,2023-11-06,l4_diff02_delta04_l3eff015,l4_diff02_delta04_l3eff015,0.0015,boost015,False,0.08
CZCE|PK,CZCE,PK,2023-11-06,2023-11-03,2023-12-13 00:00:00,CZCE.PK401C10200,C,10200.0,37,12.5,2364,1423,0.1944956208446211,0.0531263816405471,0.0531263816405471,1.107251411202779,9212.0,5.0,0.02642147537518495,2365.5,62.5,0.16419051101927826,0.2181566500367716,4,5,C,0.2181566500367716,0.16419051101927826,0.053966139017493336,2023-11-06,CZCE,PK,0.1493014483321241,18,33250,20469,-0.00441702531866206,-0.028734511953953882,0.00441702531866206,0.0,0.0,219.0,0.18730637549861956,0.17379518421442758,0.0,0.0,0.016815973252322692,44.0,182.0,0.031728871357885664,1881.0,0.7329769736842106,4.0,29,PK,8710.0,4923.0,5.0,0.2181566500367716,,,,,,0.3593382565287347,0.4350477200424178,-1.5533295923209038,-1.1253417813839246,0.7599515053546171,-0.6540768100401129,-0.3980926763663039,-0.488625740105952,,,,,,,,True,PK,1.0,True,True,True,True,5.0,1.0,1.0,0.8,0.8,1.0,5.0,1.0,1.0,0.8,0.8,1.0,1.0,1.0,0.8,0.8,1.0,0.93,True,True,True,True,True,True,True,True,True,,2023-11-06,l4_diff02_delta04_l3eff015,l4_diff02_delta04_l3eff015,0.0015,boost015,False,0.08
CZCE|TA,CZCE,TA,2023-11-06,2023-11-03,2023-12-13,CZCE.TA401C6700,C,6700.0,37,4.5,19519,11856,0.2095891965236886,0.0301824913478248,0.0301824913478248,1.1359782977280437,5898.0,5.0,0.015030060120240479,1497.0000000000002,22.5,0.2157929391545095,0.2204910088561344,9,7,C,0.2204910088561344,0.2157929391545095,0.004698069701624896,2023-11-06,CZCE,TA,0.18205761561095857,22,143982,89444,-0.002558371072586302,-0.013857798116756125,0.002558371072586302,0.0,0.0,756.0,0.2559312153208384,0.2104640586476902,0.007936507936507936,0.005291005291005291,0.026877922896748382,124.0,399.0,0.03854632149064944,4963.0,0.6355263157894737,9.0,29,TA,90637.0,96786.0,7.0,0.2204910088561344,1729731.0,2427655.0,5860.0,5878.0,future_daily_quote,1.0833323372975556,0.8827295611250958,0.1741135515574585,-0.2253500755767988,0.3235543224299064,0.2003310819758972,0.0200347789429309,-0.2698867708184033,2427655.0,-0.0255778024941206,-0.1090775440221544,0.8452563968494887,-0.7748195421525198,0.7803224719808993,-1.65907614982782,True,TA,1.0,True,True,True,True,12.0,1.0,1.0,0.75,0.75,1.0,10.0,1.0,1.0,0.7,0.6,1.0,1.0,1.0,0.7,0.6,1.0,0.8850000000000001,True,True,True,False,True,False,True,False,True,2023-12-13,2023-11-06,l4_diff02_delta04_l3eff015,l4_diff02_delta04_l3eff015,0.00075,base_or_cut,True,0.04
DCE|Y,DCE,Y,2023-11-08,2023-11-07,2023-12-07 00:00:00,DCE.y2401-C-8900,C,8900.0,29,15.5,7536,10893,0.1967404676819658,0.077235748711086,0.077235748711086,1.0837798343886995,8212.0,10.0,0.03145930586563832,4927.0,155.0,0.1791757323963598,0.22494490094802844,8,8,C,0.22494490094802844,0.1791757323963598,0.045769168551668626,2023-11-08,DCE,Y,0.15982890959249246,16,44462,121448,0.0038395102783453927,0.02461391796639336,0.0038395102783453927,0.0,0.0,303.0,0.2080287286701965,0.14162471168564447,0.0,0.0,0.021274586619413602,68.0,225.0,0.03333533302647111,2065.5,0.7612664473684211,2.0,29,Y,44936.0,24742.0,8.0,0.2249449009480284,977668.0,593588.0,8240.0,8212.0,future_daily_quote,5.05637447957691,3.581644470179502,4.438718260289188,3.4958874807873315,1.3799586886287805,13.71863740583033,1.8733015909882709,14.850096092248558,593588.0,0.0916159405631056,-0.00673845201342,1.119151079466105,0.589626773459434,1.0482383024412296,0.3322861164272209,True,Y,1.0,True,True,False,False,7.0,1.0,1.0,0.8571428571428571,0.5714285714285714,1.0,3.0,1.0,1.0,1.0,1.0,1.0,1.0,1.0,1.0,1.0,1.0,1.0,True,True,True,True,False,True,True,True,True,,2023-11-08,l4_diff02_delta04_l3eff015,l4_diff02_delta04_l3eff015,0.0015,boost015,False,0.08
SHFE|AL,SHFE,AL,2023-11-25,2023-11-24,2023-12-25 00:00:00,SHFE.al2401C19500,C,19500.0,30,18.0,73,1536,0.0962116929938971,0.0779974458109732,0.0779974458109732,1.0402774073086156,18745.0,5.0,0.011881188118811881,7575.0,90.0,,0.10432879260944916,0,4,C,0.10432879260944916,,,2023-11-25,SHFE,AL,0.09608441476104244,109,2485,47358,0.0039295539635402915,0.04264076717749002,0.0039295539635402915,0.0,0.0,756.0,0.19448595343002434,0.2901460486984899,0.0013227513227513227,0.0026455026455026454,0.019701213013333142,99.0,188.0,0.018281535648994516,1328.0,0.6290669856459329,12.0,33,AL,5643.0,188.0,4.0,0.1043287926094491,,,,,,2.318405916187346,0.0730948678071539,0.534015296293021,-1.0253632656816685,-0.0904255319148936,1.864467005076142,-0.9687292082501664,-0.93026706231454,,,,,,,,True,AL,1.0,True,True,False,False,12.0,1.0,1.0,0.8333333333333334,0.8333333333333334,1.0,8.0,1.0,1.0,1.0,1.0,1.0,1.0,1.0,1.0,1.0,1.0,1.0,True,True,True,True,True,False,True,False,True,,2023-11-25,l4_diff02_delta04_l3eff015,l4_diff02_delta04_l3eff015,0.001,base_or_cut,False,0.08
SHFE|CU,SHFE,CU,2023-11-25,2023-11-24,2023-12-25 00:00:00,SHFE.cu2401P64000,P,64000.0,30,92.0,99,2772,0.1467323045459338,-0.0712506928644892,0.0712506928644892,0.9410380826349066,68010.0,5.0,0.018821603927986905,24440.0,460.0,0.1921491517137015,0.13346447476288914,6,2,P,0.1921491517137015,0.13346447476288914,0.058684676950812364,2023-11-25,SHFE,CU,0.10654873661822709,42,2024,30731,0.004793685937304226,0.04711005404867782,0.004793685937304226,0.0,0.0,756.0,0.1927418593726797,0.23270731818906196,0.0026455026455026454,0.0026455026455026454,0.01829155269724865,128.0,320.0,0.027271644726606002,1495.0,0.659828548644338,9.0,33,CU,13261.0,373.0,6.0,0.1921491517137015,,,,,,0.9279266671331609,0.0348077640910787,-0.1966216080810432,-1.804603193099432,-0.053123884327026,1.4176845943482226,-0.9358555460017196,-0.9437490574573972,,,,,,,,True,CU,1.0,True,True,True,True,12.0,1.0,1.0,0.8333333333333334,0.75,1.0,12.0,1.0,1.0,0.8333333333333334,0.75,1.0,1.0,1.0,0.8333333333333334,0.75,1.0,0.9333333333333335,True,True,True,True,True,True,True,True,True,,2023-11-25,l4_diff02_delta04_l3eff015,l4_diff02_delta04_l3eff015,0.0015,boost015,False,0.08
SHFE|RB,SHFE,RB,2023-11-27,2023-11-24,2023-12-25 00:00:00,SHFE.rb2401P3650,P,3650.0,28,7.5,6710,14162,0.1947041625003455,-0.076838394902523,0.076838394902523,0.9273373983739838,3936.0,10.0,0.02905850445563735,2581.0,75.0,0.2591481577533388,0.2334624970165732,13,7,P,0.2591481577533388,0.2334624970165732,0.02568566073676562,2023-11-27,SHFE,RB,0.1625358604279314,46,163834,190312,-0.0035542554445502916,-0.021399560268108474,0.0035542554445502916,0.0,0.0,222.0,0.18621297438310264,0.12412899905316895,0.0,0.0,0.012399741540549403,93.0,412.0,0.030660181360447777,2458.0,0.8030901116427431,1.0,33,RB,96938.0,25735.0,13.0,0.2591481577533388,2452087.0,3430406.0,3983.5,3961.0,future_daily_quote,4.824946493454781,2.0374475496793605,2.644150535771812,0.9735141344628282,3.478126299256248,3.539783636959678,1.9834222119174587,1.294285459570295,3430406.0,0.1343923931292396,-0.0829767702468398,1.1891437741172546,0.7204089555537064,1.138220710378017,0.9061794700183172,True,RB,1.0,True,True,True,True,7.0,1.0,1.0,1.0,1.0,1.0,2.0,1.0,1.0,1.0,1.0,1.0,1.0,1.0,1.0,1.0,1.0,1.0,True,True,True,True,False,True,True,True,True,,2023-11-27,l4_diff02_delta04_l3eff015,l4_diff02_delta04_l3eff015,0.0015,boost015,False,0.08
CZCE|SR,CZCE,SR,2023-12-14,2023-12-13,2024-02-06 00:00:00,CZCE.SR403C6900,C,6900.0,54,9.5,2231,2798,0.1525421004661132,0.0609309286557659,0.0609309286557659,1.0968049594659035,6291.0,10.0,0.028434600419036216,3341.0,95.0,,0.1923816921236461,0,11,C,0.1923816921236461,,,2023-12-14,CZCE,SR,0.14688231969356264,14,25076,31231,-0.00344763456183389,-0.02293378308342116,0.00344763456183389,0.0,0.0,756.0,0.1336215878128939,0.1804242953394547,0.0,0.006613756613756613,0.013954673298272637,63.0,151.0,0.017543859649122806,10977.0,0.7317337461300311,6.0,34,SR,34172.0,9955.0,11.0,0.1923816921236461,,,,,,0.6326625071741988,0.3998313117519479,-0.829765216991421,-1.4091364281724548,-0.6434511326050438,-0.495228810304588,-0.7900586275254122,-0.5790875650078221,,,,,,,,True,SR,1.0,True,True,True,True,11.0,1.0,1.0,1.0,1.0,1.0,5.0,1.0,1.0,1.0,1.0,1.0,1.0,1.0,1.0,1.0,1.0,1.0,True,True,True,True,True,False,True,False,True,,2023-12-14,l4_diff02_delta04_l3eff015,l4_diff02_delta04_l3eff015,0.0015,boost015,False,0.08
CZCE|TA,CZCE,TA,2023-12-14,2023-12-13,2024-01-11 00:00:00,CZCE.TA402C6100,C,6100.0,28,9.5,14524,7725,0.1959247840726673,0.0715542308882182,0.0715542308882182,1.0842516885886953,5626.0,5.0,0.028349746344374812,1675.5,47.5,0.19896942739485865,0.22487282479391613,2,6,C,0.22487282479391613,0.19896942739485865,0.025903397399057476,2023-12-14,CZCE,TA,0.18312531785115416,24,266846,86583,-0.008720858465786574,-0.045457556846893954,0.008720858465786574,0.0,0.0,756.0,0.2559312153208384,0.21634249880675327,0.007936507936507936,0.005291005291005291,0.02510406845888613,124.0,423.0,0.037003189771553285,5209.0,0.694001547987616,8.0,34,TA,72406.0,63117.0,6.0,0.2248728247939161,1694342.0,2705202.0,5558.0,5591.0,future_daily_quote,0.8209297052154195,0.5569507438716623,-0.4506394163423,-0.9800292297139986,-0.6672931207984303,-0.1765401630861263,-0.5715885642919201,-0.2259666678930134,2705202.0,0.0412256061558973,0.0428464150349876,0.8889773839224112,-0.6636368851659453,0.9729255575112516,-0.3924298814716807,True,TA,1.0,True,True,True,False,12.0,1.0,1.0,0.75,0.75,1.0,11.0,1.0,1.0,0.7272727272727273,0.6363636363636364,1.0,1.0,1.0,0.7272727272727273,0.6363636363636364,1.0,0.8954545454545455,True,True,True,False,True,True,True,False,True,,2023-12-14,l4_diff02_delta04_l3eff015,l4_diff02_delta04_l3eff015,0.0015,boost015,False,0.08
SHFE|AG,SHFE,AG,2023-12-26,2023-12-25,2024-01-25 00:00:00,SHFE.ag2402C6800,C,6800.0,30,12.5,1884,3035,0.2554129435142334,0.0660160838726259,0.0660160838726259,1.1195258478761936,6074.0,15.0,0.020117809894743616,9320.1,187.5,0.2281012520967606,0.26031395869567564,7,2,C,0.26031395869567564,0.2281012520967606,0.032212706598915036,2023-12-26,SHFE,AG,0.1856774295050953,36,25773,37808,-0.002280125959266688,-0.012131068387399914,0.002280125959266688,0.0,0.0,289.0,0.21111873796575004,0.10497654350827727,0.0034602076124567475,0.006920415224913495,0.015016971276496375,108.0,330.0,0.02065154915485035,2090.5,0.6477554179566563,12.0,34,AG,13442.0,6851.0,2.0,0.2603139586956756,346727.0,924341.0,6127.0,6105.0,future_daily_quote,0.7355001094331364,0.7180589036788596,-0.5956065917095977,-0.3844991855338396,0.8042953020134229,-0.6618109542858581,1.181152499204075,-0.6489726904749705,924341.0,0.0336829486223204,-0.0160880510508752,0.3987352325927731,-2.647776605638624,0.992783494082014,-0.0879962490246705,True,AG,1.0,True,True,True,True,10.0,1.0,1.0,0.8,0.7,1.0,9.0,1.0,1.0,0.7777777777777778,0.6666666666666666,1.0,1.0,1.0,0.7777777777777778,0.6666666666666666,1.0,0.9111111111111111,True,True,True,True,True,True,True,True,True,,2023-12-26,l4_diff02_delta04_l3eff015,l4_diff02_delta04_l3eff015,0.001,base_or_cut,False,0.08
SHFE|AL,SHFE,AL,2023-12-26,2023-12-25,2024-01-25 00:00:00,SHFE.al2402C21000,C,21000.0,30,20.0,3803,1929,0.1816136553150124,0.0488728982161591,0.0488728982161591,1.0914760914760917,19240.0,5.0,0.018796992481203006,5320.0,100.0,0.1360616633972254,0.1816136553150124,3,1,C,0.1816136553150124,0.1360616633972254,0.045551991917787,2023-12-26,SHFE,AL,0.11819631677828596,110,74983,46235,0.003180355474128857,0.027651427141651055,0.003180355474128857,0.0,0.0,756.0,0.187129668310081,0.30655305158398877,0.0013227513227513227,0.0026455026455026454,0.01917402107814699,106.0,196.0,0.018021132779115843,1338.5,0.6461300309597522,13.0,34,AL,1929.0,3803.0,1.0,0.1816136553150124,205957.0,488091.0,19142.5,19095.0,future_daily_quote,0.3892251815980629,0.9502748625687156,-0.9238022388804328,-0.2292798342582473,-0.8502794163303322,-0.6743204457200742,-0.2221313151973818,4.003947368421053,488091.0,0.1970378835999597,,0.6741548392165078,-1.017407342835984,0.9986189710413572,-0.0166602675512404,True,AL,1.0,True,True,False,False,12.0,1.0,1.0,0.75,0.75,1.0,9.0,1.0,1.0,0.8888888888888888,0.8888888888888888,1.0,1.0,1.0,0.8888888888888888,0.8888888888888888,1.0,0.9611111111111111,True,True,True,True,True,True,True,True,True,,2023-12-26,l4_diff02_delta04_l3eff015,l4_diff02_delta04_l3eff015,0.001,base_or_cut,False,0.08
SHFE|CU,SHFE,CU,2023-12-26,2023-12-25,2024-01-25 00:00:00,SHFE.cu2402P65000,P,65000.0,30,74.0,1595,1832,0.1385177260060815,-0.0614463199303844,0.0614463199303844,0.941346850108617,69050.0,5.0,0.014937424303593056,24770.0,370.0,0.17903772258118855,0.1414573930137056,6,3,P,0.17903772258118855,0.1414573930137056,0.037580329567482945,2023-12-26,SHFE,CU,0.11142161588127232,41,23558,27145,0.0009025259823121357,0.008166245154002367,0.0009025259823121357,0.0,0.0,756.0,0.18822343550967044,0.24674812673828017,0.0026455026455026454,0.0026455026455026454,0.01784071939880076,131.0,334.0,0.025857385105204873,1531.0,0.6698529411764705,10.0,34,CU,12991.0,6198.0,6.0,0.1790377225811885,100975.0,407575.0,69090.0,69050.0,future_daily_quote,0.9405589342600638,0.676489849377865,-0.1524226934524261,-0.659713737226502,0.1715213274416087,-0.0552687077303468,-0.5007652033830045,24.29795918367347,407575.0,0.0305466075338689,,0.6972111553784861,-1.4286066854660815,1.0205525243698153,-0.1119658346683411,True,CU,1.0,True,True,True,True,12.0,1.0,1.0,0.8333333333333334,0.75,1.0,12.0,1.0,1.0,0.8333333333333334,0.75,1.0,1.0,1.0,0.8333333333333334,0.75,1.0,0.9333333333333335,True,True,True,True,True,True,True,True,True,,2023-12-26,l4_diff02_delta04_l3eff015,l4_diff02_delta04_l3eff015,0.001,base_or_cut,False,0.08
SHFE|CU,SHFE,CU,2024-01-26,2024-01-25,2024-02-23,SHFE.cu2403C75000,C,75000.0,28,44.0,504,1827,0.1611687794943429,0.0363740766520864,0.0363740766520864,1.084441873915558,69160.0,5.0,0.01089108910891089,20200.0,220.0,0.1473763335419851,0.1611687794943429,5,3,C,0.1611687794943429,0.1473763335419851,0.013792445952357818,2024-01-26,SHFE,CU,0.09853018047386365,41,18362,22907,-0.003845786137550447,-0.03756532187039368,0.003845786137550447,0.0,0.0,756.0,0.18547611440312484,0.26178940894103736,0.0026455026455026454,0.0026455026455026454,0.01784071939880076,138.0,358.0,0.024622099260358535,1528.0,0.6424845201238389,12.0,34,CU,4897.0,1993.0,3.0,0.1611687794943429,118825.0,376054.0,68570.0,68720.0,future_daily_quote,0.8881030105186797,0.4479658350191054,-0.4393647813680842,-0.7890543828558239,0.1560434372049102,-0.1644770516976624,45.34883720930232,-0.8292787390782936,376054.0,,-0.1052255887769524,0.8783471624193817,-0.6558343932207915,0.9715676421424124,-0.8079718744882587,True,CU,1.0,True,True,True,True,12.0,1.0,1.0,0.9166666666666666,0.8333333333333334,1.0,2.0,1.0,1.0,1.0,1.0,1.0,1.0,1.0,0.9166666666666666,0.8333333333333334,1.0,0.9625,True,True,True,True,True,False,True,True,True,2024-02-23,2024-01-26,l4_diff02_delta04_l3eff015,l4_diff02_delta04_l3eff015,0.001,base_or_cut,True,0.04
SHFE|RB,SHFE,RB,2024-01-26,2024-01-25,2024-02-23 00:00:00,SHFE.rb2403P3750,P,3750.0,28,5.0,1870,10329,0.1368970912882821,-0.0735057574844001,0.0735057574844001,0.9472088911341248,3959.0,10.0,0.016869095816464234,2964.0000000000005,50.0,0.2234631249785686,0.1556598983406189,11,4,P,0.2234631249785686,0.1556598983406189,0.06780322663794969,2024-01-26,SHFE,RB,0.12504605376250444,46,52231,182009,-0.0023259342868922617,-0.018260956137312004,0.0023259342868922617,0.0,0.0,265.0,0.18325077167195955,0.16211191891929846,0.0,0.0,0.012397943233879934,103.0,454.0,0.029245905358758352,3264.0,0.8153560371517027,1.0,34,RB,57267.0,11521.0,11.0,0.2234631249785686,976262.0,2129363.0,3951.0,3948.0,future_daily_quote,2.040440390508088,0.7430506288294099,0.4860737615508927,-0.5992262892217863,-0.250029466074726,-0.3400822779704767,-0.0095426409903713,-0.3029404646660213,2129363.0,-0.1050945857575854,-0.2959114606668754,0.5229595854300563,-1.8145737306545235,0.6877920760738258,-2.2470964032740874,True,RB,1.0,True,True,False,False,9.0,1.0,1.0,1.0,0.8888888888888888,1.0,3.0,1.0,1.0,1.0,1.0,1.0,1.0,1.0,1.0,1.0,1.0,1.0,True,True,True,True,True,True,True,False,True,,2024-01-26,l4_diff02_delta04_l3eff015,l4_diff02_delta04_l3eff015,0.0015,boost015,False,0.08
CZCE|OI,CZCE,OI,2024-02-07,2024-02-06,2024-04-11 00:00:00,CZCE.OI405C8800,C,8800.0,64,22.5,400,1958,0.2377862526279562,0.0701403966877763,0.0701403966877763,1.1637133033588998,7562.0,10.0,0.05616575137294059,4006.0,225.0,,0.24574827378988767,0,2,C,0.24574827378988767,,,2024-02-07,CZCE,OI,0.1904751326739235,16,6763,11272,0.006670315688334344,0.03629021152833724,0.006670315688334344,0.0,0.0,353.0,0.2109889813675411,0.12054546526566415,0.0,0.0,0.017696221609217543,60.0,198.0,0.03173423534559246,2118.25,0.7577064479638008,3.0,34,OI,8822.0,912.0,2.0,0.2457482737898876,387972.0,302681.0,7610.0,7626.0,future_daily_quote,0.6740525672371638,0.1298035866780529,-0.7299726710252747,-0.8886047169870618,-0.3024432671779868,3.301316431009264,-0.9020828859780976,-0.5500740009866798,302681.0,0.1398739921442802,0.0958642737406907,0.7034289195422305,-0.9808483505030744,1.0202890831990616,0.2195981406996916,True,OI,1.0,True,True,False,False,7.0,0.8571428571428571,0.8571428571428571,0.8571428571428571,0.8571428571428571,-0.6444444444444445,5.0,0.8,0.8,0.8,0.8,-1.3022222222222222,0.8,0.8,0.8,0.8,-1.3022222222222222,0.72,True,True,True,True,True,False,True,True,True,,2024-02-07,l4_diff02_delta04_l3eff015,l4_diff02_delta04_l3eff015,0.001,base_or_cut,False,0.08
CZCE|RM,CZCE,RM,2024-02-07,2024-02-06,2024-04-11 00:00:00,CZCE.RM405C2900,C,2900.0,64,10.0,1095,2979,0.2874640522001206,0.0791763705997934,0.0791763705997934,1.1934156378600822,2430.0,10.0,0.07604562737642585,1315.0,100.0,,0.3085789615354736,0,5,C,0.3085789615354736,,,2024-02-07,CZCE,RM,0.21893106234255222,18,20918,23275,0.007898651888951502,0.03742861995450771,0.007898651888951502,0.0,0.0,756.0,0.23843274132063552,0.16684568644451236,0.003968253968253968,0.0013227513227513227,0.026183148314362692,66.0,223.0,0.03892704266173588,2872.75,0.660725867269985,11.0,34,RM,15504.0,4092.0,5.0,0.3085789615354736,553566.0,627185.0,2437.0,2463.0,future_daily_quote,0.5602168021680217,0.2742995039549537,-0.6876503748689827,-1.1281326635707196,-0.7636477277924295,1.5046849757673666,-0.8950903730290989,-0.7858040201005025,627185.0,1.066984147908908,-0.0704170032385003,0.8493298228817616,-0.5750973383412187,1.142348974830201,0.6946194716743433,True,RM,1.0,True,True,False,False,11.0,0.9090909090909091,0.9090909090909091,0.8181818181818182,0.7272727272727273,0.5080213903743315,3.0,1.0,1.0,1.0,0.6666666666666666,1.0,1.0,1.0,1.0,0.6666666666666666,1.0,0.9666666666666667,True,True,True,False,True,False,True,True,True,,2024-02-07,l4_diff02_delta04_l3eff015,l4_diff02_delta04_l3eff015,0.0015,boost015,False,0.08
CZCE|SR,CZCE,SR,2024-02-07,2024-02-06,2024-04-11 00:00:00,CZCE.SR405P6000,P,6000.0,64,16.5,4998,21744,0.1616118130855489,-0.0795293370583024,0.0795293370583024,0.9113001215066828,6584.0,10.0,0.04309219117262992,3829.000000000001,165.0,0.1869557516575083,0.1531209832408651,6,7,P,0.1869557516575083,0.1531209832408651,0.03383476841664321,2024-02-07,CZCE,SR,0.1185112495067833,14,31428,74086,0.0023662984210457705,0.02037366582813387,0.0023662984210457705,0.0,0.0,756.0,0.1319602693716549,0.182447853446512,0.0,0.006613756613756613,0.013331665135126444,61.0,155.0,0.022326674500587545,11050.0,0.7084766214177979,6.0,34,SR,68896.0,11366.0,6.0,0.1869557516575083,,,,,,0.593066997219568,0.4777838496784228,-0.4622395101334824,-0.9258387277083084,0.6113761811207783,3.138892226360687,-0.1209590100541376,-0.5222161503215772,,,,,,,,True,SR,1.0,True,True,True,False,12.0,1.0,1.0,1.0,1.0,1.0,6.0,1.0,1.0,1.0,1.0,1.0,1.0,1.0,1.0,1.0,1.0,1.0,True,True,True,True,True,True,True,True,True,,2024-02-07,l4_diff02_delta04_l3eff015,l4_diff02_delta04_l3eff015,0.0015,boost015,False,0.08
SHFE|AG,SHFE,AG,2024-02-24,2024-02-23,2024-03-25,SHFE.ag2404P5400,P,5400.0,30,4.5,74,1877,0.1859097314039831,-0.0352018300758695,0.0352018300758695,0.9093971034018188,5938.0,15.0,0.006563785407975728,10283.7,67.5,0.20901448669740486,0.2081880118972431,6,5,P,0.20901448669740486,0.2081880118972431,0.0008264748001617639,2024-02-24,SHFE,AG,0.15037824031589667,24,4408,19226,0.0004648082877989068,0.0031005112851514825,0.0004648082877989068,0.0,0.0,331.0,0.20856981059389085,0.12508162037565151,0.0030211480362537764,0.006042296072507553,0.014964692212148105,103.0,330.0,0.020631542370672804,2344.5,0.6309558823529412,12.0,34,AG,12306.0,539.0,6.0,0.2090144866974048,,,,,,0.947781885397412,0.0946111988766017,-0.1575592059534795,-1.2202736165675847,0.3738975103271185,-0.244010320678216,1.9293478260869563,-0.932013118062563,,,,,,,,True,AG,1.0,True,True,True,True,11.0,1.0,1.0,0.8181818181818182,0.7272727272727273,1.0,1.0,1.0,1.0,1.0,1.0,1.0,1.0,1.0,0.8181818181818182,0.7272727272727273,1.0,0.9272727272727274,True,True,True,True,True,False,True,True,True,2024-03-25,2024-02-24,l4_diff02_delta04_l3eff015,l4_diff02_delta04_l3eff015,0.001,base_or_cut,True,0.04
SHFE|CU,SHFE,CU,2024-02-24,2024-02-23,2024-03-25,SHFE.cu2404P64000,P,64000.0,30,36.0,43,1066,0.1487076427358058,-0.0308863276933338,0.0308863276933338,0.924321201617562,69240.0,5.0,0.008294930875576038,21700.0,180.0,0.1351265035393006,0.1184847873867401,3,1,P,0.1351265035393006,0.1184847873867401,0.016641716152560507,2024-02-24,SHFE,CU,0.0926858474811772,27,780,19399,0.0011665882076866002,0.012746914878325652,0.0011665882076866002,0.0,0.0,756.0,0.18223096837487265,0.2724207568907146,0.0026455026455026454,0.0026455026455026454,0.01784071939880076,138.0,354.0,0.023851867213159482,1538.0,0.6404779411764705,11.0,34,CU,4928.0,108.0,3.0,0.1351265035393006,,,,,,0.376355582709638,0.0189174986862848,-1.7047560219209534,-1.1085412393143568,-0.1218816821097648,-0.6496516422579269,-0.935560859188544,-0.963575042158516,,,,,,,,True,CU,1.0,True,True,True,True,12.0,1.0,1.0,0.9166666666666666,0.8333333333333334,1.0,12.0,1.0,1.0,0.9166666666666666,0.8333333333333334,1.0,1.0,1.0,0.9166666666666666,0.8333333333333334,1.0,0.9625,True,True,True,True,True,False,True,True,True,2024-03-25,2024-02-24,l4_diff02_delta04_l3eff015,l4_diff02_delta04_l3eff015,0.001,base_or_cut,True,0.04
CZCE|TA,CZCE,TA,2024-03-14,2024-03-13,2024-04-11 00:00:00,CZCE.TA405C6500,C,6500.0,28,9.0,33158,26030,0.2065727322850002,0.0623842446597148,0.0623842446597148,1.0935397039030956,5944.0,5.0,0.027658266748617086,1627.0,45.0,0.1894989657516122,0.2359040895932393,7,7,C,0.2359040895932393,0.1894989657516122,0.046405123841627094,2024-03-14,CZCE,TA,0.14205477448118015,30,275400,156831,0.0046689865677845555,0.03398449460236573,0.0046689865677845555,0.0,0.0,756.0,0.25190255215423535,0.2450135882050225,0.007936507936507936,0.005291005291005291,0.024783922101429344,120.0,407.0,0.034441957892339385,5527.25,0.6755592105263158,10.0,38,TA,79402.0,54190.0,7.0,0.2359040895932393,1184525.0,1395149.0,5911.0,5884.0,future_daily_quote,1.359576726824424,0.666535466968426,0.1844641096794016,-0.5328475135427932,3.746652319464372,0.4468821750063778,4.78088329421805,0.016164116411641,1395149.0,0.0264803650495379,-0.4123897137485279,0.8196378169931655,-0.5084635991986027,0.5718276076755252,-1.583760076026856,True,TA,1.0,True,True,True,True,12.0,1.0,1.0,0.8333333333333334,0.75,1.0,12.0,1.0,1.0,0.75,0.5833333333333334,1.0,1.0,1.0,0.75,0.5833333333333334,1.0,0.8958333333333334,True,True,True,False,True,True,True,False,True,,2024-03-14,l4_diff02_delta04_l3eff015,l4_diff02_delta04_l3eff015,0.001,base_or_cut,False,0.08
SHFE|AL,SHFE,AL,2024-03-26,2024-03-25,2024-04-24 00:00:00,SHFE.al2405C21000,C,21000.0,29,23.0,1836,1792,0.1690215005445282,0.0588156228834203,0.0588156228834203,1.078582434514638,19470.0,5.0,0.019087136929460582,6025.0,115.0,0.1140360955176824,0.1690215005445282,2,1,C,0.1690215005445282,0.1140360955176824,0.05498540502684579,2024-03-26,SHFE,AL,0.1082995423888349,103,59799,45281,-0.010512319469262357,-0.08847870326127646,0.010512319469262357,0.0,0.0,756.0,0.17018785754884264,0.3382408252892603,0.0013227513227513227,0.0026455026455026454,0.01938442264969495,110.0,203.0,0.01694091204354982,1354.75,0.6553378378378378,13.0,37,AL,1792.0,1836.0,1.0,0.1690215005445282,355225.0,583795.0,19440.0,19480.0,future_daily_quote,0.3025493837582306,0.5865814696485623,-1.0240068707475785,-0.6043036129312773,-0.4679334916864608,-0.7737373737373737,-0.3569176882661996,-0.3092550790067719,583795.0,0.139990822194667,,1.5741532652961745,1.6794491107979346,1.28593738986396,2.982787310122614,True,AL,1.0,True,True,False,False,12.0,1.0,1.0,0.75,0.75,1.0,12.0,1.0,1.0,0.8333333333333334,0.8333333333333334,1.0,1.0,1.0,0.8333333333333334,0.8333333333333334,1.0,0.9416666666666668,True,True,True,True,True,True,True,True,True,,2024-03-26,l4_diff02_delta04_l3eff015,l4_diff02_delta04_l3eff015,0.001,base_or_cut,False,0.08
SHFE|CU,SHFE,CU,2024-03-26,2024-03-25,2024-04-24 00:00:00,SHFE.cu2405C79000,C,79000.0,29,70.0,1294,1435,0.1860873552070975,0.0457186474195485,0.0457186474195485,1.09403129760421,72210.0,5.0,0.017967145790554414,19480.0,350.0,0.15652753449307735,0.19100512192201557,4,2,C,0.19100512192201557,0.15652753449307735,0.03447758742893822,2024-03-26,SHFE,CU,0.1228431136875545,41,34517,34325,-0.006718693076065221,-0.051857049881399116,0.006718693076065221,0.0,0.0,756.0,0.17828782158538287,0.2837114255987037,0.0026455026455026454,0.005291005291005291,0.01829155269724865,133.0,341.0,0.022445547592486438,1514.5,0.6602871621621622,11.0,37,CU,2903.0,2824.0,2.0,0.1910051219220155,202176.0,530256.0,72090.0,72200.0,future_daily_quote,0.5695507161075142,0.8933881683011705,-1.1919698419554163,-0.3409481992027436,-0.2523821787277878,-0.6534972547147291,-0.013277428371768,28.416666666666668,530256.0,0.31401425884487,,1.6945152205980958,2.8510461168621357,1.36189360784072,5.372752806218941,True,CU,1.0,True,True,False,False,12.0,1.0,1.0,1.0,0.9166666666666666,1.0,3.0,1.0,1.0,1.0,1.0,1.0,1.0,1.0,1.0,1.0,1.0,1.0,True,True,True,True,True,True,True,True,True,,2024-03-26,l4_diff02_delta04_l3eff015,l4_diff02_delta04_l3eff015,0.001,base_or_cut,False,0.08
SHFE|RB,SHFE,RB,2024-03-26,2024-03-25,2024-04-24,SHFE.rb2405C3950,C,3950.0,29,3.0,3917,13549,0.2230441074685336,0.0350281634326212,0.0350281634326212,1.122797043774872,3518.0,10.0,0.016769144773616546,1789.0,30.0,0.2342142851367917,0.2385970073500281,1,13,C,0.2385970073500281,0.2342142851367917,0.0043827222132363786,2024-03-26,SHFE,RB,0.17688104812245425,42,196770,209961,0.02560562996819804,0.1692649756359481,0.02560562996819804,0.0,0.0,301.0,0.18000013529368514,0.16464233231102238,0.0,0.0033222591362126247,0.013249276292553288,100.0,476.0,0.029242835720314848,6450.5,0.820472972972973,1.0,37,RB,260921.0,64012.0,13.0,0.2385970073500281,2601533.0,2929697.0,3516.0,3564.0,future_daily_quote,6.267468953424131,4.787017648818426,4.484380417186781,3.3666990007937967,4.693484332722353,5.787923723301855,8.905911482513154,0.8233920127613514,2929697.0,0.2466912456201717,-0.0973972158756214,1.5442150987477858,1.5623895426707863,0.9687244877546182,-0.1223961094574245,True,RB,1.0,True,True,True,True,10.0,1.0,1.0,0.9,0.8,1.0,6.0,1.0,1.0,1.0,0.8333333333333334,1.0,1.0,1.0,1.0,0.8333333333333334,1.0,0.9833333333333334,True,True,True,True,False,False,False,True,True,2024-04-24,2024-03-26,l4_diff02_delta04_l3eff015,l4_diff02_delta04_l3eff015,0.00075,base_or_cut,True,0.04
DCE|C,DCE,C,2024-04-10,2024-04-09,2024-06-07,DCE.c2407-P-2240,P,2240.0,58,1.5,125,1142,0.1212887117665175,-0.0318916611177169,0.0318916611177169,0.9154066203514508,2447.0,10.0,0.010511562718990888,1427.0000000000002,15.0,0.1212887117665175,0.12046007380585395,5,4,P,0.1212887117665175,0.12046007380585395,0.0008286379606635419,2024-04-10,DCE,C,0.08740814082319365,24,19355,63635,-0.002649503844489698,-0.029420088147613488,0.002649503844489698,0.0,0.0,756.0,0.11825722564355161,0.13649113538147842,0.0,0.005291005291005291,0.012067400226807246,62.0,351.0,0.016083345332403645,5008.5,0.7493412162162162,7.0,37,C,14048.0,1842.0,5.0,0.1212887117665175,274168.0,575309.0,2417.0,2417.0,future_daily_quote,0.6071660111509704,0.4058162590879048,-0.8217753976976828,-0.8633074185836652,-0.8194530125436973,-0.8147606049817371,-0.564333017975402,-0.6780845858091576,575309.0,-0.3555960783039885,-0.4017187966343699,0.6123894912240732,-1.2270208472874633,0.6858747538137998,-1.17943402515005,True,C,1.0,True,True,False,False,12.0,1.0,1.0,0.6666666666666666,0.6666666666666666,1.0,6.0,1.0,1.0,0.5,0.5,1.0,1.0,1.0,0.5,0.5,1.0,0.8250000000000001,True,True,True,True,True,False,True,True,True,2024-06-07,2024-04-10,l4_diff02_delta04_l3eff015,l4_diff02_delta04_l3eff015,0.00075,base_or_cut,True,0.04
CZCE|RM,CZCE,RM,2024-04-12,2024-04-11,2024-06-12 00:00:00,CZCE.RM407P2425,P,2425.0,61,6.0,1891,1594,0.1713605166672273,-0.0701477131512826,0.0701477131512826,0.9041759880686056,2682.0,10.0,0.04118050789293068,1457.0,60.0,0.1752505571896133,,4,0,P,0.1752505571896133,,,2024-04-12,CZCE,RM,0.20124431587758473,24,15562,18870,0.01974696789234409,0.10880031092217345,0.01974696789234409,0.0,0.0,756.0,0.23655010500298138,0.17285406551039398,0.0026455026455026454,0.0,0.025901713280863062,66.0,253.0,0.03869720561116616,3076.5,0.7291554054054055,8.0,37,RM,7064.0,8441.0,4.0,0.1752505571896133,629811.0,630308.0,2716.0,2695.0,future_daily_quote,0.8913564668769716,0.7801293900184842,-0.561616209184262,-0.3831760534940721,-0.860212925950845,-0.1061622168796659,-0.3269813426885664,0.6946396305962659,630308.0,0.1110077027479596,-0.2066997340596245,0.9764345104192022,-0.149584087502795,1.004979392045409,0.103445848403443,True,RM,1.0,True,True,True,False,12.0,0.9166666666666666,0.9166666666666666,0.75,0.6666666666666666,0.5490196078431372,8.0,0.875,0.875,0.75,0.75,0.32352941176470584,0.875,0.875,0.75,0.75,0.32352941176470584,0.8099264705882352,True,True,True,False,True,False,True,True,True,,2024-04-12,l4_diff02_delta04_l3eff015,l4_diff02_delta04_l3eff015,0.001,base_or_cut,False,0.08
SHFE|CU,SHFE,CU,2024-04-25,2024-04-24,2024-05-27 00:00:00,SHFE.cu2406P73000,P,73000.0,32,174.0,937,1910,0.2166724266693619,-0.0739996934040008,0.0739996934040008,0.9132991367446516,79930.0,5.0,0.03700552956188856,23510.0,870.0,0.2325432974478259,,5,0,P,0.2325432974478259,,,2024-04-25,SHFE,CU,0.20261050008962875,24,31607,16151,0.0024905285013761824,0.012445177168525948,0.0024905285013761824,0.0,0.0,756.0,0.17655838311034733,0.28583818106494274,0.0026455026455026454,0.005291005291005291,0.018887850594575956,130.0,326.0,0.022132489055821155,1519.75,0.6969594594594595,9.0,37,CU,10403.0,6682.0,5.0,0.2325432974478259,322714.0,605637.0,80280.0,79475.0,future_daily_quote,1.1409300285150252,2.1908196721311475,-0.0830859509944378,0.4003409903476414,-0.2499639509733237,0.2530715490243314,0.4770114942528736,2.3243781094527365,605637.0,0.1093878223915592,0.5642340215611423,2.4013691749604686,3.217931489680168,1.531122408994036,2.7222244328145604,True,CU,1.0,True,True,True,True,12.0,1.0,1.0,0.9166666666666666,0.8333333333333334,1.0,12.0,1.0,1.0,0.9166666666666666,0.8333333333333334,1.0,1.0,1.0,0.9166666666666666,0.8333333333333334,1.0,0.9625,True,True,True,True,False,False,True,True,True,,2024-04-25,l4_diff02_delta04_l3eff015,l4_diff02_delta04_l3eff015,0.0015,boost015,False,0.08
SHFE|ZN,SHFE,ZN,2024-04-25,2024-04-24,2024-05-27 00:00:00,SHFE.zn2406C25500,C,25500.0,32,63.0,2520,1205,0.2747252980867706,0.0782026490566348,0.0782026490566348,1.1258278145695364,22650.0,5.0,0.05269761606022585,5977.5,315.0,0.2094665261268609,0.2747252980867706,1,1,C,0.2747252980867706,0.2094665261268609,0.0652587719599097,2024-04-25,SHFE,ZN,0.18942326050064734,46,28600,11906,-0.0004504422604252878,-0.002372325676884815,0.0004504422604252878,0.0,0.0,756.0,0.1971565318638866,0.25904404075447995,0.007936507936507936,0.003968253968253968,0.02158615521133994,41.0,44.0,0.024096385542168676,1175.0,0.595608108108108,15.0,37,ZN,1205.0,2520.0,1.0,0.2747252980867706,210761.0,106996.0,22770.0,22550.0,future_daily_quote,0.5821256038647343,2.2682268226822684,-0.8476944276346288,0.0398306408797861,-0.3309272626318712,-0.0179299103504482,2.7555886736214603,7.181818181818182,106996.0,0.1878941291411315,,2.273777672291029,4.630227041381735,1.2165963591708642,1.518963642141979,True,ZN,1.0,True,True,False,False,12.0,0.9166666666666666,0.9166666666666666,0.75,0.6666666666666666,0.9094202898550724,12.0,1.0,1.0,0.8333333333333334,0.75,1.0,1.0,1.0,0.8333333333333334,0.75,1.0,0.9333333333333335,True,True,True,False,False,True,True,False,True,,2024-04-25,l4_diff02_delta04_l3eff015,l4_diff02_delta04_l3eff015,0.001,base_or_cut,False,0.08
SHFE|CU,SHFE,CU,2024-05-28,2024-05-27,2024-06-24 00:00:00,SHFE.cu2407C98000,C,98000.0,27,220.0,10344,3712,0.345252343823415,0.0655766940282494,0.0655766940282494,1.1572980632971186,84680.0,5.0,0.04939380332285586,22270.0,1100.0,0.24413634870052414,0.345252343823415,8,1,C,0.345252343823415,0.24413634870052414,0.10111599512289088,2024-05-28,SHFE,CU,0.21520276154936407,24,31070,17819,-0.003911376720003079,-0.017850864170136947,0.003911376720003079,0.0,0.0,756.0,0.176278071653336,0.2869215212239104,0.003968253968253968,0.006613756613756613,0.019948869857971806,138.0,342.0,0.022998198216796127,1542.0,0.7047635135135135,8.0,37,CU,3712.0,10344.0,1.0,0.345252343823415,295186.0,586368.0,85050.0,85210.0,future_daily_quote,0.7282715322738866,3.590419993057966,-0.8365043672548418,1.4433234733706215,-0.667085201793722,-0.1389468800742287,-0.3873489694385217,0.743762643290627,586368.0,0.0140248816272321,0.1092995934490241,1.9954033244779728,1.5857201186231389,1.4539251177783288,1.3706776153538751,True,CU,1.0,True,True,True,True,12.0,1.0,1.0,0.9166666666666666,0.8333333333333334,1.0,4.0,1.0,1.0,0.75,0.75,1.0,1.0,1.0,0.75,0.75,1.0,0.9125,True,True,True,True,False,True,True,False,True,,2024-05-28,l4_diff02_delta04_l3eff015,l4_diff02_delta04_l3eff015,0.0015,boost015,False,0.08
SHFE|ZN,SHFE,ZN,2024-05-28,2024-05-27,2024-06-24 00:00:00,SHFE.zn2407P23000,P,23000.0,27,52.0,2300,1865,0.2080536501504047,-0.0797237409222791,0.0797237409222791,0.9249949728534084,24865.0,5.0,0.0323785803237858,8030.0,260.0,0.2184457090412541,,3,0,P,0.2184457090412541,,,2024-05-28,SHFE,ZN,0.21465701116911534,54,67795,13320,-0.0012366161179105384,-0.005727895415210585,0.0012366161179105384,0.0,0.0,756.0,0.199504077266364,0.25693452509266307,0.007936507936507936,0.003968253968253968,0.022559179716899733,48.0,52.0,0.025701247755288637,1209.5,0.6031081081081081,14.0,37,ZN,5677.0,3746.0,3.0,0.2184457090412541,196305.0,118445.0,24795.0,24890.0,future_daily_quote,2.388304585612116,2.2525556223692123,1.5205385060356424,0.7604784743172865,0.2422319474835885,2.8540393754243043,0.170625,65.89285714285714,118445.0,0.3619064045073012,,2.080582081800934,1.7181697370165063,1.341894479250456,2.1650827309698584,True,ZN,1.0,True,True,False,False,12.0,0.9166666666666666,0.9166666666666666,0.6666666666666666,0.5833333333333334,0.9094202898550724,9.0,0.8888888888888888,0.8888888888888888,0.7777777777777778,0.6666666666666666,0.8792270531400965,0.8888888888888888,0.8888888888888888,0.7777777777777778,0.6666666666666666,0.8792270531400965,0.8439613526570049,True,True,True,False,False,False,True,False,True,,2024-05-28,l4_diff02_delta04_l3eff015,l4_diff02_delta04_l3eff015,0.001,base_or_cut,False,0.08
DCE|C,DCE,C,2024-06-11,2024-06-07,2024-08-07 00:00:00,DCE.c2409-C-2700,C,2700.0,57,4.0,472,2314,0.1369839880836397,0.0687524287908357,0.0687524287908357,1.085209003215434,2488.0,10.0,0.027247956403269755,1468.0,40.0,0.11197747420152435,0.1638502165149434,8,7,C,0.1638502165149434,0.11197747420152435,0.05187274231341904,2024-06-11,DCE,C,0.09076586817927759,24,41687,134519,-0.0037219900868299127,-0.039391199622152706,0.0037219900868299127,0.0,0.0,756.0,0.11529519517262268,0.13360218607702845,0.0,0.005291005291005291,0.011186146215857777,63.0,360.0,0.01595303636674722,4294.0,0.7880592105263159,5.0,38,C,43638.0,5792.0,7.0,0.1638502165149434,328716.0,643931.0,2485.0,2489.0,future_daily_quote,1.522078828043251,1.68274259151656,0.3907983740280713,0.3490246749701008,-0.069214853998251,0.8074804291098869,-0.4282329713721619,0.7954122752634842,643931.0,0.033943971573128,-0.074684151837035,0.7953332397787596,-0.9227406114532904,0.767684872126238,-0.8698110724429835,True,C,1.0,True,True,True,True,12.0,1.0,1.0,0.6666666666666666,0.6666666666666666,1.0,7.0,1.0,1.0,0.7142857142857143,0.7142857142857143,1.0,1.0,1.0,0.7142857142857143,0.7142857142857143,1.0,0.9,True,True,True,True,False,True,True,True,True,,2024-06-11,l4_diff02_delta04_l3eff015,l4_diff02_delta04_l3eff015,0.0015,boost015,False,0.08
CZCE|PF,CZCE,PF,2024-06-13,2024-06-12,2024-07-11 00:00:00,CZCE.PF408C8200,C,8200.0,28,10.5,239,1156,0.2090967608349572,0.0579127936349961,0.0579127936349961,1.0971367407010972,7474.0,5.0,0.026589009875917946,1974.5000000000005,52.5,0.1089411960511122,0.21496194887066425,1,2,C,0.21496194887066425,0.1089411960511122,0.10602075281955205,2024-06-13,CZCE,PF,0.1047727666070447,37,11193,19042,-0.006885487960126183,-0.06166573162742788,0.006885487960126183,0.0,0.0,156.0,0.1274203277886462,0.14415484487403246,0.0,0.0,0.009318536082381604,10.0,12.0,0.0278943445588533,1265.0,0.7601315789473683,7.0,38,PF,3691.0,920.0,2.0,0.2149619488706642,,,,,,1.2327989311957248,1.1246943765281174,0.476297440036004,-0.4526297068580768,-0.1382208732197057,2.272163120567376,-0.8478835978835979,3.2009132420091326,,,,,,,,False,PF,1.0,True,True,True,False,3.0,1.0,1.0,0.6666666666666666,0.6666666666666666,1.0,1.0,1.0,1.0,0.0,0.0,1.0,1.0,1.0,0.6666666666666666,0.6666666666666666,1.0,0.8833333333333333,True,True,False,True,True,False,False,False,True,,2024-06-13,l4_diff02_delta04_l3eff015,l4_diff02_delta04_l3eff015,0.0015,boost015,False,0.08
CZCE|RM,CZCE,RM,2024-06-13,2024-06-12,2024-07-11 00:00:00,CZCE.RM408C3000,C,3000.0,28,5.0,5989,3456,0.2702378693427715,0.0599293573401525,0.0599293573401525,1.1265490048817124,2663.0,10.0,0.036192544335866814,1381.5,50.0,0.2190168069663833,0.31358270779525654,1,6,C,0.31358270779525654,0.2190168069663833,0.09456590082887326,2024-06-13,CZCE,RM,0.21831453098798087,22,55229,44033,0.002058236416342951,0.009517579224317707,0.002058236416342951,0.0,0.0,756.0,0.23650064136754084,0.17197296621475372,0.0026455026455026454,0.0,0.025727366491628177,71.0,264.0,0.03864983251739242,3143.0,0.7897039473684211,4.0,38,RM,10293.0,9913.0,6.0,0.3135827077952565,1072379.0,955530.0,2660.0,2714.0,future_daily_quote,0.5586734693877551,0.8467583497053045,-0.7751808176155417,-0.3064461193104418,-0.6014172862453532,0.1613449170709691,-0.711117587061052,0.9067128293902672,955530.0,0.1470466426980858,0.2642747418936138,1.2788873319221252,0.9730847962855114,1.3031737524088522,2.68964657452854,True,RM,1.0,True,True,True,True,12.0,0.9166666666666666,0.9166666666666666,0.75,0.5833333333333334,0.5490196078431372,4.0,1.0,1.0,0.75,0.5,1.0,1.0,1.0,0.75,0.5,1.0,0.8875000000000001,True,True,True,False,True,True,True,False,True,,2024-06-13,l4_diff02_delta04_l3eff015,l4_diff02_delta04_l3eff015,0.0015,boost015,False,0.08
CZCE|SR,CZCE,SR,2024-06-13,2024-06-12,2024-08-13 00:00:00,CZCE.SR409C6900,C,6900.0,61,11.0,2371,8055,0.1698398341557945,0.0609075695497801,0.0609075695497801,1.1159631246967492,6183.0,10.0,0.03435889426831172,3201.5000000000005,110.0,0.177509449289382,0.1993803117268173,3,7,C,0.1993803117268173,0.177509449289382,0.0218708624374353,2024-06-13,CZCE,SR,0.13261786185311608,12,36390,51861,0.000947775980748855,0.007198111662717149,0.000947775980748855,0.0,0.0,756.0,0.1286559602876135,0.1771475935791043,0.0,0.006613756613756613,0.012977512423233674,61.0,189.0,0.0203527815468114,8010.5,0.7848026315789473,6.0,38,SR,63152.0,17939.0,7.0,0.1993803117268173,,,,,,1.1495767725493766,1.3901890886546808,0.7481343095720193,0.4908238099943152,0.0276304227552315,1.0838805477643954,-0.1844055467151625,0.8433004521167282,,,,,,,,False,SR,1.0,True,True,True,True,12.0,1.0,1.0,1.0,0.9166666666666666,1.0,6.0,1.0,1.0,1.0,1.0,1.0,1.0,1.0,1.0,1.0,1.0,1.0,True,True,False,True,False,False,False,True,True,,2024-06-13,l4_diff02_delta04_l3eff015,l4_diff02_delta04_l3eff015,0.0015,boost015,False,0.08
SHFE|AL,SHFE,AL,2024-06-25,2024-06-24,2024-07-25 00:00:00,SHFE.al2408C22000,C,22000.0,30,14.0,1628,2223,0.1581620034122867,0.0385312862100804,0.0385312862100804,1.0845452304658614,20285.0,5.0,0.01181434599156118,5925.0,70.0,,0.1699577607142975,0,3,C,0.1699577607142975,,,2024-06-25,SHFE,AL,0.11652181370259479,54,21503,30175,-0.00396678957372891,-0.03292252931699802,0.00396678957372891,0.0,0.0,756.0,0.16155715098602597,0.3211257566940776,0.0013227513227513227,0.005291005291005291,0.01876808173081604,96.0,153.0,0.01621363664962074,1349.75,0.704532967032967,8.0,39,AL,4637.0,2492.0,3.0,0.1699577607142975,230027.0,480513.0,20367.5,20397.5,future_daily_quote,1.0348136576656997,0.9375470278404816,-0.447610566677541,-0.4444476726074685,-0.6173145167945862,2.4527177959791517,-0.7557341697706332,2.138539042821159,480513.0,-0.2059001427853724,-0.2086400010540201,0.8087723924546877,-0.6396584914433475,0.8298470912099033,-0.8917055046868181,True,AL,1.0,True,True,True,True,12.0,1.0,1.0,0.75,0.6666666666666666,1.0,12.0,1.0,1.0,0.75,0.6666666666666666,1.0,1.0,1.0,0.75,0.6666666666666666,1.0,0.9041666666666667,True,True,True,True,True,False,True,False,True,,2024-06-25,l4_diff02_delta04_l3eff015,l4_diff02_delta04_l3eff015,0.001,base_or_cut,False,0.08
CZCE|MA,CZCE,MA,2024-07-12,2024-07-11,2024-08-13 00:00:00,CZCE.MA409C2850,C,2850.0,32,3.5,6454,5020,0.211756555475341,0.0527398340789227,0.0527398340789227,1.1089494163424125,2570.0,10.0,0.026515151515151516,1320.0,35.0,0.19245704227827337,0.2325438688462134,8,3,C,0.2325438688462134,0.19245704227827337,0.04008682656794002,2024-07-12,CZCE,MA,0.14543997869003827,16,85475,112372,-0.011333363005697067,-0.07229139140054042,0.011333363005697067,0.0,0.0,756.0,0.2472282216907633,0.25546755310831437,0.01455026455026455,0.006613756613756613,0.024316235196554722,70.0,263.0,0.03426649252076197,3823.0,0.6247357723577236,14.0,40,MA,21584.0,10943.0,3.0,0.2325438688462134,522239.0,763431.0,2573.0,2572.0,future_daily_quote,2.254674605661757,1.0003656641374896,0.1280247384150804,-0.3369089169743657,1.3364364581078156,4.05954055321144,0.1839229687330952,0.1653887113951011,763431.0,0.058494929579808,-0.2406187800460145,0.5849955697343969,-1.5126930493127972,0.8663685832146485,-0.6925291729883915,True,MA,1.0,True,True,True,True,12.0,1.0,1.0,0.9166666666666666,0.75,1.0,12.0,1.0,1.0,0.9166666666666666,0.75,1.0,1.0,1.0,0.9166666666666666,0.75,1.0,0.9541666666666667,True,True,True,False,True,True,True,False,True,,2024-07-12,l4_diff02_delta04_l3eff015,l4_diff02_delta04_l3eff015,0.0015,boost015,False,0.08
CZCE|PF,CZCE,PF,2024-07-12,2024-07-11,2024-08-13,CZCE.PF409P6400,P,6400.0,32,0.5,3,2085,0.2122122305746266,-0.0033822681273689,0.0033822681273689,0.8452192287374538,7572.0,5.0,0.0013189132155104195,1895.5,2.5,0.15733789628433503,0.1501698816076582,2,4,P,0.15733789628433503,0.1501698816076582,0.007168014676676826,2024-07-12,CZCE,PF,0.096133650045617,30,8278,21992,-0.003409859846507504,-0.034254969010061795,0.003409859846507504,0.0,0.0,177.0,0.11806446672833575,0.14474149828350125,0.0,0.0,0.010142416956484553,19.0,29.0,0.022929936305732482,1194.0,0.7338995354239256,6.0,40,PF,3410.0,585.0,2.0,0.157337896284335,,,,,,1.9060927892677475,0.4966044142614601,0.4216558740604509,-0.5683706913023033,0.0371046228710463,-0.2710560068405301,-0.6832701678397402,-0.653436018957346,,,,,,,,True,PF,1.0,True,True,False,False,4.0,1.0,1.0,0.75,0.5,1.0,2.0,1.0,1.0,1.0,1.0,1.0,1.0,1.0,0.75,0.5,1.0,0.8875000000000001,True,True,True,True,True,False,True,True,True,2024-08-13,2024-07-12,l4_diff02_delta04_l3eff015,l4_diff02_delta04_l3eff015,0.001,base_or_cut,True,0.04
CZCE|RM,CZCE,RM,2024-07-12,2024-07-11,2024-08-13 00:00:00,CZCE.RM409C2800,C,2800.0,32,6.0,15677,34959,0.3057511851899802,0.0646824793017759,0.0646824793017759,1.1517893870835048,2431.0,10.0,0.047040376323010585,1275.5,60.0,0.2355037424022305,0.35058357551678687,1,8,C,0.35058357551678687,0.2355037424022305,0.11507983311455638,2024-07-12,CZCE,RM,0.2280510830070345,18,113723,79241,0.015133821166416483,0.07107841344373995,0.015133821166416483,0.0,0.0,756.0,0.23590665627118196,0.1722087932287578,0.0026455026455026454,0.0,0.025901713280863062,71.0,285.0,0.03843197540353574,3320.0,0.7756823461091754,5.0,40,RM,128651.0,52145.0,8.0,0.3505835755167868,1049813.0,1038138.0,2470.0,2490.0,future_daily_quote,6.579267669019127,4.313425428075109,5.345082097756446,3.1777766927508866,6.19444133765798,3.931991566034119,4.4278130529822,2.4351119894598154,1038138.0,0.1206152849740933,0.3632749969468276,1.208987022379457,0.728298886525465,1.3675977741945682,2.299200770889823,True,RM,1.0,True,True,False,False,12.0,0.9166666666666666,0.9166666666666666,0.75,0.5833333333333334,0.5490196078431372,5.0,1.0,1.0,0.8,0.6,1.0,1.0,1.0,0.8,0.6,1.0,0.91,True,True,True,False,False,True,True,False,True,,2024-07-12,l4_diff02_delta04_l3eff015,l4_diff02_delta04_l3eff015,0.0015,boost015,False,0.08
CZCE|TA,CZCE,TA,2024-07-12,2024-07-11,2024-08-13,CZCE.TA409C6500,C,6500.0,32,3.5,2560,8558,0.1738182752836419,0.0302853177570531,0.0302853177570531,1.1028164234815063,5894.0,5.0,0.011737089201877934,1491.0,17.5,0.1660764413171172,0.18263395028008383,7,6,C,0.18263395028008383,0.1660764413171172,0.01655750896296662,2024-07-12,CZCE,TA,0.1108324426007001,17,51300,153116,-0.0007923555364806045,-0.007098382704413435,0.0007923555364806045,0.0,0.0,756.0,0.23673177958528693,0.3023917197848676,0.007936507936507936,0.005291005291005291,0.024112258059675803,100.0,292.0,0.030131833704710828,5729.25,0.7104849012775842,7.0,40,TA,100701.0,20423.0,6.0,0.1826339502800838,426125.0,897693.0,5917.0,5918.0,future_daily_quote,4.398383926621533,0.7968085521438882,1.622189088744473,-0.4194546684928358,4.558063803951871,8.546928327645052,0.5077888519748985,0.6806287030941409,897693.0,0.0788101149602098,-0.2449902521652976,0.5679591722490717,-1.5115148046257918,0.6651755611837357,-1.5283821271134894,True,TA,1.0,True,True,True,True,12.0,1.0,1.0,0.8333333333333334,0.75,1.0,12.0,1.0,1.0,0.75,0.6666666666666666,1.0,1.0,1.0,0.75,0.6666666666666666,1.0,0.9041666666666667,True,True,True,False,True,False,True,False,True,2024-08-13,2024-07-12,l4_diff02_delta04_l3eff015,l4_diff02_delta04_l3eff015,0.00075,base_or_cut,True,0.04
SHFE|AL,SHFE,AL,2024-07-26,2024-07-25,2024-08-26 00:00:00,SHFE.al2409C20600,C,20600.0,31,24.0,827,1790,0.1427008445681201,0.0687292098100232,0.0687292098100232,1.0645994832041343,19350.0,5.0,0.017991004497751123,6670.0,120.0,,0.17174640838502045,0,2,C,0.17174640838502045,,,2024-07-26,SHFE,AL,0.11527970923711944,70,38893,29327,-0.003995157120606746,-0.03349538123668545,0.003995157120606746,0.0,0.0,756.0,0.15686119940985863,0.31222229727801254,0.0013227513227513227,0.005291005291005291,0.018316012388227033,88.0,125.0,0.01740540260669396,1388.0,0.6971428571428571,8.0,40,AL,3171.0,923.0,2.0,0.1717464083850204,269275.0,448311.0,19300.0,19255.0,future_daily_quote,0.6716797288710019,0.3901098901098901,-0.7136534629532193,-0.7040862630146983,-0.2608391608391608,-0.7383015597920277,50.27777777777778,-0.9095275436188984,448311.0,,-0.2591174409688251,0.9307699353792817,-0.3917419623178828,0.7742341607977369,-1.5153720172094665,True,AL,1.0,True,True,True,True,12.0,1.0,1.0,0.75,0.6666666666666666,1.0,12.0,1.0,1.0,0.75,0.6666666666666666,1.0,1.0,1.0,0.75,0.6666666666666666,1.0,0.9041666666666667,True,True,True,True,True,False,True,False,True,,2024-07-26,l4_diff02_delta04_l3eff015,l4_diff02_delta04_l3eff015,0.001,base_or_cut,False,0.08
SHFE|ZN,SHFE,ZN,2024-07-26,2024-07-25,2024-08-26 00:00:00,SHFE.zn2409C25000,C,25000.0,31,15.0,766,1332,0.17915358940697,0.0328822625694253,0.0328822625694253,1.1022927689594355,22680.0,5.0,0.013054830287206266,5745.0,75.0,,0.19539701818081984,0,2,C,0.19539701818081984,,,2024-07-26,SHFE,ZN,0.15740691967625903,46,28467,19067,0.0011137531775474718,0.007126051653426916,0.0011137531775474718,0.0,0.0,756.0,0.19195294603474916,0.24110236414042704,0.0026455026455026454,0.0013227513227513227,0.020524170221152,44.0,49.0,0.026239144073236104,1301.5,0.6631547619047621,12.0,40,ZN,2852.0,1564.0,2.0,0.1953970181808198,201732.0,93443.0,22600.0,22685.0,future_daily_quote,1.1263823064770933,1.1251798561151078,-0.1827807186619197,-0.4339250995503383,-0.1394085697042848,-0.5497316071992422,40.1578947368421,-0.7059597668734725,93443.0,,0.013118948749363,1.4184203680136125,0.6958136698743349,1.0112659899136385,-0.0852581048441099,False,ZN,1.0,True,True,True,True,12.0,0.9166666666666666,0.9166666666666666,0.5,0.4166666666666667,0.9094202898550724,12.0,1.0,1.0,0.6666666666666666,0.5833333333333334,1.0,1.0,1.0,0.6666666666666666,0.5833333333333334,1.0,0.875,True,True,False,True,True,False,False,False,True,,2024-07-26,l4_diff02_delta04_l3eff015,l4_diff02_delta04_l3eff015,0.00075,base_or_cut,False,0.08
CZCE|RM,CZCE,RM,2024-08-14,2024-08-13,2024-10-11 00:00:00,CZCE.RM411C2550,C,2550.0,58,7.5,1055,2329,0.2984487624566778,0.0701501054616065,0.0701501054616065,1.2,2125.0,10.0,0.06593406593406594,1137.5,75.0,,0.3186946627057512,0,5,C,0.3186946627057512,,,2024-08-14,CZCE,RM,0.22000558766498668,18,57682,24523,-0.009248245386843434,-0.04034063580848646,0.009248245386843434,0.0,0.0,756.0,0.23548710091043723,0.17247211862263204,0.0026455026455026454,0.0,0.026183148314362692,68.0,276.0,0.03826900136332652,3342.0,0.787202380952381,4.0,40,RM,17926.0,6492.0,5.0,0.3186946627057512,1639177.0,1057746.0,2148.0,2145.0,future_daily_quote,0.8271502399409376,0.4502704952143154,-0.4777008844251617,-0.6692160963479299,-0.9209918550121646,-0.1728497600590623,-0.8600681122558952,-0.1162537435338959,1057746.0,0.0794372923905888,0.133093305538386,1.7636045949903545,0.6680876799984743,1.342789279988016,1.28179988648301,True,RM,1.0,True,True,False,False,12.0,0.9166666666666666,0.9166666666666666,0.6666666666666666,0.5,0.5490196078431372,6.0,1.0,1.0,0.6666666666666666,0.5,1.0,1.0,1.0,0.6666666666666666,0.5,1.0,0.8666666666666667,True,True,True,False,True,False,True,True,True,,2024-08-14,l4_diff02_delta04_l3eff015,l4_diff02_delta04_l3eff015,0.0015,boost015,False,0.08
SHFE|CU,SHFE,CU,2024-08-27,2024-08-26,2024-09-24,SHFE.cu2410P69000,P,69000.0,28,64.0,942,1135,0.1867161000480761,-0.0398853575766251,0.0398853575766251,0.9146341463414634,75440.0,5.0,0.014585232452142206,21940.0,320.0,0.1994271803902967,0.19102051903691755,5,2,P,0.1994271803902967,0.19102051903691755,0.008406661353379141,2024-08-27,SHFE,CU,0.1436805259602818,48,43547,33432,-0.00317007892805532,-0.021587101602106425,0.00317007892805532,0.0,0.0,756.0,0.1697098529656378,0.28356823445115065,0.003968253968253968,0.007936507936507936,0.019711912146501448,133.0,309.0,0.02557618657617912,1644.5,0.690521978021978,11.0,39,CU,9995.0,9029.0,5.0,0.1994271803902967,173778.0,470316.0,75120.0,75025.0,future_daily_quote,1.0749623574962357,1.378262860631965,-0.1735130563416029,0.375967822226382,0.5824889170360987,-0.3467320261437908,0.1648819507160366,39.67117117117117,470316.0,0.0781203795184728,,0.6770496689322261,-1.2435176385371698,0.8886537533148605,-0.87283135182479,True,CU,1.0,True,True,False,False,12.0,1.0,1.0,0.8333333333333334,0.6666666666666666,1.0,12.0,1.0,1.0,0.9166666666666666,0.8333333333333334,1.0,1.0,1.0,0.9166666666666666,0.8333333333333334,1.0,0.9625,True,True,True,True,False,False,True,True,True,2024-09-24,2024-08-27,l4_diff02_delta04_l3eff015,l4_diff02_delta04_l3eff015,0.001,base_or_cut,True,0.04
SHFE|ZN,SHFE,ZN,2024-08-27,2024-08-26,2024-09-24,SHFE.zn2410C27500,C,27500.0,28,17.0,2132,1629,0.2388082446836574,0.0282902272894126,0.0282902272894126,1.1368334022323274,24190.0,5.0,0.013860578883000407,6132.5,85.0,0.2317827434714823,0.2388082446836574,3,1,C,0.2388082446836574,0.2317827434714823,0.0070255012121751,2024-08-27,SHFE,ZN,0.17711895295217542,68,31167,17338,-0.002825938060831118,-0.01570446398851556,0.002825938060831118,0.0,0.0,756.0,0.18882561636652465,0.24194397232646045,0.0026455026455026454,0.0013227513227513227,0.020754139174755708,47.0,52.0,0.02661064425770308,1329.0,0.7020604395604395,10.0,39,ZN,1629.0,2132.0,1.0,0.2388082446836574,179455.0,118983.0,23995.0,24020.0,future_daily_quote,0.5492245448415374,1.1695008228195285,-0.8813147367894911,-0.2031007549921109,-0.7465380426326436,-0.5084490042245021,-0.0607929515418502,55.10526315789474,118983.0,0.4413970223024459,,0.9820317010372746,-0.0323805890132979,1.2982394884860256,2.2039760797877754,True,ZN,1.0,True,True,True,True,12.0,0.9166666666666666,0.9166666666666666,0.5,0.5,0.9094202898550724,12.0,1.0,1.0,0.6666666666666666,0.5833333333333334,1.0,1.0,1.0,0.6666666666666666,0.5833333333333334,1.0,0.875,True,True,True,True,True,False,True,True,True,2024-09-24,2024-08-27,l4_diff02_delta04_l3eff015,l4_diff02_delta04_l3eff015,0.00075,base_or_cut,True,0.04
SHFE|CU,SHFE,CU,2024-09-25,2024-09-24,2024-10-25 00:00:00,SHFE.cu2411P71000,P,71000.0,30,126.0,1663,2988,0.2025243478637754,-0.0630483393696105,0.0630483393696105,0.916602117221792,77460.0,5.0,0.02714347264110297,23210.0,630.0,0.2354357720370392,,5,0,P,0.2354357720370392,,,2024-09-25,SHFE,CU,0.16310693466103565,28,44351,22452,0.0069230323749993605,0.044326158289478966,0.0069230323749993605,0.0,0.0,756.0,0.16761901410660027,0.28534358898295964,0.003968253968253968,0.007936507936507936,0.019711912146501448,131.0,300.0,0.026228143213988343,1644.5,0.6713775510204082,6.0,40,CU,10026.0,6631.0,5.0,0.2354357720370392,294385.0,483347.0,77080.0,77380.0,future_daily_quote,1.097536945812808,0.8555025158044124,-0.1034143472856331,-0.1571605960463223,0.0051127819548872,2.6064748201438848,-0.5392579210672597,0.012211876049458,483347.0,0.0168426455954777,0.068307097926364,1.1714554603389993,0.6745547743440875,0.996147080736125,-0.3513415674532476,True,CU,1.0,True,True,True,True,12.0,1.0,1.0,0.75,0.5833333333333334,1.0,12.0,1.0,1.0,0.8333333333333334,0.75,1.0,1.0,1.0,0.8333333333333334,0.75,1.0,0.9333333333333335,True,True,True,True,True,False,True,True,True,,2024-09-25,l4_diff02_delta04_l3eff015,l4_diff02_delta04_l3eff015,0.001,base_or_cut,False,0.08
SHFE|ZN,SHFE,ZN,2024-09-25,2024-09-24,2024-10-25 00:00:00,SHFE.zn2411P22000,P,22000.0,30,40.0,3743,3846,0.2368132883216608,-0.0552434928916153,0.0552434928916153,0.8994276369582993,24460.0,5.0,0.03167062549485352,6315.0,200.0,0.2724191560331491,,3,0,P,0.2724191560331491,,,2024-09-25,SHFE,ZN,0.2000750746973271,42,25590,12477,0.001946581256566493,0.009824842569393033,0.001946581256566493,0.0,0.0,756.0,0.1874023144878048,0.24229311157086222,0.0026455026455026454,0.0013227513227513227,0.020754139174755708,42.0,45.0,0.026781479696232326,1352.5,0.6613435374149659,9.0,40,ZN,7952.0,5465.0,3.0,0.2724191560331491,250746.0,113113.0,24465.0,24485.0,future_daily_quote,1.5491915059419443,1.523557290214664,0.9035881553076924,0.5243294842496947,6.215970961887478,-0.2425223852162317,8.138795986622073,-0.3268046316826805,113113.0,0.1022080604926722,0.2650621274311342,1.325376542443119,1.3075504949527703,1.220744881770794,1.2112768288685356,True,ZN,1.0,True,True,True,True,12.0,0.9166666666666666,0.9166666666666666,0.5833333333333334,0.5833333333333334,0.9094202898550724,10.0,0.9,0.9,0.7,0.6,0.8913043478260869,0.9,0.9,0.7,0.6,0.8913043478260869,0.8245652173913043,True,True,True,True,False,False,True,True,True,,2024-09-25,l4_diff02_delta04_l3eff015,l4_diff02_delta04_l3eff015,0.001,base_or_cut,False,0.08
CZCE|OI,CZCE,OI,2024-10-14,2024-10-11,2024-12-11 00:00:00,CZCE.OI501P8100,P,8100.0,58,37.5,257,2465,0.2765210761228299,-0.0767346218463895,0.0767346218463895,0.8597813395605562,9421.0,10.0,0.07373906203913086,5085.5,375.0,0.3111063067154351,,4,0,P,0.3111063067154351,,,2024-10-14,CZCE,OI,0.20794379381741812,18,25277,41632,0.009110941943846818,0.04582211570168519,0.009110941943846818,0.0,0.0,512.0,0.2026835403479192,0.12995921631142462,0.001953125,0.001953125,0.018096120863420898,61.0,198.0,0.029425323855093173,2051.0,0.7407242679680568,4.0,40,OI,9276.0,4611.0,4.0,0.3111063067154351,517601.0,307679.0,9477.0,9584.0,future_daily_quote,0.9323550105538244,0.5676474209036071,-0.3840361141752679,-0.638784001481568,-0.6420743941966353,2.4964191481341875,-0.7070520965692504,6.354066985645933,307679.0,0.0230968999078917,-0.00754472320962,0.8950590277837821,-0.4819863567341796,1.025654787104603,0.4680058232480314,True,OI,1.0,True,True,True,True,11.0,0.8181818181818182,0.8181818181818182,0.6363636363636364,0.6363636363636364,-2.358717610891524,2.0,1.0,1.0,1.0,1.0,1.0,0.8181818181818182,0.8181818181818182,0.6363636363636364,0.6363636363636364,-2.358717610891524,0.6727272727272727,True,True,True,True,True,False,True,True,True,,2024-10-14,l4_diff02_delta04_l3eff015,l4_diff02_delta04_l3eff015,0.0015,boost015,False,0.08
CZCE|RM,CZCE,RM,2024-10-14,2024-10-11,2024-12-11 00:00:00,CZCE.RM501P2100,P,2100.0,58,11.0,2043,8858,0.3118620519121222,-0.0753127281853022,0.0753127281853022,0.8430349257326375,2491.0,10.0,0.08115086683880487,1355.5,110.0,0.3216806466029426,,6,0,P,0.3216806466029426,,,2024-10-14,CZCE,RM,0.3047809966219386,16,48913,43618,0.012446400611687558,0.042575872926279006,0.012446400611687558,0.0,0.0,756.0,0.23707403656553944,0.17339673616314027,0.003968253968253968,0.0013227513227513227,0.027061511206794064,69.0,308.0,0.03834355828220859,3320.0,0.726013753327418,5.0,40,RM,29714.0,7992.0,6.0,0.3216806466029426,795271.0,511925.0,2473.0,2450.0,future_daily_quote,1.1734460153226445,0.5646859323111708,-0.0892309756305683,-0.7383178760977213,-0.6921052358896246,1.1703308742969836,-0.4000450416635388,0.5518446601941747,511925.0,-0.2058561178980027,-0.5269344930064761,0.6981959321777959,-0.7391551385573467,0.5357497933084256,-2.689957262119016,True,RM,1.0,True,True,True,False,12.0,0.9166666666666666,0.9166666666666666,0.5833333333333334,0.5,0.5490196078431372,9.0,0.8888888888888888,0.8888888888888888,0.7777777777777778,0.6666666666666666,0.3986928104575163,0.8888888888888888,0.8888888888888888,0.7777777777777778,0.6666666666666666,0.3986928104575163,0.8199346405228758,True,True,True,False,True,False,True,False,True,,2024-10-14,l4_diff02_delta04_l3eff015,l4_diff02_delta04_l3eff015,0.0015,boost015,False,0.08
DCE|C,DCE,C,2024-10-15,2024-10-14,2024-12-17 00:00:00,DCE.c2501-C-2480,C,2480.0,63,6.0,111,1615,0.1913145720297461,0.0780945335020467,0.0780945335020467,1.1226799456767769,2209.0,10.0,0.051524259338772006,1164.5,60.0,0.14052437650135635,0.21880773077388826,4,8,C,0.21880773077388826,0.14052437650135635,0.07828335427253191,2024-10-15,DCE,C,0.11692716273885713,22,34103,143837,0.0018089396027906463,0.01571375542039535,0.0018089396027906463,0.0,0.0,756.0,0.11204593717698583,0.1370226961868398,0.0,0.005291005291005291,0.011186146215857777,63.0,334.0,0.015384615384615385,3511.0,0.7693622448979591,3.0,40,C,43446.0,7766.0,8.0,0.2188077307738882,376956.0,679726.0,2222.0,2223.0,future_daily_quote,0.6668815619819488,1.1291072986333237,-0.5515571492720147,-0.22962291903168,-0.6299381611897583,0.7029633113828786,-0.4392779783393502,1.2503622138510575,679726.0,0.2202287774123594,0.0833495370001433,0.8652070427351997,-0.7624549820297882,1.0701279318368593,0.3918459786908341,True,C,1.0,True,True,True,True,12.0,1.0,1.0,0.6666666666666666,0.6666666666666666,1.0,9.0,1.0,1.0,0.7777777777777778,0.7777777777777778,1.0,1.0,1.0,0.7777777777777778,0.7777777777777778,1.0,0.9222222222222222,True,True,True,True,True,True,True,False,True,,2024-10-15,l4_diff02_delta04_l3eff015,l4_diff02_delta04_l3eff015,0.0015,boost015,False,0.08
SHFE|AG,SHFE,AG,2024-10-26,2024-10-25,2024-11-25 00:00:00,SHFE.ag2412P7000,P,7000.0,30,30.5,2201,21603,0.3910287635892587,-0.0714540050810526,0.0714540050810526,0.8539709649871904,8197.0,15.0,0.04102108887454272,11152.8,457.5,0.4271553254896753,,12,0,P,0.4271553254896753,,,2024-10-26,SHFE,AG,0.3663064656235713,50,6420,46589,0.001782267964234252,0.0048892994640093975,0.001782267964234252,0.0,0.0,522.0,0.2231867365174413,0.23124326312746427,0.011494252873563218,0.009578544061302681,0.02650171676341395,89.0,331.0,0.02941890439487209,2973.0,0.6108843537414965,15.0,42,AG,80342.0,2773.0,12.0,0.4271553254896753,,,,,,3.063565300285987,0.1442767950052029,2.024139813653048,-1.2551912167495416,15.029928172386274,0.6490896775385373,-0.5438394472775128,-0.8929508956145769,,,,,,,,True,AG,1.0,True,True,True,True,12.0,1.0,1.0,0.6666666666666666,0.4166666666666667,1.0,4.0,1.0,1.0,0.75,0.5,1.0,1.0,1.0,0.75,0.5,1.0,0.8875000000000001,True,True,True,False,True,False,True,False,True,,2024-10-26,l4_diff02_delta04_l3eff015,l4_diff02_delta04_l3eff015,0.001,base_or_cut,False,0.08
SHFE|AL,SHFE,AL,2024-10-26,2024-10-25,2024-11-25 00:00:00,SHFE.al2412P19000,P,19000.0,30,15.0,8,3500,0.1906007483425948,-0.032723659800798,0.032723659800798,0.9056244041944708,20980.0,5.0,0.013357079252003561,5615.0,75.0,0.1906007483425948,,1,0,P,0.1906007483425948,,,2024-10-26,SHFE,AL,0.15358517970222063,66,607,23387,0.0016292410627534726,0.010721799209302595,0.0016292410627534726,0.0,0.0,756.0,0.14988488549670442,0.30604136490595896,0.0013227513227513227,0.005291005291005291,0.01764169004587033,67.0,76.0,0.018925056775170326,1835.0,0.686734693877551,8.0,42,AL,3500.0,8.0,1.0,0.1906007483425948,,,,,,0.6461140852870593,0.0046403712296983,-0.4717656678262247,-0.6381089392167993,-0.4510664993726474,1.6535253980288096,-0.993925588458618,-0.9958398335933436,,,,,,,,True,AL,1.0,True,True,True,True,12.0,1.0,1.0,0.6666666666666666,0.5833333333333334,1.0,12.0,1.0,1.0,0.6666666666666666,0.6666666666666666,1.0,1.0,1.0,0.6666666666666666,0.6666666666666666,1.0,0.8833333333333333,True,True,True,True,True,False,True,False,True,,2024-10-26,l4_diff02_delta04_l3eff015,l4_diff02_delta04_l3eff015,0.00075,base_or_cut,False,0.08
DCE|M,DCE,M,2024-11-08,2024-11-07,2024-12-17 00:00:00,DCE.m2501-C-3550,C,3550.0,39,8.5,753,2484,0.3118518020124335,0.065476864434093,0.065476864434093,1.1723910171730516,3028.0,10.0,0.05315822388993121,1599.0,85.0,0.20250957463104863,0.34299459549619526,4,8,C,0.34299459549619526,0.20250957463104863,0.14048502086514664,2024-11-08,DCE,M,0.2093088683314126,12,103370,206116,-0.0034506226428663855,-0.0162184193384987,0.0034506226428663855,0.0,0.0,756.0,0.18733639529439877,0.1917048548287729,0.007936507936507936,0.006613756613756613,0.0243836000511446,66.0,289.0,0.031693233804709814,10384.0,0.6630873279544377,11.0,43,M,112445.0,28866.0,8.0,0.3429945954961952,3388848.0,4152018.0,2949.5,2985.5,future_daily_quote,2.0001600910740334,1.817186024551464,-0.1850396479329493,-0.0410580151323512,10.618619549493696,0.9719581915751816,3.695185426154847,0.5864798021434461,4152018.0,13.536554795431789,7.495021063550748,15.824350700897485,3.985049969827197,5.343164266843056,3.4751770372370974,True,M,1.0,True,True,True,True,12.0,0.9166666666666666,0.9166666666666666,0.6666666666666666,0.6666666666666666,-1.2936507936507937,9.0,0.8888888888888888,0.8888888888888888,0.6666666666666666,0.6666666666666666,-3.688888888888889,0.8888888888888888,0.8888888888888888,0.6666666666666666,0.6666666666666666,-3.688888888888889,0.7222222222222222,True,True,True,False,False,True,True,False,True,,2024-11-08,l4_diff02_delta04_l3eff015,l4_diff02_delta04_l3eff015,0.001,base_or_cut,False,0.08
SHFE|AL,SHFE,AL,2024-11-26,2024-11-25,2024-12-25,SHFE.al2501P18000,P,18000.0,29,8.0,22,1213,0.2231306818724074,-0.0168710579498104,0.0168710579498104,0.8767657087189479,20530.0,5.0,0.007733204446592557,5172.5,40.0,0.1776646232667678,0.17604527420251442,3,2,P,0.1776646232667678,0.17604527420251442,0.0016193490642533725,2024-11-26,SHFE,AL,0.13498261041926568,72,24688,30442,0.0021236032708809027,0.015983886350355886,0.0021236032708809027,0.0,0.0,756.0,0.14884449904165356,0.2813719874911822,0.0,0.003968253968253968,0.016763048178082038,69.0,79.0,0.021686746987951807,1888.5,0.7441815023881891,6.0,47,AL,5396.0,1396.0,3.0,0.1776646232667678,230214.0,447622.0,20607.5,20657.5,future_daily_quote,1.1557078603555364,0.7949886104783599,-0.1253509191391533,-0.372423473561858,0.5430368887617958,-0.0038766845117224,0.7559748427672957,24.381818181818183,447622.0,-0.071618345214071,,0.8868984328047709,-0.669599291763073,1.0275904578360826,0.4826755627250956,True,AL,1.0,True,True,True,True,12.0,1.0,1.0,0.6666666666666666,0.5833333333333334,1.0,12.0,1.0,1.0,0.6666666666666666,0.6666666666666666,1.0,1.0,1.0,0.6666666666666666,0.6666666666666666,1.0,0.8833333333333333,True,True,True,True,True,False,True,True,True,2024-12-25,2024-11-26,l4_diff02_delta04_l3eff015,l4_diff02_delta04_l3eff015,0.00075,base_or_cut,True,0.04
CZCE|SR,CZCE,SR,2024-12-12,2024-12-11,2025-02-12,CZCE.SR503P5500,P,5500.0,62,5.5,1453,2027,0.1479862040519598,-0.0361898781692522,0.0361898781692522,0.8979591836734694,6125.0,10.0,0.01764234161988773,3117.5,55.0,0.1616118521646615,0.1481641877100118,7,2,P,0.1616118521646615,0.1481641877100118,0.013447664454649705,2024-12-12,CZCE,SR,0.12439098884818556,12,64221,22523,0.0035812093699016945,0.029643373122334307,0.0035812093699016945,0.0,0.0,756.0,0.12427963421302063,0.18224703284720215,0.0,0.005291005291005291,0.012368632153946159,62.0,205.0,0.018466538284942033,7370.0,0.7812310030395136,2.0,47,SR,16088.0,8961.0,7.0,0.1616118521646615,,,,,,0.6679121517831196,0.8770676323774101,-0.6388802052580339,-0.4867704929195764,-0.6725422348870345,-0.63961380793441,-0.0098342541436463,-0.3917735695377723,,,,,,,,True,SR,1.0,True,True,False,False,12.0,1.0,1.0,1.0,0.9166666666666666,1.0,9.0,1.0,1.0,1.0,0.8888888888888888,1.0,1.0,1.0,1.0,0.8888888888888888,1.0,0.9888888888888889,True,True,True,True,True,False,True,True,True,2025-02-12,2024-12-12,l4_diff02_delta04_l3eff015,l4_diff02_delta04_l3eff015,0.001,base_or_cut,True,0.04
SHFE|AL,SHFE,AL,2024-12-26,2024-12-25,2025-01-21 00:00:00,SHFE.al2502C20800,C,20800.0,26,16.0,739,1220,0.1230485687467372,0.0582910995316402,0.0582910995316402,1.053431248417321,19745.0,5.0,0.010936431989063569,7315.0,80.0,,0.1268637925457337,0,2,C,0.1268637925457337,,,2024-12-26,SHFE,AL,0.1156322974227701,95,33368,29855,0.0008695458316839572,0.0075768994698058156,0.0008695458316839572,0.0,0.0,756.0,0.14544419164765438,0.27228678062419204,0.0,0.003968253968253968,0.016154507169019165,68.0,77.0,0.022227822580645158,1861.75,0.7677377333912289,4.0,47,AL,3699.0,2122.0,2.0,0.1268637925457337,224914.0,425842.0,19870.0,19907.5,future_daily_quote,0.840299863698319,0.9606156631960164,-0.3972456404065341,-0.2083942185251558,-0.2711330049261083,-0.5796113194681214,-0.6026961243212882,-0.6842261904761905,425842.0,0.0070972304010255,-0.0957271055503884,0.8681725892243676,-0.733642642074444,1.009362585685436,0.2498228771716282,True,AL,1.0,True,True,True,True,12.0,1.0,1.0,0.75,0.6666666666666666,1.0,12.0,1.0,1.0,0.75,0.6666666666666666,1.0,1.0,1.0,0.75,0.6666666666666666,1.0,0.9041666666666667,True,True,True,True,True,False,True,True,True,,2024-12-26,l4_diff02_delta04_l3eff015,l4_diff02_delta04_l3eff015,0.001,base_or_cut,False,0.08
SHFE|CU,SHFE,CU,2024-12-26,2024-12-25,2025-01-21 00:00:00,SHFE.cu2502P71000,P,71000.0,26,88.0,1395,1016,0.1267522726990267,-0.0766212624095267,0.0766212624095267,0.9534040553242916,74470.0,5.0,0.015172413793103448,29000.0,440.0,0.1727069495305657,0.13118118305426785,6,2,P,0.1727069495305657,0.13118118305426785,0.041525766476297854,2024-12-26,SHFE,CU,0.1124269966441977,47,19294,24249,-0.0032114415894416437,-0.027771402299235064,0.0032114415894416437,0.0,0.0,756.0,0.16111653560097697,0.2926327252245748,0.003968253968253968,0.007936507936507936,0.018323883475612333,113.0,217.0,0.028783658310120707,1583.0,0.7094659140251846,10.0,47,CU,9951.0,6487.0,6.0,0.1727069495305657,74545.0,382040.0,74225.0,74285.0,future_daily_quote,1.6532646619039708,1.2084575260804769,0.8949305421250278,0.2552568993936389,0.7507037297677692,3.3759894459102906,-0.0493845252051582,0.9113140836770772,382040.0,0.0099664260977607,-0.0804431703577471,0.391651561720125,-1.933900040187843,0.8782690256372531,-1.271502794725298,True,CU,1.0,True,True,False,False,12.0,1.0,1.0,0.75,0.6666666666666666,1.0,12.0,1.0,1.0,0.8333333333333334,0.75,1.0,1.0,1.0,0.8333333333333334,0.75,1.0,0.9333333333333335,True,True,True,True,False,True,True,True,True,,2024-12-26,l4_diff02_delta04_l3eff015,l4_diff02_delta04_l3eff015,0.001,base_or_cut,False,0.08
SHFE|ZN,SHFE,ZN,2024-12-26,2024-12-25,2025-01-21,SHFE.zn2502C28000,C,28000.0,26,15.0,1405,1321,0.1903472090437787,0.0304531996265701,0.0304531996265701,1.1012782694198624,25425.0,5.0,0.011661807580174927,6431.25,75.0,0.1869940300752725,0.19788077900953374,1,2,C,0.19788077900953374,0.1869940300752725,0.010886748934261253,2024-12-26,SHFE,ZN,0.15036565483439304,50,33369,20038,0.0010893216396071492,0.007297349930117378,0.0010893216396071492,0.0,0.0,756.0,0.18429542930009543,0.22147558499343506,0.0,0.0,0.017794285568888422,35.0,38.0,0.028430947303014795,1451.0,0.746233174120712,7.0,47,ZN,2376.0,2461.0,2.0,0.1978807790095337,140056.0,150232.0,25395.0,25480.0,future_daily_quote,0.6472350858076819,0.9677546205269368,-0.977095984669908,-0.4073170620762438,-0.7244578452974603,-0.3421926910299003,-0.8217958001448226,-0.6716477651767845,150232.0,0.1518915520387664,0.4503678245254967,0.7003640436852422,-1.0791261266473664,1.339646701087005,1.936542719800194,True,ZN,1.0,True,True,True,True,12.0,0.9166666666666666,0.9166666666666666,0.5,0.5,0.9094202898550724,12.0,1.0,1.0,0.5833333333333334,0.5,1.0,1.0,1.0,0.5833333333333334,0.5,1.0,0.8458333333333334,True,True,True,True,True,False,True,True,True,2025-01-21,2024-12-26,l4_diff02_delta04_l3eff015,l4_diff02_delta04_l3eff015,0.00075,base_or_cut,True,0.04
CZCE|MA,CZCE,MA,2025-01-14,2025-01-13,2025-02-12 00:00:00,CZCE.MA503C3000,C,3000.0,29,5.0,2471,2239,0.2433844296709312,0.06376522907866,0.06376522907866,1.1127596439169138,2696.0,10.0,0.0357653791130186,1398.0,50.0,0.2187813125741468,0.24481102484302752,1,2,C,0.24481102484302752,0.2187813125741468,0.026029712268880734,2025-01-14,CZCE,MA,0.18370001548679593,24,42165,43262,0.000688765586444845,0.0037635150124370777,0.000688765586444845,0.0,0.0,756.0,0.22005511134051872,0.24793080583857974,0.006613756613756613,0.005291005291005291,0.020841036736542508,51.0,195.0,0.03128054740957967,2315.5,0.6769422492401216,13.0,47,MA,3743.0,3716.0,2.0,0.2448110248430275,582957.0,787575.0,2638.0,2641.0,future_daily_quote,0.5150681161414614,0.5622635799667121,-0.7529075674042476,-0.7462574114151159,-0.4339080459770115,-0.9044250951152872,-0.7769775537150402,-0.8005688831642784,787575.0,-0.0937132125756461,0.233811197082373,1.0145210776644455,-0.1047729429551236,1.1392303441811489,0.8421593543255652,True,MA,1.0,True,True,True,True,12.0,1.0,1.0,0.8333333333333334,0.75,1.0,12.0,1.0,1.0,0.8333333333333334,0.6666666666666666,1.0,1.0,1.0,0.8333333333333334,0.6666666666666666,1.0,0.925,True,True,True,False,True,True,True,False,True,,2025-01-14,l4_diff02_delta04_l3eff015,l4_diff02_delta04_l3eff015,0.001,base_or_cut,False,0.08
CZCE|TA,CZCE,TA,2025-01-14,2025-01-13,2025-02-12 00:00:00,CZCE.TA503P4800,P,4800.0,29,9.5,4276,3080,0.1807515847199187,-0.078483428920042,0.078483428920042,0.9316770186335404,5152.0,5.0,0.02724404932606825,1743.5000000000002,47.5,0.19515275274937144,,6,0,P,0.19515275274937144,,,2025-01-14,CZCE,TA,0.1864435209767305,28,105072,87484,0.0024136754942914174,0.013115674188411686,0.0024136754942914174,0.0,0.0,756.0,0.2193840228397686,0.33649321351101313,0.006613756613756613,0.005291005291005291,0.022623518751274566,81.0,258.0,0.026252019386106624,3157.0,0.676548415110725,14.0,47,TA,13306.0,15292.0,6.0,0.1951527527493714,1080180.0,1641223.0,5173.0,5176.0,future_daily_quote,0.5965478592243891,0.9256658595641648,-0.617077207923414,-0.3225700166592887,-0.7127870834052841,-0.3324972408949533,-0.0083652162635367,0.7047937569676701,1641223.0,0.1391757264295199,-0.0167059391638763,2.1906478978354733,1.518604412091473,1.8898802086991768,1.152319270638493,True,TA,1.0,True,True,True,False,12.0,0.9166666666666666,0.9166666666666666,0.75,0.75,-1.4722222222222223,12.0,0.9166666666666666,0.9166666666666666,0.75,0.75,-1.4722222222222223,0.9166666666666666,0.9166666666666666,0.75,0.75,-1.4722222222222223,0.7666666666666666,True,True,True,False,True,False,True,False,True,,2025-01-14,l4_diff02_delta04_l3eff015,l4_diff02_delta04_l3eff015,0.001,base_or_cut,False,0.08
SHFE|AL,SHFE,AL,2025-01-22,2025-01-21,2025-02-24,SHFE.al2503P18500,P,18500.0,33,10.0,424,1165,0.1570809710253033,-0.0269543151372503,0.0269543151372503,0.9140316205533596,20240.0,5.0,0.00859106529209622,5820.0,50.0,0.1349035604977466,0.1298610521201885,4,1,P,0.1349035604977466,0.1298610521201885,0.005042508377558097,2025-01-22,SHFE,AL,0.1114919430938676,55,28397,34526,-0.002690824002644296,-0.023565937935011702,0.002690824002644296,0.0,0.0,756.0,0.1414002401142856,0.27123477950992864,0.0,0.003968253968253968,0.015965138882181935,74.0,91.0,0.02164814249546622,1747.5,0.7597585034013605,4.0,48,AL,4490.0,1418.0,4.0,0.1349035604977466,194729.0,421217.0,20367.5,20352.5,future_daily_quote,1.2630098452883265,1.0350364963503649,-0.0345042413290432,-0.2568017211349579,0.8192868719611022,0.0417633410672853,-0.4712900820283371,-0.3096397273612463,421217.0,0.0782961969321509,,0.7732542325095649,-1.0194478605146138,1.0289458738175357,0.2437774533013753,True,AL,1.0,True,True,True,True,12.0,1.0,1.0,0.8333333333333334,0.75,1.0,12.0,1.0,1.0,0.75,0.75,1.0,1.0,1.0,0.75,0.75,1.0,0.9125,True,True,True,True,True,False,True,True,True,2025-02-24,2025-01-22,l4_diff02_delta04_l3eff015,l4_diff02_delta04_l3eff015,0.001,base_or_cut,True,0.04
CZCE|OI,CZCE,OI,2025-02-13,2025-02-12,2025-04-11,CZCE.OI505C10200,C,10200.0,57,11.5,34,1417,0.2289039385346227,0.0378815865750891,0.0378815865750891,1.1789181692094313,8652.0,10.0,0.025895068678225625,4441.0,115.0,0.21290031251164554,0.2289039385346227,2,3,C,0.2289039385346227,0.21290031251164554,0.01600362602297717,2025-02-13,CZCE,OI,0.1828566744627519,16,9999,39192,-0.008074671975356218,-0.04229097068654301,0.008074671975356218,0.0,0.0,592.0,0.20283188382338932,0.12407157210872337,0.0016891891891891893,0.0016891891891891893,0.018096120863420898,62.0,185.0,0.03034121074485356,1811.5,0.7227622549019608,8.0,48,OI,7112.0,1805.0,3.0,0.2289039385346227,540036.0,261691.0,8671.0,8759.0,future_daily_quote,1.0686701728024042,0.5388059701492537,-0.213546544451888,-0.4967485406078013,0.063238152190163,3.914996544574983,0.0022209883398112,1.206601466992665,261691.0,-0.0490741144493379,-0.0408487149789617,1.2542758665539442,0.7975523767920494,0.9548605789930744,-0.1721358699120671,True,OI,1.0,True,True,True,True,12.0,0.8333333333333334,0.8333333333333334,0.6666666666666666,0.6666666666666666,-2.0788244766505635,9.0,0.7777777777777778,0.7777777777777778,0.5555555555555556,0.5555555555555556,-3.105099302200751,0.7777777777777778,0.7777777777777778,0.5555555555555556,0.5555555555555556,-3.105099302200751,0.6222222222222222,True,True,True,True,True,False,True,True,True,2025-04-11,2025-02-13,l4_diff02_delta04_l3eff015,l4_diff02_delta04_l3eff015,0.00075,base_or_cut,True,0.04
CZCE|RM,CZCE,RM,2025-02-13,2025-02-12,2025-04-11 00:00:00,CZCE.RM505C3000,C,3000.0,57,8.5,842,2659,0.2823425421661395,0.0708535443989706,0.0708535443989706,1.1853022520742789,2531.0,10.0,0.06293965198074787,1350.5,85.0,0.2383070389423085,0.284410008850717,9,2,C,0.284410008850717,0.2383070389423085,0.04610296990840848,2025-02-13,CZCE,RM,0.25126809475957823,14,24214,31065,0.010205971150360982,0.04233751448612372,0.010205971150360982,0.0,0.0,756.0,0.23826827435937423,0.17281289518304738,0.003968253968253968,0.0013227513227513227,0.026587147419986246,70.0,348.0,0.04079222073577653,3231.5,0.717453431372549,9.0,48,RM,17726.0,4780.0,2.0,0.284410008850717,1025714.0,652055.0,2494.0,2487.0,future_daily_quote,1.116950220541903,1.1173445535296869,-0.3190308803581091,-0.3189015219779558,0.2481340656245598,0.6423607894005374,0.1173445535296868,3.93801652892562,652055.0,-0.0013477604968334,-0.0969442728660183,1.3612371867352515,0.999128477623526,1.013719820282014,0.0384294101224586,False,RM,1.0,True,True,False,False,12.0,0.9166666666666666,0.9166666666666666,0.6666666666666666,0.5,0.5490196078431372,8.0,1.0,1.0,0.625,0.5,1.0,1.0,1.0,0.625,0.5,1.0,0.8562500000000001,True,True,False,False,True,False,False,True,True,,2025-02-13,l4_diff02_delta04_l3eff015,l4_diff02_delta04_l3eff015,0.0015,boost015,False,0.08
CZCE|SR,CZCE,SR,2025-02-13,2025-02-12,2025-04-11 00:00:00,CZCE.SR505P5500,P,5500.0,57,9.0,4215,14490,0.1376049166813351,-0.0625601033960938,0.0625601033960938,0.9214273747696432,5969.0,10.0,0.024232633279483037,3714.0,90.0,0.1639933027171482,0.1387118547129272,6,5,P,0.1639933027171482,0.1387118547129272,0.025281448004220997,2025-02-13,CZCE,SR,0.10559332825568639,12,39019,67944,-0.00613064790263021,-0.05487316253355392,0.00613064790263021,0.0,0.0,756.0,0.12336346989209923,0.17958442261051152,0.0,0.005291005291005291,0.012226145856340846,63.0,200.0,0.01779036952702556,7310.0,0.7751053921568627,3.0,48,SR,43661.0,12366.0,6.0,0.1639933027171482,,,,,,1.7412163509471583,0.9496966438829584,1.0650619649469453,-0.2446382440403066,0.8549154558586116,0.9519402718168812,0.4747763864042933,-0.5030342000562633,,,,,,,,True,SR,1.0,True,True,True,True,12.0,1.0,1.0,0.9166666666666666,0.8333333333333334,1.0,10.0,1.0,1.0,0.9,0.8,1.0,1.0,1.0,0.9,0.8,1.0,0.955,True,True,True,True,True,True,True,True,True,,2025-02-13,l4_diff02_delta04_l3eff015,l4_diff02_delta04_l3eff015,0.0015,boost015,False,0.08
DCE|C,DCE,C,2025-02-21,2025-02-20,2025-04-17 00:00:00,DCE.c2505-C-2460,C,2460.0,55,4.0,217,3994,0.1351357856428253,0.0760336120832712,0.0760336120832712,1.0794207985958757,2279.0,10.0,0.028288543140028287,1414.0,40.0,0.13373580751611464,0.15518991938448728,6,8,C,0.15518991938448728,0.13373580751611464,0.02145411186837265,2025-02-21,DCE,C,0.10543051603303227,22,33528,160923,-0.00296893496864703,-0.027388837685174586,0.00296893496864703,0.0,0.0,756.0,0.11114175114079397,0.1308395168428634,0.0,0.007936507936507936,0.011827490531425029,63.0,365.0,0.016151260305636884,3927.0,0.7468137254901961,6.0,48,C,38180.0,1687.0,8.0,0.1551899193844872,550586.0,1408030.0,2274.0,2274.0,future_daily_quote,0.7772643065084179,0.3832348932303498,-0.5462499715536115,-0.7824793437370958,0.6789797713280563,0.2887328697765476,-0.2581354441512753,-0.16402378592666,1408030.0,0.0353116089193723,0.2625150413626265,1.0892620091915002,0.2263096547488564,1.5087883980073271,1.958443069984813,True,C,1.0,True,True,True,True,12.0,1.0,1.0,0.6666666666666666,0.6666666666666666,1.0,11.0,1.0,1.0,0.8181818181818182,0.8181818181818182,1.0,1.0,1.0,0.8181818181818182,0.8181818181818182,1.0,0.9363636363636364,True,True,True,True,True,True,True,True,True,,2025-02-21,l4_diff02_delta04_l3eff015,l4_diff02_delta04_l3eff015,0.0015,boost015,False,0.08
SHFE|AO,SHFE,AO,2025-02-25,2025-02-24,2025-03-25,SHFE.ao2504C3900,C,3900.0,28,2.5,1199,2828,0.2831288812423362,0.0258426968021667,0.0258426968021667,1.1683642899940083,3338.0,20.0,0.01475796930342385,3388.0,50.0,0.2739621079567504,0.2794554043329798,2,4,C,0.2794554043329798,0.2739621079567504,0.005493296376229362,2025-02-25,SHFE,AO,0.21539242029324412,28,30455,12655,-0.00013764329722443236,-0.0006386269039755408,0.00013764329722443236,0.0,0.0,133.0,0.28708287686699463,0.18780637362284827,0.0,0.0,0.02573612230325571,57.0,174.0,0.060706401766004406,1706.0,0.7965147058823528,1.0,48,AO,9317.0,4668.0,4.0,0.2794554043329798,,,,,,0.7991251393773051,1.0405706642888988,-0.443611949229284,-0.3225169332374361,-0.6746630351281514,-0.3186837294332724,-0.7791863765373699,-0.5619369369369369,,,,,,,,False,AO,1.0,True,True,True,True,3.0,0.6666666666666666,0.6666666666666666,0.3333333333333333,0.3333333333333333,-10.365079365079366,0.0,,,,,,0.6666666666666666,0.6666666666666666,0.3333333333333333,0.3333333333333333,-10.365079365079366,0.4833333333333333,True,True,False,False,True,False,False,True,True,2025-03-25,2025-02-25,l4_diff02_delta04_l3eff015,l4_diff02_delta04_l3eff015,0.001,base_or_cut,True,0.04
SHFE|AU,SHFE,AU,2025-02-25,2025-02-24,2025-03-25 00:00:00,SHFE.au2504P632,P,632.0,28,1.24,2745,3956,0.1826799136969042,-0.0784069568038168,0.0784069568038168,0.9320984012742612,678.04,1000.0,0.014301135786977658,86706.40000000002,1240.0,0.2329701549425369,0.1975519923312699,9,5,P,0.2329701549425369,0.1975519923312699,0.035418162611266985,2025-02-25,SHFE,AU,0.15976034092964522,52,53490,31377,-0.007619443659602071,-0.04552188711617899,0.007619443659602071,0.0,0.0,756.0,0.1377835794576534,0.20002761175252895,0.0026455026455026454,0.018518518518518517,0.020608256273147205,80.0,314.0,0.01563238746339001,2533.0,0.5904730392156863,20.0,48,AU,28621.0,13391.0,9.0,0.2329701549425369,397084.0,364417.0,687.96,689.4100000000001,future_daily_quote,1.0448671144859814,1.8083727211343688,0.3519220793396262,1.0943189287927615,0.6905493207324276,-0.0048331015299026,0.7575797348733431,-0.1621723080773321,364417.0,0.0586162520806765,-0.0783259902980884,1.468554796572371,1.3272787654987102,0.9683532783367634,-0.1576942661356435,True,AU,1.0,True,True,True,True,12.0,0.9166666666666666,0.9166666666666666,0.9166666666666666,0.9166666666666666,0.6927083333333464,8.0,1.0,1.0,1.0,0.875,1.0,1.0,1.0,1.0,0.875,1.0,0.9875,True,True,True,False,False,True,True,True,True,,2025-02-25,l4_diff02_delta04_l3eff015,l4_diff02_delta04_l3eff015,0.001,base_or_cut,False,0.08
SHFE|CU,SHFE,CU,2025-02-25,2025-02-24,2025-03-25 00:00:00,SHFE.cu2504C82000,C,82000.0,28,88.0,2557,1844,0.147283075152237,0.0651255610826136,0.0651255610826136,1.064520316759704,77030.0,5.0,0.016584998115341122,26530.0,440.0,0.145439089692095,0.166962861796089,3,3,C,0.166962861796089,0.145439089692095,0.021523772103993977,2025-02-25,SHFE,CU,0.11509785325706332,42,42619,27224,0.0006021133947211599,0.005258827930585704,0.0006021133947211599,0.0,0.0,756.0,0.15799969079081122,0.2966271323400282,0.0026455026455026454,0.006613756613756613,0.017547770796475633,123.0,222.0,0.02804477509952323,1696.0,0.7043357843137255,11.0,48,CU,4477.0,4680.0,3.0,0.166962861796089,173545.0,471887.0,76910.0,77165.0,future_daily_quote,1.0401951672862453,1.3109243697478992,-0.2291252068008463,0.1180755302095222,3.445878848063555,0.0387470997679815,1559.0,63.10958904109589,471887.0,0.1968655917660278,0.2351769448225316,1.088459053819281,0.0734013518815682,1.1675415015655484,1.5055673331797723,True,CU,1.0,True,True,False,False,12.0,1.0,1.0,0.6666666666666666,0.5833333333333334,1.0,9.0,1.0,1.0,0.8888888888888888,0.7777777777777778,1.0,1.0,1.0,0.8888888888888888,0.7777777777777778,1.0,0.9500000000000001,True,True,True,True,False,True,True,True,True,,2025-02-25,l4_diff02_delta04_l3eff015,l4_diff02_delta04_l3eff015,0.001,base_or_cut,False,0.08
SHFE|NI,SHFE,NI,2025-02-25,2025-02-24,2025-03-25 00:00:00,SHFE.ni2504C150000,C,150000.0,28,34.0,594,1464,0.2928954373006552,0.0102130589474045,0.0102130589474045,1.21084920891185,123880.0,1.0,0.005459216441875401,6228.0,34.0,,0.2928954373006552,0,1,C,0.2928954373006552,,,2025-02-25,SHFE,NI,0.18043215211525754,42,6811,7641,0.0033317205855923904,0.018812605688283215,0.0033317205855923904,0.0,0.0,133.0,0.21919465631000914,0.11005919716573652,0.0,0.0,0.020552561928005787,11.0,11.0,0.04395604395604396,1245.0,0.7384681372549018,7.0,48,NI,1464.0,594.0,1.0,0.2928954373006552,108690.0,105646.0,124350.0,124780.0,future_daily_quote,0.5685436893203883,0.4925373134328358,-1.5972648780457224,-0.7325287285374944,-0.5225048923679061,-0.3100848256361922,-0.8174554394591272,-0.7369353410097431,105646.0,0.3666834840428972,0.3048998900705277,0.9856089665116026,-0.1472287696444581,1.39409614547182,2.039232066839685,True,NI,1.0,True,True,False,False,3.0,1.0,1.0,1.0,1.0,1.0,3.0,1.0,1.0,1.0,1.0,1.0,1.0,1.0,1.0,1.0,1.0,1.0,True,True,True,True,True,False,True,True,True,,2025-02-25,l4_diff02_delta04_l3eff015,l4_diff02_delta04_l3eff015,0.001,base_or_cut,False,0.08
CZCE|MA,CZCE,MA,2025-03-13,2025-03-12,2025-04-11 00:00:00,CZCE.MA505P2350,P,2350.0,29,5.5,2748,3643,0.2118289445534504,-0.0780461273086369,0.0780461273086369,0.9204857030943988,2553.0,10.0,0.03452605147520402,1593.0,55.0,0.250927752314859,0.2070480067927683,9,6,P,0.250927752314859,0.2070480067927683,0.043879745522090674,2025-03-13,CZCE,MA,0.16099569487108562,14,77791,66401,-0.011392949323452528,-0.06608874602317624,0.011392949323452528,0.0,0.0,756.0,0.21323064418555984,0.25516931195208387,0.006613756613756613,0.005291005291005291,0.01975791634339564,63.0,252.0,0.03062787136294027,3094.0,0.6830269607843137,12.0,48,MA,32229.0,10182.0,9.0,0.250927752314859,739859.0,873077.0,2539.0,2537.0,future_daily_quote,3.954478527607362,1.370205894226887,1.5484609902545328,0.2453423155889126,3.4837228714524207,0.5246948623332388,1.096355775169858,-0.6006275740341243,873077.0,0.0850691251112314,0.0098302293141856,1.2691484963728028,0.7538157221709249,1.228229339290588,1.4635254023984274,True,MA,1.0,True,True,False,False,12.0,1.0,1.0,0.8333333333333334,0.75,1.0,10.0,0.9,0.9,0.9,0.9,0.4470588235294118,0.9,0.9,0.9,0.9,0.4470588235294118,0.8823529411764706,True,True,True,False,False,True,True,False,True,,2025-03-13,l4_diff02_delta04_l3eff015,l4_diff02_delta04_l3eff015,0.001,base_or_cut,False,0.08
CZCE|PF,CZCE,PF,2025-03-13,2025-03-12,2025-04-11 00:00:00,CZCE.PF505C7000,C,7000.0,29,8.5,933,2314,0.1368176985959955,0.0754042343041191,0.0754042343041191,1.0577213659715927,6618.0,5.0,0.017734195702065508,2396.5000000000005,42.5,,0.17723244241677705,0,2,C,0.17723244241677705,,,2025-03-13,CZCE,PF,0.1196969317312563,32,5306,10378,-0.005855867109005,-0.04664067358988405,0.005855867109005,0.0,0.0,336.0,0.1283477969200132,0.2056877359772149,0.0,0.008928571428571428,0.014805871069478498,34.0,51.0,0.024395356559094663,1392.5,0.6678308823529412,14.0,48,PF,3451.0,1034.0,2.0,0.177232442416777,,,,,,0.8057436376371702,0.4424475823705605,-0.4963258272748685,-0.5830029000343951,0.2857675111773472,-0.0365717476270239,-0.0833333333333333,-0.3268229166666666,,,,,,,,True,PF,1.0,True,True,True,True,10.0,0.9,0.9,0.7,0.6,0.5384615384615385,3.0,1.0,1.0,0.6666666666666666,0.3333333333333333,1.0,1.0,1.0,0.6666666666666666,0.3333333333333333,1.0,0.85,True,True,True,True,True,False,True,False,True,,2025-03-13,l4_diff02_delta04_l3eff015,l4_diff02_delta04_l3eff015,0.00075,base_or_cut,False,0.08
CZCE|PK,CZCE,PK,2025-03-13,2025-03-12,2025-04-11 00:00:00,CZCE.PK505C8800,C,8800.0,29,7.5,654,1428,0.1378879870858768,0.0556913814006574,0.0556913814006574,1.0646019840309702,8266.0,5.0,0.013225180744136837,2835.5,37.5,0.11630607318961894,0.1571764877920793,4,3,C,0.1571764877920793,0.11630607318961894,0.04087041460246035,2025-03-13,CZCE,PK,0.10660624624573367,16,10180,29540,-0.002442816482448068,-0.022401077288826315,0.002442816482448068,0.0,0.0,480.0,0.15900904852093578,0.23181568134069344,0.0,0.0,0.015018002800576184,71.0,226.0,0.022943998273543896,1814.0,0.7758578431372548,3.0,48,PK,6845.0,2078.0,3.0,0.1571764877920793,,,,,,1.0715403882279273,0.4245148110316649,-0.4195190336851085,-0.8775047710712316,1.4136107193229903,0.0415398660986001,1.291069459757442,-0.435786043985881,,,,,,,,True,PK,1.0,True,True,True,True,12.0,1.0,1.0,0.8333333333333334,0.8333333333333334,1.0,12.0,1.0,1.0,0.8333333333333334,0.8333333333333334,1.0,1.0,1.0,0.8333333333333334,0.8333333333333334,1.0,0.9416666666666668,True,True,True,True,True,True,True,True,True,,2025-03-13,l4_diff02_delta04_l3eff015,l4_diff02_delta04_l3eff015,0.0015,boost015,False,0.08
CZCE|TA,CZCE,TA,2025-03-13,2025-03-12,2025-04-11 00:00:00,CZCE.TA505C5200,C,5200.0,29,8.0,5096,18513,0.1958272456911953,0.0699397295946565,0.0699397295946565,1.0865022983702466,4786.0,5.0,0.02861230329041488,1398.0,40.0,0.2095248778787082,0.2813869957377295,3,11,C,0.2813869957377295,0.2095248778787082,0.07186211785902133,2025-03-13,CZCE,TA,0.1698599768430771,29,103487,112763,-0.001006231002460195,-0.00588899944083634,0.001006231002460195,0.0,0.0,756.0,0.21121480602415454,0.34618901393046414,0.006613756613756613,0.005291005291005291,0.022883608064378037,83.0,284.0,0.02645302557642426,5064.5,0.6659926470588236,15.0,48,TA,111229.0,23716.0,11.0,0.2813869957377295,856323.0,1928313.0,4791.0,4806.0,future_daily_quote,4.033543661154627,1.2495916539332947,1.3739539931196187,0.3143441511133967,13.420977570335795,0.4589323189926548,2.942809642560266,-0.1558940774487471,1928313.0,0.3474878113376047,0.2235713728234847,1.1703933826644837,0.5037486260071293,1.3108171768031178,1.1681786157158225,True,TA,1.0,True,True,True,True,12.0,0.9166666666666666,0.9166666666666666,0.75,0.6666666666666666,-1.4722222222222223,12.0,1.0,1.0,0.9166666666666666,0.8333333333333334,1.0,1.0,1.0,0.9166666666666666,0.8333333333333334,1.0,0.9625,True,True,True,False,False,True,True,False,True,,2025-03-13,l4_diff02_delta04_l3eff015,l4_diff02_delta04_l3eff015,0.0015,boost015,False,0.08
SHFE|AL,SHFE,AL,2025-03-26,2025-03-25,2025-04-24 00:00:00,SHFE.al2505C22000,C,22000.0,29,26.0,683,1309,0.1462289389169154,0.0700347298056872,0.0700347298056872,1.063572637176698,20685.0,5.0,0.018093249826026444,7185.0,130.0,,0.1462289389169154,0,1,C,0.1462289389169154,,,2025-03-26,SHFE,AL,0.10779619634872567,72,33986,45259,0.004987987160713303,0.048517401480959864,0.004987987160713303,0.0,0.0,756.0,0.136260932795281,0.22766483749642433,0.0,0.003968253968253968,0.014241887652848215,72.0,94.0,0.02052221895082602,1397.0,0.7444852941176471,8.0,48,AL,1309.0,683.0,1.0,0.1462289389169154,263022.0,501157.0,20725.0,20700.0,future_daily_quote,0.4725631768953068,0.4678082191780822,-0.9551131025412192,-0.6956976741190167,-0.4637443670626792,-0.8202416918429003,-0.7544048903272205,-0.8923561859732072,501157.0,0.0047293694040473,,1.09310796966983,0.1064251085137587,1.129400974000365,1.2937781471095176,True,AL,1.0,True,True,True,True,12.0,1.0,1.0,0.8333333333333334,0.75,1.0,12.0,1.0,1.0,0.75,0.6666666666666666,1.0,1.0,1.0,0.75,0.6666666666666666,1.0,0.9041666666666667,True,True,True,True,True,False,True,True,True,,2025-03-26,l4_diff02_delta04_l3eff015,l4_diff02_delta04_l3eff015,0.001,base_or_cut,False,0.08
SHFE|AO,SHFE,AO,2025-03-26,2025-03-25,2025-04-24 00:00:00,SHFE.ao2505C3450,C,3450.0,29,8.0,996,1980,0.2766333834917917,0.0764684037484896,0.0764684037484896,1.1212219694507637,3077.0,20.0,0.049428483163422916,3237.0000000000005,160.0,0.2571903798665809,0.3025704500521428,3,6,C,0.3025704500521428,0.2571903798665809,0.045380070185561894,2025-03-26,SHFE,AO,0.20580576482684426,36,36276,25500,-0.006549582189187164,-0.03084255838725226,0.006549582189187164,0.0,0.0,158.0,0.28421333479432215,0.2120919447634675,0.0,0.0,0.025648863610048363,71.0,203.0,0.056030669419050425,1706.0,0.8091581825037706,1.0,48,AO,21789.0,7678.0,6.0,0.3025704500521428,,,,,,1.871424890492141,1.489572218449898,0.8134877789910988,-0.0092788564292076,0.513860904606406,0.8068662409818392,0.4008392629082284,12.080068143100512,,,,,,,,False,AO,1.0,True,True,True,True,4.0,0.75,0.75,0.5,0.5,-7.523809523809524,1.0,1.0,1.0,1.0,1.0,1.0,0.75,0.75,0.5,0.5,-7.523809523809524,0.5875,True,True,False,False,False,False,False,True,True,,2025-03-26,l4_diff02_delta04_l3eff015,l4_diff02_delta04_l3eff015,0.0015,boost015,False,0.08
SHFE|CU,SHFE,CU,2025-03-26,2025-03-25,2025-04-24 00:00:00,SHFE.cu2505C90000,C,90000.0,29,174.0,17021,5559,0.2368132956304257,0.073528785338035,0.073528785338035,1.104023552502453,81520.0,5.0,0.04094117647058824,21250.0,870.0,0.1809554347035604,0.24494043434172513,5,2,C,0.24494043434172513,0.1809554347035604,0.06398499963816473,2025-03-26,SHFE,CU,0.14965621521778447,30,68752,28949,-0.014079308032345944,-0.08598810907293283,0.014079308032345944,0.0,0.0,756.0,0.1543023546375992,0.25348275894786126,0.0013227513227513227,0.005291005291005291,0.015944858096748192,121.0,225.0,0.027187162977259503,1695.0,0.7291996606334841,10.0,48,CU,7682.0,23277.0,2.0,0.2449404343417251,372838.0,604724.0,81440.0,81785.0,future_daily_quote,1.7848513011152416,6.7823426573426575,1.1929363487914115,5.029891701960071,0.5239039873041063,2.980310880829016,0.8434307436445712,7.701682242990655,604724.0,0.1735719068088532,,2.442973073029456,4.755518076247082,1.4962064371188963,3.8200067410538674,True,CU,1.0,True,True,True,True,12.0,1.0,1.0,0.5833333333333334,0.5,1.0,10.0,1.0,1.0,0.8,0.7,1.0,1.0,1.0,0.8,0.7,1.0,0.9199999999999999,True,True,True,True,False,True,True,False,True,,2025-03-26,l4_diff02_delta04_l3eff015,l4_diff02_delta04_l3eff015,0.001,base_or_cut,False,0.08
SHFE|RB,SHFE,RB,2025-03-26,2025-03-25,2025-04-24 00:00:00,SHFE.rb2505C3500,C,3500.0,29,5.0,4035,37589,0.1950762011083562,0.0659470614068026,0.0659470614068026,1.0879701585327946,3217.0,10.0,0.02699784017278617,1852.0000000000005,50.0,0.1964674480398145,0.2742823622496005,5,13,C,0.2742823622496005,0.1964674480398145,0.077814914209786,2025-03-26,SHFE,RB,0.1546445957713719,38,67984,166505,0.008553486567863144,0.05854898778232912,0.008553486567863144,0.0,0.0,541.0,0.17109769167312244,0.17776613667581145,0.0073937153419593345,0.012939001848428836,0.02034968773996691,62.0,281.0,0.03200992320530599,15985.25,0.6461491327300151,15.0,48,RB,172058.0,17424.0,13.0,0.2742823622496005,1564249.0,3139020.0,3271.5,3278.5,future_daily_quote,8.57332203896557,2.3173294321053333,0.8832700064713653,0.2708184927783904,32.73686274509804,156.13059360730594,6.152709359605911,13.188925081433224,3139020.0,0.080256823487022,0.3751190462631082,0.9792806187767829,-0.1253639938365416,1.308434198975768,1.2216243475166773,True,RB,1.0,True,True,True,True,12.0,1.0,1.0,0.8333333333333334,0.6666666666666666,1.0,12.0,1.0,1.0,0.9166666666666666,0.75,1.0,1.0,1.0,0.9166666666666666,0.75,1.0,0.9541666666666667,True,True,True,False,False,True,True,False,True,,2025-03-26,l4_diff02_delta04_l3eff015,l4_diff02_delta04_l3eff015,0.0015,boost015,False,0.08
SHFE|ZN,SHFE,ZN,2025-03-26,2025-03-25,2025-04-24 00:00:00,SHFE.zn2505C26000,C,26000.0,29,31.0,1951,2530,0.1691794888448264,0.0631131904593027,0.0631131904593027,1.0768275005177057,24145.0,5.0,0.020421607378129116,7590.0,155.0,0.1618008836971829,0.20669527024494566,1,2,C,0.20669527024494566,0.1618008836971829,0.04489438654776276,2025-03-26,SHFE,ZN,0.13564716973259994,66,34023,28115,0.0006509185034341836,0.004821752437622901,0.0006509185034341836,0.0,0.0,756.0,0.17660974341596447,0.19699037162906757,0.0,0.0,0.015019796797603811,40.0,46.0,0.026650632568838373,1634.0,0.7486661010558068,5.0,48,ZN,4907.0,2828.0,2.0,0.2066952702449456,176395.0,124775.0,24155.0,24165.0,future_daily_quote,0.8904010161495192,0.669824727617243,-0.1473680819003591,-0.4710349084755387,0.5253341622629779,2.0842237586423638,0.2168674698795181,112.12,124775.0,0.3627973524978702,,1.0493705977536645,-0.1135542794395501,1.1249504129250965,0.5304515331973921,True,ZN,1.0,True,True,True,True,12.0,1.0,1.0,0.6666666666666666,0.6666666666666666,1.0,12.0,1.0,1.0,0.5833333333333334,0.5833333333333334,1.0,1.0,1.0,0.5833333333333334,0.5833333333333334,1.0,0.8541666666666667,True,True,True,True,True,True,True,True,True,,2025-03-26,l4_diff02_delta04_l3eff015,l4_diff02_delta04_l3eff015,0.0015,boost015,False,0.08
CZCE|MA,CZCE,MA,2025-04-14,2025-04-11,2025-05-13 00:00:00,CZCE.MA506P2075,P,2075.0,29,5.5,5997,4372,0.268748514815105,-0.0689689418760999,0.0689689418760999,0.896328293736501,2315.0,10.0,0.04536082474226804,1212.5,55.0,0.28238140868535866,0.2413929649747327,4,3,P,0.28238140868535866,0.2413929649747327,0.04098844371062596,2025-04-14,CZCE,MA,0.199107734709213,35,50859,34399,-0.043319730946681984,-0.1786915143029653,0.043319730946681984,0.0,0.0,756.0,0.21019141161481517,0.25456243266456896,0.007936507936507936,0.006613756613756613,0.01975791634339564,56.0,214.0,0.03125443054032071,2247.0,0.7006256348693323,11.0,49,MA,9103.0,7920.0,4.0,0.2823814086853586,518910.0,359638.0,2376.0,2375.0,future_daily_quote,0.672155357011002,1.051932527560101,-0.5704848933421336,-0.1504589254920326,-0.8572324775332884,8.021803766105055,-0.6859510686387248,12.58490566037736,359638.0,-0.5499495686429585,-0.4201192209521874,0.8901342637621643,-0.5303616779495732,0.4986640377258552,-2.88804004626106,False,MA,1.0,True,True,True,True,12.0,1.0,1.0,0.75,0.6666666666666666,1.0,11.0,0.9090909090909091,0.9090909090909091,0.8181818181818182,0.8181818181818182,0.49732620320855614,0.9090909090909091,0.9090909090909091,0.8181818181818182,0.8181818181818182,0.49732620320855614,0.8612299465240641,True,True,False,False,True,False,False,False,True,,2025-04-14,l4_diff02_delta04_l3eff015,l4_diff02_delta04_l3eff015,0.001,base_or_cut,False,0.08
DCE|C,DCE,C,2025-04-18,2025-04-17,2025-06-18,DCE.c2507-C-2600,C,2600.0,61,2.0,678,5449,0.1708090351818907,0.0327994450358738,0.0327994450358738,1.1398509425690486,2281.0,10.0,0.017233950883239983,1160.5,20.0,0.1301125138526002,0.1479542677002833,1,5,C,0.1479542677002833,0.1301125138526002,0.017841753847683106,2025-04-18,DCE,C,0.09428782995743135,22,52469,143485,-0.004446961408585054,-0.04503945718687827,0.004446961408585054,0.0,0.0,756.0,0.11099076774422836,0.13117696120751834,0.0,0.007936507936507936,0.011644941559559367,65.0,379.0,0.016632369136420223,4029.0,0.7792386185243327,4.0,49,C,13170.0,1438.0,5.0,0.1479542677002833,573043.0,1259116.0,2288.0,2293.0,future_daily_quote,0.3701101618705036,0.5108348134991119,-0.7933114289064186,-0.6277819107926257,-0.89289722362279,-0.7394658753709199,-0.8603747936692883,-0.4891651865008881,1259116.0,0.112566513684456,-0.0940581735190043,1.0859401204867225,0.1914406555242241,0.9928198690765496,0.1835677635343794,True,C,1.0,True,True,False,False,12.0,1.0,1.0,0.6666666666666666,0.6666666666666666,1.0,12.0,1.0,1.0,0.8333333333333334,0.8333333333333334,1.0,1.0,1.0,0.8333333333333334,0.8333333333333334,1.0,0.9416666666666668,True,True,True,True,True,False,True,True,True,2025-06-18,2025-04-18,l4_diff02_delta04_l3eff015,l4_diff02_delta04_l3eff015,0.001,base_or_cut,True,0.04
DCE|CS,DCE,CS,2025-04-18,2025-04-17,2025-06-18 00:00:00,DCE.cs2507-C-2850,C,2850.0,61,5.0,427,1673,0.1362837494810798,0.0774144111246868,0.0774144111246868,1.0840623811335108,2629.0,10.0,0.031766200762388806,1574.0000000000005,50.0,,0.142071243558872,0,3,C,0.142071243558872,,,2025-04-18,DCE,CS,0.09850705572252075,12,13233,20301,0.00695959057459275,0.07602166333439181,0.00695959057459275,0.0,0.0,139.0,0.10839965845149166,0.10288256612646676,0.0,0.007194244604316547,0.013322295106491105,33.0,59.0,0.015384615384615385,2210.0,0.7134284483023978,9.0,49,CS,5264.0,946.0,3.0,0.142071243558872,133378.0,191727.0,2640.0,2649.0,future_daily_quote,1.85679012345679,2.154897494305239,-0.0291787764819568,-0.0253449407500827,-0.5240506329113924,1.397085610200364,-0.7805613546740895,1.1797235023041477,191727.0,0.4632409619244595,0.261727078891258,1.4720496208902183,2.0356049068333752,1.2606651587280713,1.354627433091891,True,CS,1.0,True,True,True,False,2.0,1.0,1.0,1.0,1.0,1.0,2.0,1.0,1.0,1.0,1.0,1.0,1.0,1.0,1.0,1.0,1.0,1.0,True,True,True,True,False,False,True,True,True,,2025-04-18,l4_diff02_delta04_l3eff015,l4_diff02_delta04_l3eff015,0.0015,boost015,False,0.08
SHFE|AL,SHFE,AL,2025-04-25,2025-04-24,2025-05-26 00:00:00,SHFE.al2506P18500,P,18500.0,31,38.0,376,1423,0.1846134986138616,-0.0769817820629553,0.0769817820629553,0.9275507646026572,19945.0,5.0,0.02900763358778626,6550.0,190.0,0.1925380197231795,,3,0,P,0.1925380197231795,,,2025-04-25,SHFE,AL,0.11889885790749312,62,33569,45704,-0.003952665240787009,-0.032174328323273584,0.003952665240787009,0.0,0.0,756.0,0.13410474380362486,0.20804103675054653,0.0,0.005291005291005291,0.014023364037533195,73.0,98.0,0.0206794682422452,1405.0,0.7583693092621664,6.0,49,AL,5248.0,538.0,3.0,0.1925380197231795,268212.0,535096.0,19952.5,19862.5,future_daily_quote,1.3688054251434534,0.3562913907284768,0.1804050818845338,-0.578731390354299,-0.3784199928935212,1.1499385497746824,-0.9348194814635328,10.955555555555556,535096.0,0.1004997634864159,0.1471226322062822,1.105176626683753,-0.051517944360439,1.1954193493617382,1.682257325173199,True,AL,1.0,True,True,True,False,12.0,1.0,1.0,0.9166666666666666,0.8333333333333334,1.0,12.0,1.0,1.0,0.75,0.75,1.0,1.0,1.0,0.75,0.75,1.0,0.9125,True,True,True,True,True,False,True,True,True,,2025-04-25,l4_diff02_delta04_l3eff015,l4_diff02_delta04_l3eff015,0.001,base_or_cut,False,0.08
SHFE|AO,SHFE,AO,2025-04-25,2025-04-24,2025-05-26 00:00:00,SHFE.ao2506C3200,C,3200.0,31,8.0,989,2499,0.2963052097796173,0.0757881965682569,0.0757881965682569,1.1359602413915513,2817.0,20.0,0.05374538125629829,2977.0,160.0,0.29644537543840166,0.3288846477517608,2,3,C,0.3288846477517608,0.29644537543840166,0.032439272313359135,2025-04-25,SHFE,AO,0.2135208590381873,24,12864,17257,0.009784321176070032,0.048024381285460764,0.009784321176070032,0.0,0.0,182.0,0.27607899014160925,0.2177351655417018,0.01098901098901099,0.005494505494505495,0.027586494216851887,81.0,224.0,0.05421450000457197,1650.0,0.6894721350078493,13.0,49,AO,7570.0,2485.0,3.0,0.3288846477517608,,,,,,0.5887843198257758,0.3992930023298787,-0.7601804375064204,-0.579489940599315,-0.8532974167167303,-0.2362792574656981,-0.7974074677971629,-0.6159789831556174,,,,,,,,True,AO,1.0,True,True,False,False,5.0,0.8,0.8,0.6,0.6,-5.819047619047619,2.0,1.0,1.0,1.0,1.0,1.0,0.8,0.8,0.6,0.6,-5.819047619047619,0.6499999999999999,True,True,True,False,True,True,True,False,True,,2025-04-25,l4_diff02_delta04_l3eff015,l4_diff02_delta04_l3eff015,0.001,base_or_cut,False,0.08
SHFE|ZN,SHFE,ZN,2025-04-25,2025-04-24,2025-05-26 00:00:00,SHFE.zn2506P19800,P,19800.0,31,31.0,720,1846,0.2672124435232245,-0.0420967244064774,0.0420967244064774,0.8768821966341895,22580.0,5.0,0.026724137931034484,5800.0,155.0,0.2672124435232245,,1,0,P,0.2672124435232245,,,2025-04-25,SHFE,ZN,0.15533796463110486,44,23144,18264,-0.006159858958951242,-0.03814205555232339,0.006159858958951242,0.0,0.0,756.0,0.17475911678061917,0.18351043451059615,0.0013227513227513227,0.0013227513227513227,0.015248599436905812,43.0,49.0,0.027261462205700124,1625.0,0.7487048665620095,7.0,49,ZN,1846.0,720.0,1.0,0.2672124435232245,203216.0,122427.0,22750.0,22745.0,future_daily_quote,0.768526228143214,0.4159445407279029,-0.5807748852065573,-0.7534669996878937,-0.0375391032325338,0.0890855457227137,-0.7309417040358744,0.6551724137931034,122427.0,0.1796440650202826,0.3962137195643496,1.227831887280373,0.20788786222034,1.1270402386147091,0.4613773162453193,True,ZN,1.0,True,True,True,False,12.0,1.0,1.0,0.6666666666666666,0.6666666666666666,1.0,11.0,0.9090909090909091,0.9090909090909091,0.7272727272727273,0.6363636363636364,0.9011857707509882,0.9090909090909091,0.9090909090909091,0.7272727272727273,0.6363636363636364,0.9011857707509882,0.8405138339920949,True,True,True,True,True,False,True,True,True,,2025-04-25,l4_diff02_delta04_l3eff015,l4_diff02_delta04_l3eff015,0.001,base_or_cut,False,0.08
CZCE|SR,CZCE,SR,2025-05-14,2025-05-13,2025-06-11,CZCE.SR507C6400,C,6400.0,28,3.0,2011,3658,0.141036881290477,0.0332792280357677,0.0332792280357677,1.0750881908281538,5953.0,10.0,0.008004268943436497,3748.000000000001,30.0,0.1556641500900507,0.1606131711817892,7,5,C,0.1606131711817892,0.1556641500900507,0.004949021091738504,2025-05-14,CZCE,SR,0.10346728092187593,24,28218,54643,-0.0009962293787083715,-0.009536625524470809,0.0009962293787083715,0.0,0.0,756.0,0.1206809980772372,0.18690452988845943,0.0,0.003968253968253968,0.012368632153946159,76.0,222.0,0.01685183633770191,5836.5,0.8172692307692309,1.0,50,SR,27350.0,5564.0,5.0,0.1606131711817892,,,,,,0.6863237139272271,0.6809448047974545,-0.4703356551215217,-0.6041071206104034,5.130912351490697,-0.3136762860727728,0.8159268929503916,-0.6662067310576519,,,,,,,,True,SR,1.0,True,True,True,True,12.0,1.0,1.0,0.9166666666666666,0.8333333333333334,1.0,9.0,1.0,1.0,1.0,1.0,1.0,1.0,1.0,1.0,1.0,1.0,1.0,True,True,True,True,True,False,True,True,True,2025-06-11,2025-05-14,l4_diff02_delta04_l3eff015,l4_diff02_delta04_l3eff015,0.00075,base_or_cut,True,0.04
CZCE|TA,CZCE,TA,2025-05-14,2025-05-13,2025-06-11 00:00:00,CZCE.TA507P4450,P,4450.0,28,11.0,3177,1414,0.2747714228768489,-0.0645793510807858,0.0645793510807858,0.893574297188755,4980.0,5.0,0.04230769230769231,1300.0,55.0,0.2991101505223823,,6,0,P,0.2991101505223823,,,2025-05-14,CZCE,TA,0.23938804606186964,22,65535,20330,-0.009218359838348844,-0.03708013799953633,0.009218359838348844,0.0,0.0,756.0,0.20665379728045713,0.32750135048224754,0.007936507936507936,0.006613756613756613,0.022623518751274566,71.0,236.0,0.02895567136135968,2636.0,0.685,14.0,50,TA,10691.0,17190.0,6.0,0.2991101505223823,2433338.0,1859199.0,4818.0,4795.0,future_daily_quote,0.5721089527478996,1.1342042755344417,-0.698121351264304,-0.006553067340955,-0.6258748600223965,-0.4747727830999754,-0.3599195710455763,0.1342042755344417,1859199.0,0.1473349995371655,0.0031851361034611,2.84161233553227,3.7977160985273337,1.1852820178366168,1.773984936596238,True,TA,1.0,True,True,True,True,12.0,0.9166666666666666,0.9166666666666666,0.75,0.6666666666666666,-1.4722222222222223,12.0,0.9166666666666666,0.9166666666666666,0.75,0.6666666666666666,-1.4722222222222223,0.9166666666666666,0.9166666666666666,0.75,0.6666666666666666,-1.4722222222222223,0.7583333333333333,True,True,True,False,True,False,True,False,True,,2025-05-14,l4_diff02_delta04_l3eff015,l4_diff02_delta04_l3eff015,0.001,base_or_cut,False,0.08
SHFE|CU,SHFE,CU,2025-05-27,2025-05-26,2025-06-24 00:00:00,SHFE.cu2507P71000,P,71000.0,28,106.0,908,1304,0.2155115368531607,-0.0527492496049335,0.0527492496049335,0.9095567512170124,78060.0,5.0,0.024189867640346873,21910.0,530.0,0.24438080340775625,0.18765933860070824,4,2,P,0.24438080340775625,0.18765933860070824,0.05672146480704801,2025-05-27,SHFE,CU,0.13178590958452185,40,27132,25020,-0.0018592498155198256,-0.013911838063318931,0.0018592498155198256,0.0,0.0,756.0,0.150467528082446,0.23580204963201662,0.0026455026455026454,0.006613756613756613,0.015944858096748192,121.0,203.0,0.027753658144396204,1673.0,0.7457884615384617,8.0,50,CU,9201.0,4018.0,4.0,0.2443808034077562,193282.0,537483.0,76870.0,76835.0,future_daily_quote,1.2581703815123753,0.9427498826841858,0.4576996560574449,-0.363184468970866,-0.1712304089353269,-0.0917077986179664,-0.6759938714619789,-0.5952045133991537,537483.0,-0.0058099529432655,,1.089655483456328,0.001841593305168,1.1254892106668342,0.8363275350271969,True,CU,1.0,True,True,True,True,12.0,1.0,1.0,0.6666666666666666,0.5,1.0,12.0,1.0,1.0,0.75,0.5833333333333334,1.0,1.0,1.0,0.75,0.5833333333333334,1.0,0.8958333333333334,True,True,True,True,True,True,True,True,True,,2025-05-27,l4_diff02_delta04_l3eff015,l4_diff02_delta04_l3eff015,0.0015,boost015,False,0.08
SHFE|NI,SHFE,NI,2025-05-28,2025-05-26,2025-06-24 00:00:00,SHFE.ni2507P100000,P,100000.0,27,118.0,5216,1767,0.3455231598074389,-0.0266970380373723,0.0266970380373723,0.8377314233056882,119370.0,1.0,0.019387168323338536,6086.5,118.0,0.3455231598074389,,1,0,P,0.3455231598074389,,,2025-05-28,SHFE,NI,0.1978362560435799,36,17513,8293,0.015996931317252105,0.08797289222959798,0.015996931317252105,0.0,0.0,206.0,0.21200921585209392,0.10596107241901219,0.0048543689320388345,0.0048543689320388345,0.02110146989664546,18.0,25.0,0.04405565923220722,2065.0,0.7255769230769231,11.0,50,NI,1767.0,5216.0,1.0,0.3455231598074389,158844.0,106713.0,119950.0,121240.0,future_daily_quote,1.4284559417946645,4.261437908496732,-0.0099735424995631,1.6992064051594362,0.6654099905749293,,3.0909803921568626,,106713.0,0.5706947306446866,-0.0245790753368311,1.168993457510616,-0.0306071148195968,1.3356989974090343,0.9124175287864684,True,NI,1.0,True,True,True,True,6.0,1.0,1.0,0.8333333333333334,0.8333333333333334,1.0,0.0,,,,,,1.0,1.0,0.8333333333333334,0.8333333333333334,1.0,0.9416666666666668,True,True,True,True,False,False,True,True,True,,2025-05-28,l4_diff02_delta04_l3eff015,l4_diff02_delta04_l3eff015,0.0015,boost015,False,0.08
CZCE|MA,CZCE,MA,2025-06-12,2025-06-11,2025-07-11 00:00:00,CZCE.MA508C2500,C,2500.0,29,4.0,4970,1780,0.2007805455251799,0.0709282285340711,0.0709282285340711,1.08837614279495,2297.0,10.0,0.030257186081694396,1322.0000000000002,40.0,,0.2223827810848042,0,3,C,0.2223827810848042,,,2025-06-12,CZCE,MA,0.17031412120596356,36,39361,40191,0.006511715181908295,0.039753477009074056,0.006511715181908295,0.0,0.0,756.0,0.2028138718192528,0.23333462934682125,0.003968253968253968,0.003968253968253968,0.018823451715773376,53.0,209.0,0.03128054740957967,2264.0,0.7362692307692308,9.0,50,MA,5014.0,14803.0,3.0,0.2223827810848042,548300.0,809827.0,2290.0,2294.0,future_daily_quote,0.4423467137185708,1.8859727353803035,-0.8154297249062149,0.7475554528747901,-0.5285821737495299,0.2105263157894736,1.405427364315892,7.274455002794857,809827.0,0.0776442189335961,1.065116053714688,0.9405496460287808,-0.3258677367951987,1.096368350154675,0.6658058945890338,True,MA,1.0,True,True,False,False,12.0,1.0,1.0,0.8333333333333334,0.8333333333333334,1.0,12.0,1.0,1.0,0.8333333333333334,0.75,1.0,1.0,1.0,0.8333333333333334,0.75,1.0,0.9333333333333335,True,True,True,True,False,False,True,True,True,,2025-06-12,l4_diff02_delta04_l3eff015,l4_diff02_delta04_l3eff015,0.001,base_or_cut,False,0.08
SHFE|CU,SHFE,CU,2025-06-25,2025-06-24,2025-07-25 00:00:00,SHFE.cu2508C86000,C,86000.0,30,106.0,1212,1490,0.1941195637644559,0.0577733682819466,0.0577733682819466,1.0931740180500826,78670.0,5.0,0.02460538532961931,21540.0,530.0,0.17508072036198385,0.2183376036333817,4,3,C,0.2183376036333817,0.17508072036198385,0.043256883271397845,2025-06-25,SHFE,CU,0.11556238740410416,28,31066,30646,-0.00013045131909056318,-0.0011275660665797942,0.00013045131909056318,0.0,0.0,756.0,0.14699388498379956,0.22766807103725326,0.0026455026455026454,0.006613756613756613,0.015273050432984853,120.0,208.0,0.027778002071268234,1606.5,0.7529615384615385,7.0,50,CU,6847.0,2991.0,3.0,0.2183376036333817,174984.0,547551.0,77740.0,77620.0,future_daily_quote,1.3894074675324677,0.7982385908726981,0.0513695143302043,-0.4585460695725634,0.1147834581569522,0.419655815882231,-0.7425103305785123,-0.0010020040080159,547551.0,-0.0093608937536749,0.0525677377187838,0.9537160173537684,-0.3287915133207722,1.0448668896780584,0.6854137859302026,True,CU,1.0,True,True,False,False,12.0,1.0,1.0,0.6666666666666666,0.5,1.0,11.0,1.0,1.0,0.8181818181818182,0.7272727272727273,1.0,1.0,1.0,0.8181818181818182,0.7272727272727273,1.0,0.9272727272727274,True,True,True,True,True,True,True,True,True,,2025-06-25,l4_diff02_delta04_l3eff015,l4_diff02_delta04_l3eff015,0.0015,boost015,False,0.08
SHFE|NI,SHFE,NI,2025-06-25,2025-06-24,2025-07-25 00:00:00,SHFE.ni2508P100000,P,100000.0,30,56.0,578,1185,0.2904893704399712,-0.0154145130206979,0.0154145130206979,0.8383635144198525,119280.0,1.0,0.009302325581395349,6020.0,56.0,0.2904893704399712,,1,0,P,0.2904893704399712,,,2025-06-25,SHFE,NI,0.16037099895501064,24,7433,7476,-0.009374912344927183,-0.055229090781231775,0.009374912344927183,0.0,0.0,228.0,0.2109200141500165,0.11537889728428687,0.0043859649122807015,0.0043859649122807015,0.020760162616719695,20.0,27.0,0.043078103496842615,2062.5,0.7253846153846154,10.0,50,NI,1185.0,578.0,1.0,0.2904893704399712,76394.0,36302.0,118600.0,117940.0,future_daily_quote,0.6706281833616299,0.3681528662420382,-0.9461057442969362,-0.8356313797478164,-0.6591889559965487,-0.6477407847800238,-0.7634056487924683,14.210526315789474,36302.0,-0.5764703137213725,-0.5291325101172564,0.5385054594926091,-1.2318904429151418,0.4345151174203432,-2.09121631637321,True,NI,1.0,True,True,True,True,7.0,1.0,1.0,0.8571428571428571,0.8571428571428571,1.0,1.0,1.0,1.0,1.0,1.0,1.0,1.0,1.0,0.8571428571428571,0.8571428571428571,1.0,0.9500000000000001,True,True,True,True,True,False,True,False,True,,2025-06-25,l4_diff02_delta04_l3eff015,l4_diff02_delta04_l3eff015,0.00075,base_or_cut,False,0.08
SHFE|AL,SHFE,AL,2025-06-26,2025-06-24,2025-07-25 00:00:00,SHFE.al2508P19500,P,19500.0,29,22.0,1357,2112,0.1323014963573726,-0.0646315422560413,0.0646315422560413,0.9456838021338506,20620.0,5.0,0.014435695538057743,7620.0,110.0,0.1323014963573726,,1,0,P,0.1323014963573726,,,2025-06-26,SHFE,AL,0.1073765769537926,76,55303,48591,0.006978257500136212,0.06950572019641582,0.006978257500136212,0.0,0.0,756.0,0.1277416112132892,0.1731215360543229,0.0,0.005291005291005291,0.013734634012811744,67.0,95.0,0.02057199695677015,1376.0,0.7581153846153846,6.0,50,AL,2112.0,1357.0,1.0,0.1323014963573726,291137.0,661030.0,20015.0,19975.0,future_daily_quote,0.5585823856122719,0.8986754966887417,-0.8012868428084234,-0.2355310893901863,-0.6427604871447903,-0.7498519483595878,-0.3258817685047193,-0.8355948630966804,661030.0,0.2557823206791936,0.3553584463089174,1.1752569412486578,0.1466527991882233,1.3419340431794882,3.1413217395050497,True,AL,1.0,True,True,True,True,12.0,1.0,1.0,0.9166666666666666,0.75,1.0,12.0,1.0,1.0,0.8333333333333334,0.75,1.0,1.0,1.0,0.8333333333333334,0.75,1.0,0.9333333333333335,True,True,True,True,True,False,True,True,True,,2025-06-26,l4_diff02_delta04_l3eff015,l4_diff02_delta04_l3eff015,0.001,base_or_cut,False,0.08
SHFE|ZN,SHFE,ZN,2025-06-26,2025-06-24,2025-07-25 00:00:00,SHFE.zn2508P20000,P,20000.0,29,11.0,1037,1032,0.207551536760757,-0.0220687114163086,0.0220687114163086,0.8904719501335708,22460.0,5.0,0.009700176366843033,5670.0,55.0,0.207551536760757,,1,0,P,0.207551536760757,,,2025-06-26,SHFE,ZN,0.1412884315496338,67,36321,21239,0.011309381779173455,0.08700926648675715,0.011309381779173455,0.0,0.0,756.0,0.17116842151943384,0.16130758365618864,0.0013227513227513227,0.0013227513227513227,0.015019796797603811,36.0,40.0,0.027295762637538218,1689.0,0.7413076923076923,8.0,50,ZN,1032.0,1037.0,1.0,0.207551536760757,168109.0,135638.0,22240.0,22155.0,future_daily_quote,0.5736520289049472,0.9682539682539684,-0.8342246122115013,-0.401929486915775,-0.0694319206492335,-0.4672173464119773,-0.2592857142857142,4.317948717948718,135638.0,0.1051919692327749,0.7025619139668873,1.0797120065768346,0.1255835665392182,1.2132688703928154,1.362355384063866,True,ZN,1.0,True,True,True,True,12.0,1.0,1.0,0.8333333333333334,0.75,1.0,12.0,0.9166666666666666,0.9166666666666666,0.75,0.5833333333333334,0.9094202898550724,0.9166666666666666,0.9166666666666666,0.75,0.5833333333333334,0.9094202898550724,0.8454710144927536,True,True,True,True,True,False,True,True,True,,2025-06-26,l4_diff02_delta04_l3eff015,l4_diff02_delta04_l3eff015,0.00075,base_or_cut,False,0.08
CZCE|RM,CZCE,RM,2025-07-14,2025-07-11,2025-08-13,CZCE.RM509C3050,C,3050.0,30,2.5,1711,3942,0.2631471630440232,0.0327759951142465,0.0327759951142465,1.1522478277295052,2647.0,10.0,0.01853911753800519,1348.5,25.0,0.2599139093669511,0.2644809809075871,10,4,C,0.2644809809075871,0.2599139093669511,0.004567071540636014,2025-07-14,CZCE,RM,0.20008357045954211,10,45194,40568,0.006080145967194472,0.031340405372247956,0.006080145967194472,0.0,0.0,756.0,0.2344683088104704,0.15018959357270806,0.0026455026455026454,0.0026455026455026454,0.024848732793133696,75.0,372.0,0.0425531914893617,3396.0,0.81475,2.0,50,RM,16234.0,7438.0,4.0,0.2644809809075871,483973.0,560897.0,2659.0,2637.0,future_daily_quote,0.7718347358912185,0.9050863957167194,-0.4705090088494663,-0.4184365228585383,1.8495699490960156,-0.3110384925518822,1.4475156301414938,0.1939004815409308,560897.0,0.0804765757435659,-0.0866520873262325,0.997975069851842,-0.3956859961121004,0.9246830194713668,-0.7981482457652175,True,RM,1.0,True,True,False,False,12.0,0.9166666666666666,0.9166666666666666,0.5,0.3333333333333333,0.5490196078431372,10.0,1.0,1.0,0.6,0.5,1.0,1.0,1.0,0.6,0.5,1.0,0.8500000000000001,True,True,True,True,True,False,True,True,True,2025-08-13,2025-07-14,l4_diff02_delta04_l3eff015,l4_diff02_delta04_l3eff015,0.00075,base_or_cut,True,0.04
CZCE|SR,CZCE,SR,2025-07-14,2025-07-11,2025-08-13 00:00:00,CZCE.SR509C6200,C,6200.0,30,4.5,3897,9420,0.1386726371577529,0.0477477543970601,0.0477477543970601,1.0693342531907557,5798.0,10.0,0.011740151317505868,3833.000000000001,45.0,0.1607584329011587,0.1877519070006338,6,7,C,0.1877519070006338,0.1607584329011587,0.026993474099475084,2025-07-14,CZCE,SR,0.085050177875652,20,35836,93400,-0.0005829601275463003,-0.0068076464455212125,0.0005829601275463003,0.0,0.0,756.0,0.11877369999836462,0.1974880468788336,0.0,0.003968253968253968,0.012226145856340846,89.0,240.0,0.01585623678646934,5472.0,0.8164423076923077,1.0,50,SR,31693.0,8140.0,7.0,0.1877519070006338,,,,,,0.9217100479860404,1.3983851571894863,0.0708933264421081,0.235399103161991,3.09682006204757,0.1624912885595861,0.4351198871650212,1.2598556357579125,,,,,,,,False,SR,1.0,True,True,False,False,12.0,1.0,1.0,0.8333333333333334,0.75,1.0,11.0,1.0,1.0,0.9090909090909091,0.9090909090909091,1.0,1.0,1.0,0.9090909090909091,0.9090909090909091,1.0,0.9681818181818183,True,True,False,True,False,False,False,True,True,,2025-07-14,l4_diff02_delta04_l3eff015,l4_diff02_delta04_l3eff015,0.001,base_or_cut,False,0.08
CZCE|TA,CZCE,TA,2025-07-14,2025-07-11,2025-08-13 00:00:00,CZCE.TA509C5300,C,5300.0,30,13.0,6272,9715,0.2751831090351984,0.0794127068123765,0.0794127068123765,1.1209813874788497,4728.0,5.0,0.052125100240577385,1247.0,65.0,0.2658359270285918,0.3073351641159598,9,6,C,0.3073351641159598,0.2658359270285918,0.04149923708736797,2025-07-14,CZCE,TA,0.1891591857191231,38,123236,92047,-0.0005311383199967934,-0.002800028534335028,0.0005311383199967934,0.0,0.0,756.0,0.2028324382151935,0.3128714618495073,0.006613756613756613,0.007936507936507936,0.0222946036008402,87.0,315.0,0.030110404817664766,2898.0,0.7132307692307692,11.0,50,TA,50172.0,18149.0,6.0,0.3073351641159598,1212495.0,1639569.0,4720.0,4709.0,future_daily_quote,1.67788107818875,0.8673771745364175,0.1204656769336134,-0.3196542742542602,3.31142046919309,0.6778810781887499,-0.3171419971404922,-0.1326228254635825,1639569.0,-0.1118265916432331,-0.1062491244117546,1.0093325142097955,-0.1586135295660808,0.9640446187759412,-0.165533762965479,True,TA,1.0,True,True,False,False,12.0,0.9166666666666666,0.9166666666666666,0.75,0.6666666666666666,-1.4722222222222223,12.0,1.0,1.0,0.8333333333333334,0.75,1.0,1.0,1.0,0.8333333333333334,0.75,1.0,0.9333333333333335,True,True,True,False,True,True,True,False,True,,2025-07-14,l4_diff02_delta04_l3eff015,l4_diff02_delta04_l3eff015,0.001,base_or_cut,False,0.08
DCE|M,DCE,M,2025-07-17,2025-07-16,2025-08-18 00:00:00,DCE.m2509-C-3350,C,3350.0,32,5.0,4275,9475,0.2136389745401721,0.0616882793887501,0.0616882793887501,1.1045169798878998,3033.0,10.0,0.031918289179699966,1566.5,50.0,0.20519369265400833,0.2329949033758831,8,3,C,0.2329949033758831,0.20519369265400833,0.027801210721874775,2025-07-17,DCE,M,0.12734024442448877,12,167421,358908,0.0003654122101512669,0.002877831801615927,0.0003654122101512669,0.0,0.0,756.0,0.18469093883942447,0.17296656768641092,0.010582010582010581,0.013227513227513227,0.025049691594292024,69.0,313.0,0.033737865556358555,9328.5,0.6655384615384615,15.0,50,M,122472.0,16809.0,3.0,0.2329949033758831,2340070.0,4927625.0,3019.5,2998.0,future_daily_quote,0.864243878343095,0.7003458189242114,-0.2758589059076521,-0.5819324300707989,2.869695724983412,0.3296709262053916,-0.0701958181214735,-0.194624119591778,4927625.0,0.0233330633588562,0.0957845996746196,1.258573777377867,0.1901051064201749,1.098178574126789,1.7919803577729672,True,M,1.0,True,True,True,False,12.0,0.8333333333333334,0.8333333333333334,0.5833333333333334,0.5833333333333334,-4.525132275132275,12.0,0.8333333333333334,0.8333333333333334,0.6666666666666666,0.6666666666666666,-5.748148148148149,0.8333333333333334,0.8333333333333334,0.6666666666666666,0.6666666666666666,-5.748148148148149,0.6916666666666667,True,True,True,False,True,True,True,False,True,,2025-07-17,l4_diff02_delta04_l3eff015,l4_diff02_delta04_l3eff015,0.001,base_or_cut,False,0.08
SHFE|AL,SHFE,AL,2025-07-26,2025-07-25,2025-08-25 00:00:00,SHFE.al2509C22800,C,22800.0,30,30.0,37,2432,0.2171693517947772,0.0561712921009335,0.0561712921009335,1.1059907834101383,20615.0,5.0,0.028281876031110063,5303.75,150.0,,0.2171693517947772,0,1,C,0.2171693517947772,,,2025-07-26,SHFE,AL,0.12770294429765033,50,678,34934,0.005481498471203647,0.04484890875032949,0.005481498471203647,0.0,0.0,756.0,0.12553073764939982,0.1658987996696506,0.0,0.005291005291005291,0.013702310183987473,74.0,102.0,0.02148167136631633,1409.25,0.7696923076923078,6.0,50,AL,2432.0,37.0,1.0,0.2171693517947772,,,,,,1.012911286963765,0.0267921795800144,-0.3454113624024672,-0.6683274474822332,0.5720749838396897,-0.5359664186224002,-0.9477401129943502,-0.9717772692601068,,,,,,,,True,AL,1.0,True,True,True,True,12.0,1.0,1.0,0.9166666666666666,0.8333333333333334,1.0,12.0,1.0,1.0,0.75,0.6666666666666666,1.0,1.0,1.0,0.75,0.6666666666666666,1.0,0.9041666666666667,True,True,True,True,True,False,True,False,True,,2025-07-26,l4_diff02_delta04_l3eff015,l4_diff02_delta04_l3eff015,0.001,base_or_cut,False,0.08
SHFE|CU,SHFE,CU,2025-07-26,2025-07-25,2025-08-25 00:00:00,SHFE.cu2509C88000,C,88000.0,30,146.0,16,2770,0.2454208275033459,0.0623835802041674,0.0623835802041674,1.116751269035533,78800.0,5.0,0.03573176700930005,20430.0,730.0,0.21779686015799204,0.2699329155788408,2,3,C,0.2699329155788408,0.21779686015799204,0.05213605542084876,2025-07-26,SHFE,CU,0.13362298197664613,28,1304,33001,0.0008702273388370152,0.006555248824864438,0.0008702273388370152,0.0,0.0,756.0,0.14371338208881623,0.2195849624116413,0.0026455026455026454,0.006613756613756613,0.01519808539228109,121.0,229.0,0.027960260988908713,1614.0,0.7683076923076922,7.0,50,CU,9483.0,411.0,3.0,0.2699329155788408,,,,,,1.3525887890457853,0.062853647346689,0.0141683449242817,-0.9810251656185,-0.5176500508647,0.5439596222728753,-0.9484962406015036,-0.9646177685950412,,,,,,,,True,CU,1.0,True,True,True,True,12.0,1.0,1.0,0.5833333333333334,0.5,1.0,12.0,1.0,1.0,0.75,0.6666666666666666,1.0,1.0,1.0,0.75,0.6666666666666666,1.0,0.9041666666666667,True,True,True,True,True,True,True,True,True,,2025-07-26,l4_diff02_delta04_l3eff015,l4_diff02_delta04_l3eff015,0.0015,boost015,False,0.08
SHFE|RB,SHFE,RB,2025-07-28,2025-07-25,2025-08-25 00:00:00,SHFE.rb2509C3800,C,3800.0,28,5.0,508,1257,0.3380476029205321,0.0421633327371944,0.0421633327371944,1.1804908356632495,3219.0,10.0,0.03012955709551069,1659.5000000000002,50.0,,0.3486437101378138,0,2,C,0.3486437101378138,,,2025-07-28,SHFE,RB,0.1656275376660351,26,90951,164110,-0.03963296892779794,-0.19308618879238745,0.03963296892779794,0.0,0.0,624.0,0.16690070627014908,0.18243375991137276,0.00641025641025641,0.016025641025641024,0.020640448629533712,56.0,233.0,0.03175935129655007,9390.75,0.684,13.0,50,RB,4687.0,3473.0,2.0,0.3486437101378138,4057624.0,2966373.0,3287.0,3321.0,future_daily_quote,0.5470993346562391,0.8071113176853358,-0.7322625790359536,-0.5517621374652867,1.7265852239674229,0.7155929721815519,2.163023679417122,1.2848684210526318,2966373.0,-0.0574462865956229,-0.0797050214300008,2.108911626959357,3.604373875254872,0.977536943020651,0.3325821930833697,True,RB,1.0,True,True,False,False,12.0,1.0,1.0,0.9166666666666666,0.8333333333333334,1.0,12.0,1.0,1.0,0.9166666666666666,0.8333333333333334,1.0,1.0,1.0,0.9166666666666666,0.8333333333333334,1.0,0.9625,True,True,True,False,True,False,True,False,True,,2025-07-28,l4_diff02_delta04_l3eff015,l4_diff02_delta04_l3eff015,0.0015,boost015,False,0.08
CZCE|MA,CZCE,MA,2025-08-14,2025-08-13,2025-09-11 00:00:00,CZCE.MA510C2650,C,2650.0,28,3.0,2912,4158,0.234899632206653,0.0479393169363021,0.0479393169363021,1.1167298777918246,2373.0,10.0,0.02466091245376079,1216.5,30.0,,0.2763950175078525,0,4,C,0.2763950175078525,,,2025-08-14,CZCE,MA,0.15361811851602916,51,55132,43151,-0.014529466106588146,-0.08640900872407659,0.014529466106588146,0.0,0.0,756.0,0.19958804850380854,0.22009308734222588,0.006613756613756613,0.005291005291005291,0.020078329969684602,62.0,257.0,0.03338184084790532,2120.5,0.7252989840348331,11.0,50,MA,14702.0,8335.0,4.0,0.2763950175078525,284099.0,255572.0,2340.0,2365.0,future_daily_quote,0.7991085987607348,0.9948675101456196,-0.6197336673148776,-0.3126808578937785,-0.6830099180681328,-0.588893238633186,-0.7758685597504571,-0.7329552736127131,255572.0,-0.5957335408668638,-0.7189771671422367,0.4424466874004258,-0.9470912254468704,0.3400920052323484,-3.187123867232836,True,MA,1.0,True,True,True,True,12.0,1.0,1.0,0.6666666666666666,0.6666666666666666,1.0,12.0,1.0,1.0,0.6666666666666666,0.5833333333333334,1.0,1.0,1.0,0.6666666666666666,0.5833333333333334,1.0,0.875,True,True,True,False,True,False,True,False,True,,2025-08-14,l4_diff02_delta04_l3eff015,l4_diff02_delta04_l3eff015,0.001,base_or_cut,False,0.08
DCE|C,DCE,C,2025-08-19,2025-08-18,2025-10-24 00:00:00,DCE.c2511-C-2380,C,2380.0,66,5.0,707,4521,0.1547090065131105,0.0795301398107458,0.0795301398107458,1.0993071593533488,2165.0,10.0,0.043859649122807015,1140.0,50.0,0.11015215588678655,0.1923813895369051,2,11,C,0.1923813895369051,0.11015215588678655,0.08222923365011854,2025-08-19,DCE,C,0.09529955319695363,22,47503,89736,-0.0033466452103143307,-0.0339257393021621,0.0033466452103143307,0.0,0.0,756.0,0.10860174379042278,0.13413619094651122,0.0,0.007936507936507936,0.011557991209382085,66.0,379.0,0.016596600014749337,5827.0,0.7860943396226415,3.0,50,C,45033.0,5885.0,11.0,0.1923813895369051,353719.0,925944.0,2170.0,2176.0,future_daily_quote,0.965958815958816,0.9155258245177348,0.1201491248447605,-0.2781390831337773,-0.4646194450388758,-0.1832526252788509,-0.5658428624123939,-0.2821419858502073,925944.0,0.1656933084402054,-0.0613637607731748,0.7054669254104033,-1.318711532537893,0.8780040982324121,-0.8301200655743536,True,C,1.0,True,True,True,True,12.0,1.0,1.0,0.6666666666666666,0.6666666666666666,1.0,12.0,1.0,1.0,0.8333333333333334,0.8333333333333334,1.0,1.0,1.0,0.8333333333333334,0.8333333333333334,1.0,0.9416666666666668,True,True,True,True,True,True,True,False,True,,2025-08-19,l4_diff02_delta04_l3eff015,l4_diff02_delta04_l3eff015,0.0015,boost015,False,0.08
DCE|CS,DCE,CS,2025-08-19,2025-08-18,2025-10-24 00:00:00,DCE.cs2511-C-2800,C,2800.0,66,4.5,389,1689,0.1763979698844636,0.0580348437972211,0.0580348437972211,1.1281224818694602,2482.0,10.0,0.03499222395023328,1286.0000000000002,45.0,,0.20205006545765625,0,2,C,0.20205006545765625,,,2025-08-19,DCE,CS,0.09467246707848587,10,12863,14551,-0.004155325427546916,-0.042046122069287956,0.004155325427546916,0.0,0.0,222.0,0.10442701615768472,0.10778056182613246,0.0,0.009009009009009009,0.013260971142897635,54.0,104.0,0.015663537339308493,2070.5,0.7317039187227867,10.0,50,CS,4643.0,1259.0,2.0,0.2020500654576562,85895.0,76730.0,2563.0,2591.0,future_daily_quote,0.8820288753799392,1.265326633165829,-0.3971201557767164,-0.2324684981813528,-0.2333223249669749,0.5293148880105403,-0.3667002012072434,1.439922480620155,76730.0,-0.5615478680243655,-0.6545871972629873,0.7645781223574233,-1.237413292437743,0.3454128027370127,-2.990643503887431,False,CS,1.0,True,True,True,True,4.0,1.0,1.0,1.0,0.75,1.0,3.0,1.0,1.0,1.0,0.6666666666666666,1.0,1.0,1.0,1.0,0.6666666666666666,1.0,0.9666666666666667,True,True,False,True,False,False,False,False,True,,2025-08-19,l4_diff02_delta04_l3eff015,l4_diff02_delta04_l3eff015,0.001,base_or_cut,False,0.08
SHFE|AG,SHFE,AG,2025-08-26,2025-08-25,2025-09-24 00:00:00,SHFE.ag2510C10500,C,10500.0,29,24.5,1097,2838,0.2808262908488564,0.0760580353635457,0.0760580353635457,1.123475283543762,9346.0,15.0,0.02598476974312199,14142.900000000001,367.5,0.2600437062903993,0.2980218647113354,9,5,C,0.2980218647113354,0.2600437062903993,0.0379781584209361,2025-08-26,SHFE,AG,0.2229530823928082,58,60001,79200,0.0023089260591237504,0.010464478631520686,0.0023089260591237504,0.0,0.0,756.0,0.22870180820688202,0.20882264968816233,0.007936507936507936,0.006613756613756613,0.025298796192325952,115.0,492.0,0.026842765264492717,2229.0,0.6625660377358491,15.0,50,AG,17045.0,7266.0,5.0,0.2980218647113354,474254.0,757373.0,9405.0,9405.5,future_daily_quote,0.7741393405395586,0.6464412811387901,-0.403732899842807,-0.5575156086137004,1.600701861458651,-0.4997652168809062,1.9333871618893823,9.07766990291262,757373.0,-0.0411434272178621,,0.5446969305423953,-1.3888922303544793,0.8621162441398991,-2.1902948854800632,True,AG,1.0,True,True,False,False,12.0,1.0,1.0,1.0,0.9166666666666666,1.0,12.0,1.0,1.0,0.75,0.5833333333333334,1.0,1.0,1.0,0.75,0.5833333333333334,1.0,0.8958333333333334,True,True,True,False,True,True,True,False,True,,2025-08-26,l4_diff02_delta04_l3eff015,l4_diff02_delta04_l3eff015,0.001,base_or_cut,False,0.08
SHFE|CU,SHFE,CU,2025-08-26,2025-08-25,2025-09-24 00:00:00,SHFE.cu2510C86000,C,86000.0,29,112.0,4190,2857,0.1828886255895058,0.0640651308349703,0.0640651308349703,1.0829870293413928,79410.0,5.0,0.023539302227826818,23790.0,560.0,0.1241567483624193,0.2114961600758662,3,3,C,0.2114961600758662,0.1241567483624193,0.08733941171344689,2025-08-26,SHFE,CU,0.10600770278985597,36,35147,35090,-0.002023597336109323,-0.01873158365908578,0.002023597336109323,0.0,0.0,756.0,0.13993534050701384,0.22434557566369262,0.0026455026455026454,0.006613756613756613,0.01519808539228109,120.0,229.0,0.027078067523827475,1622.0,0.7567169811320755,5.0,50,CU,8268.0,10906.0,3.0,0.2114961600758662,142881.0,482253.0,79160.0,79395.0,future_daily_quote,0.871875988611199,1.593978368897983,-0.4536292621058375,0.1901759542983969,-0.4791154791154791,-0.566371217286411,1.1660377358490566,51.68599033816425,482253.0,0.034016741425594,,0.7349108499918989,-0.7360331276513601,0.8940321293404782,-1.487980990712921,True,CU,1.0,True,True,True,True,12.0,1.0,1.0,0.6666666666666666,0.5833333333333334,1.0,12.0,1.0,1.0,0.75,0.6666666666666666,1.0,1.0,1.0,0.75,0.6666666666666666,1.0,0.9041666666666667,True,True,True,True,False,True,True,False,True,,2025-08-26,l4_diff02_delta04_l3eff015,l4_diff02_delta04_l3eff015,0.0015,boost015,False,0.08
SHFE|NI,SHFE,NI,2025-08-26,2025-08-25,2025-09-24 00:00:00,SHFE.ni2510C144000,C,144000.0,29,246.0,11636,5250,0.3508440910291885,0.050563664991649,0.050563664991649,1.1816838995568686,121860.0,1.0,0.03880738286796025,6339.0,246.0,,0.3508440910291885,0,1,C,0.3508440910291885,,,2025-08-26,SHFE,NI,0.16279053845212763,36,17097,11075,-0.007275290205010443,-0.04277925943416783,0.007275290205010443,0.0,0.0,281.0,0.20835260675238865,0.1288604022367654,0.0035587188612099642,0.0035587188612099642,0.021150564206742165,30.0,37.0,0.04359277086549814,2189.0,0.7536792452830189,8.0,50,NI,5250.0,11636.0,1.0,0.3508440910291885,88775.0,109267.0,120370.0,120350.0,future_daily_quote,1.085383502170767,2.4927163667523566,-0.2012526155089053,1.152646668725325,-0.5125800761303501,1.5647288715192964,1.4927163667523566,1.3478611783696528,109267.0,0.2697787384372241,0.534024063232672,0.6158600882426395,-1.022716016059388,1.2134845186797565,0.9409312301709766,True,NI,1.0,True,True,True,True,9.0,1.0,1.0,0.8888888888888888,0.8888888888888888,1.0,7.0,1.0,1.0,0.8571428571428571,0.8571428571428571,1.0,1.0,1.0,0.8571428571428571,0.8571428571428571,1.0,0.9500000000000001,True,True,True,True,False,False,True,True,True,,2025-08-26,l4_diff02_delta04_l3eff015,l4_diff02_delta04_l3eff015,0.0015,boost015,False,0.08
CZCE|PK,CZCE,PK,2025-09-12,2025-09-11,2025-10-13 00:00:00,CZCE.PK511C8400,C,8400.0,31,11.5,844,2040,0.1748174139163246,0.0673856469994224,0.0673856469994224,1.0805248263442244,7774.0,5.0,0.02416474049169993,2379.5000000000005,57.5,,0.2241786712428611,0,7,C,0.2241786712428611,,,2025-09-12,CZCE,PK,0.10903732685090824,45,13724,27845,-0.0012229048520336766,-0.011091078198786767,0.0012229048520336766,0.0,0.0,561.0,0.15127048992191172,0.2543058361097332,0.0,0.0017825311942959,0.014737007083969909,77.0,236.0,0.024634835124045705,1879.0,0.807662687716596,1.0,49,PK,15739.0,3745.0,7.0,0.2241786712428611,,,,,,1.2217823319360348,1.177302734988997,0.3584502118118683,0.0143239825697894,-0.4645870186419921,0.1984314322698546,-0.5552256532066508,-0.1812418014866638,,,,,,,,False,PK,1.0,True,True,True,True,12.0,1.0,1.0,0.9166666666666666,0.9166666666666666,1.0,12.0,1.0,1.0,0.8333333333333334,0.8333333333333334,1.0,1.0,1.0,0.8333333333333334,0.8333333333333334,1.0,0.9416666666666668,True,True,False,True,True,False,False,False,True,,2025-09-12,l4_diff02_delta04_l3eff015,l4_diff02_delta04_l3eff015,0.0015,boost015,False,0.08
SHFE|CU,SHFE,CU,2025-09-25,2025-09-24,2025-10-27 00:00:00,SHFE.cu2511P76000,P,76000.0,32,114.0,1871,2296,0.1802612796280339,-0.0590454372750996,0.0590454372750996,0.9213237968238576,82490.0,5.0,0.022274325908558032,25590.0,570.0,0.20638971218541,,5,0,P,0.20638971218541,,,2025-09-25,SHFE,CU,0.176656196968588,20,124607,40272,0.002656521395877881,0.015267392810556057,0.002656521395877881,0.0,0.0,756.0,0.1357066127117233,0.22407449403794372,0.0026455026455026454,0.007936507936507936,0.01550559545086344,121.0,246.0,0.02747438600869774,1634.5,0.7217410102074593,8.0,49,CU,8650.0,7812.0,5.0,0.20638971218541,585542.0,552807.0,82630.0,82010.0,future_daily_quote,0.8790650406504065,1.382410192886215,-0.3400184083075064,0.495154590601492,-0.0681891629861036,-0.0029967727063162,0.1063588726809234,0.196324655436447,552807.0,0.0718527811008844,0.1731747897946969,3.625523588979942,8.685771574778576,1.0585964391549336,0.6862037950838012,True,CU,1.0,True,True,True,True,12.0,1.0,1.0,0.75,0.6666666666666666,1.0,12.0,1.0,1.0,0.75,0.5833333333333334,1.0,1.0,1.0,0.75,0.5833333333333334,1.0,0.8958333333333334,True,True,True,True,False,False,True,True,True,,2025-09-25,l4_diff02_delta04_l3eff015,l4_diff02_delta04_l3eff015,0.001,base_or_cut,False,0.08
SHFE|NI,SHFE,NI,2025-09-25,2025-09-24,2025-10-27 00:00:00,SHFE.ni2511C142000,C,142000.0,32,242.0,10263,4801,0.3143210005505282,0.0525371830078384,0.0525371830078384,1.167763157894737,121600.0,1.0,0.03827902562480228,6322.0,242.0,0.293079921005717,0.3143210005505282,1,1,C,0.3143210005505282,0.293079921005717,0.021241079544811192,2025-09-25,SHFE,NI,0.16196585732293348,24,24283,11779,-0.013530711869336687,-0.07709958053090336,0.013530711869336687,0.0,0.0,307.0,0.20628539201461898,0.1312641099938557,0.003257328990228013,0.003257328990228013,0.02162920978525154,33.0,40.0,0.041988950276243095,2403.0,0.7215954306250802,9.0,49,NI,4801.0,10263.0,1.0,0.3143210005505282,177030.0,99642.0,122990.0,122730.0,future_daily_quote,0.7016954106986262,1.81806908768822,-0.4846235915518542,0.947387264197206,-0.5808817110432125,-0.5338382367220118,0.1796551724137931,0.8180690876882197,99642.0,0.2057503115962196,0.1004936880819058,1.4807163110482866,0.672181107358726,1.1762997591726874,1.1251721004753557,True,NI,1.0,True,True,True,True,10.0,1.0,1.0,0.9,0.9,1.0,8.0,1.0,1.0,0.875,0.875,1.0,1.0,1.0,0.875,0.875,1.0,0.95625,True,True,True,True,False,True,True,True,True,,2025-09-25,l4_diff02_delta04_l3eff015,l4_diff02_delta04_l3eff015,0.0015,boost015,False,0.08
SHFE|AL,SHFE,AL,2025-09-26,2025-09-24,2025-10-27 00:00:00,SHFE.al2511C22000,C,22000.0,31,29.0,1184,1797,0.1454812542309126,0.0750598079718483,0.0750598079718483,1.0638297872340423,20680.0,5.0,0.020180932498260265,7185.0,145.0,,0.1454812542309126,0,1,C,0.1454812542309126,,,2025-09-26,SHFE,AL,0.1245197045733195,71,25485,37859,0.008681922232461128,0.07494896791889666,0.008681922232461128,0.0,0.0,756.0,0.1220591930754588,0.16204190679633754,0.0,0.005291005291005291,0.013702310183987473,61.0,87.0,0.020115199843702213,1405.0,0.7138977835424141,11.0,49,AL,1797.0,1184.0,1.0,0.1454812542309126,195206.0,486848.0,20795.0,20825.0,future_daily_quote,0.7799479166666666,1.2181069958847737,-0.4588805923993344,-0.1982483390765533,0.4138473642800944,-0.6839606049947239,0.6444444444444444,-0.1901504787961696,486848.0,-0.107585144993951,,0.7697002913888483,-0.7886879635288628,0.8479412282092056,-1.5049537772238808,False,AL,1.0,True,True,True,True,12.0,1.0,1.0,0.9166666666666666,0.8333333333333334,1.0,12.0,1.0,1.0,0.9166666666666666,0.8333333333333334,1.0,1.0,1.0,0.9166666666666666,0.8333333333333334,1.0,0.9625,True,True,False,True,False,False,False,False,True,,2025-09-26,l4_diff02_delta04_l3eff015,l4_diff02_delta04_l3eff015,0.001,base_or_cut,False,0.08
SHFE|ZN,SHFE,ZN,2025-09-30,2025-09-24,2025-10-27 00:00:00,SHFE.zn2511P20000,P,20000.0,27,28.0,501,1119,0.2030854204843099,-0.0537756831451529,0.0537756831451529,0.9163802978235968,21825.0,5.0,0.02157164869029276,6490.0,140.0,0.2030854204843099,,1,0,P,0.2030854204843099,,,2025-09-30,SHFE,ZN,0.13768583347479785,65,12385,22564,0.0036228446187894503,0.0270234510635937,0.0036228446187894503,0.0,0.0,756.0,0.16316003410113764,0.16563921893097722,0.0013227513227513227,0.0026455026455026454,0.014894179717305535,26.0,30.0,0.02367664755340646,1689.0,0.6704355489756084,13.0,49,ZN,1119.0,501.0,1.0,0.2030854204843099,162377.0,127778.0,21825.0,21935.0,future_daily_quote,0.6209766925638179,0.5273684210526316,-0.7681692111705569,-0.6662343260854782,0.054665409990575,-0.3283313325330131,-0.1148409893992933,9.659574468085106,127778.0,0.3556772126381904,-0.0495042139950756,1.0446281523417396,0.0323868281969896,1.0992128693707257,0.9603688228620972,True,ZN,1.0,True,True,True,True,12.0,1.0,1.0,0.9166666666666666,0.8333333333333334,1.0,12.0,0.9166666666666666,0.9166666666666666,0.75,0.5833333333333334,0.9094202898550724,0.9166666666666666,0.9166666666666666,0.75,0.5833333333333334,0.9094202898550724,0.8454710144927536,True,True,True,True,True,False,True,True,True,,2025-09-30,l4_diff02_delta04_l3eff015,l4_diff02_delta04_l3eff015,0.001,base_or_cut,False,0.08
CZCE|CF,CZCE,CF,2025-10-14,2025-10-13,2025-12-11,CZCE.CF601C15400,C,15400.0,58,17.0,272,6348,0.2105095617224126,0.0391664259904433,0.0391664259904433,1.163141993957704,13240.0,5.0,0.025036818851251842,3395.0,85.0,0.1916686601480741,0.19487861353145275,5,6,C,0.19487861353145275,0.1916686601480741,0.0032099533833786498,2025-10-14,CZCE,CF,0.11163697649273784,14,45868,171756,0.003380962712109248,0.031231176856007972,0.003380962712109248,0.0,0.0,756.0,0.14857716157402992,0.29923986650621615,0.0,0.006613756613756613,0.0157026064759564,63.0,270.0,0.0227111426543648,7161.0,0.7549184735703,4.0,49,CF,59600.0,7962.0,6.0,0.1948786135314527,184046.0,567989.0,13265.0,13255.0,future_daily_quote,1.9601394461619417,0.8648707364762112,2.470597073806608,-0.4213798421289005,0.401231955611981,3.1652107065483266,-0.670787678313004,0.8456189151599445,567989.0,0.0660434195881765,0.0885895209730032,0.8677812983289955,-0.5665760342935487,1.0828511565570005,1.2409095108098005,True,CF,1.0,True,True,True,True,12.0,1.0,1.0,0.75,0.75,1.0,12.0,1.0,1.0,0.8333333333333334,0.8333333333333334,1.0,1.0,1.0,0.8333333333333334,0.8333333333333334,1.0,0.9416666666666668,True,True,True,True,True,False,True,True,True,2025-12-11,2025-10-14,l4_diff02_delta04_l3eff015,l4_diff02_delta04_l3eff015,0.0015,boost015,True,0.04
CZCE|OI,CZCE,OI,2025-10-14,2025-10-13,2025-12-11 00:00:00,CZCE.OI601C11400,C,11400.0,58,23.0,828,1727,0.2216414950839387,0.0625578648967918,0.0625578648967918,1.1494252873563218,9918.0,10.0,0.044324532665253415,5189.000000000001,230.0,0.1714214799526159,0.22576958176703682,1,2,C,0.22576958176703682,0.1714214799526159,0.05434810181442093,2025-10-14,CZCE,OI,0.14534919013140188,16,12859,34913,0.00399135735661868,0.02823584146891857,0.00399135735661868,0.0,0.0,754.0,0.19487690097529972,0.16078259987046278,0.001326259946949602,0.003978779840848806,0.01727686855846958,61.0,177.0,0.03211438336512728,1732.5,0.7124224901411443,10.0,49,OI,2802.0,1237.0,2.0,0.2257695817670368,222472.0,299838.0,9959.0,9983.0,future_daily_quote,0.7967017344327552,0.723391812865497,-0.5236857414808883,-0.6683607298896356,-0.30763528539659,0.1044540796216002,-0.8104795464991573,-0.0425696594427245,299838.0,-0.085976795654215,0.1610017889087656,0.7445963946957983,-1.2446009406212402,1.047673955428835,0.1416300859181649,True,OI,1.0,True,True,True,True,12.0,0.8333333333333334,0.8333333333333334,0.6666666666666666,0.5833333333333334,-2.0788244766505635,11.0,0.8181818181818182,0.8181818181818182,0.6363636363636364,0.5454545454545454,-2.358717610891524,0.8181818181818182,0.8181818181818182,0.6363636363636364,0.5454545454545454,-2.358717610891524,0.6636363636363637,True,True,True,True,True,True,True,True,True,,2025-10-14,l4_diff02_delta04_l3eff015,l4_diff02_delta04_l3eff015,0.001,base_or_cut,False,0.08
DCE|C,DCE,C,2025-10-27,2025-10-24,2025-12-16 00:00:00,DCE.c2601-C-2280,C,2280.0,50,3.5,1051,2791,0.14000535436833,0.0731646333095104,0.0731646333095104,1.0795454545454546,2112.0,10.0,0.026778882938026008,1307.0000000000002,35.0,0.1236513571952842,0.1672687283084265,1,9,C,0.1672687283084265,0.1236513571952842,0.04361737111314232,2025-10-27,DCE,C,0.10676290562660315,20,59153,106004,0.0022535126500224933,0.02156277618536622,0.0022535126500224933,0.0,0.0,756.0,0.10696552224798361,0.12119801643834154,0.0,0.007936507936507936,0.011031880530776424,67.0,388.0,0.016051364365971106,5790.5,0.74935960591133,5.0,50,C,39111.0,6532.0,9.0,0.1672687283084265,621343.0,902515.0,2112.0,2117.0,future_daily_quote,0.6199239182120779,0.8385109114249037,-0.909155407616334,-0.3885078398274367,-0.5727581573686682,-0.3566846503059412,-0.3465386154461785,-0.4147477824567691,902515.0,0.3032406471475026,-0.0143310067199119,1.3250342271488464,1.1562029868755577,0.970728060834866,0.0183895445408787,True,C,1.0,True,True,False,False,12.0,1.0,1.0,0.75,0.75,1.0,12.0,1.0,1.0,0.9166666666666666,0.9166666666666666,1.0,1.0,1.0,0.9166666666666666,0.9166666666666666,1.0,0.9708333333333333,True,True,True,True,True,True,True,True,True,,2025-10-27,l4_diff02_delta04_l3eff015,l4_diff02_delta04_l3eff015,0.0015,boost015,False,0.08
DCE|CS,DCE,CS,2025-10-27,2025-10-24,2025-12-16 00:00:00,DCE.cs2601-C-3000,C,3000.0,50,1.0,789,3453,0.2582397187073842,0.0128270376393808,0.0128270376393808,1.2432656444260255,2413.0,10.0,0.008220304151253596,1216.5,10.0,,0.2582397187073842,0,1,C,0.2582397187073842,,,2025-10-27,DCE,CS,0.10348470069598079,10,16298,14918,0.0021256250332568893,0.020971235376395756,0.0021256250332568893,0.0,0.0,265.0,0.1035586784679448,0.10409388249773173,0.0,0.007547169811320755,0.012560345114189502,66.0,128.0,0.016769554296366146,2229.0,0.7363546798029557,6.0,50,CS,3453.0,789.0,1.0,0.2582397187073842,109956.0,211606.0,2425.0,2427.0,future_daily_quote,0.4690938731150659,0.5356415478615071,-0.9336969075965308,-0.674932279482802,-0.8177259290540541,-0.6813105676049839,-0.8291838060186187,-0.8349372384937238,211606.0,0.2663813998025075,0.069516608373936,0.9151408216259403,-0.4653272384996131,1.0534317703225422,0.3947057385479975,True,CS,1.0,True,True,True,True,5.0,1.0,1.0,1.0,0.8,1.0,4.0,1.0,1.0,1.0,0.75,1.0,1.0,1.0,1.0,0.75,1.0,0.975,True,True,True,True,True,False,True,True,True,,2025-10-27,l4_diff02_delta04_l3eff015,l4_diff02_delta04_l3eff015,0.001,base_or_cut,False,0.08
SHFE|CU,SHFE,CU,2025-10-28,2025-10-27,2025-11-24 00:00:00,SHFE.cu2512P80000,P,80000.0,27,118.0,5635,6508,0.2181886121129245,-0.0524909640080555,0.0524909640080555,0.9099181073703366,87920.0,5.0,0.02383838383838384,24750.0,590.0,0.230595456169286,,5,0,P,0.230595456169286,,,2025-10-28,SHFE,CU,0.20127305617064223,30,98032,54535,-0.016821944928111593,-0.07713127235087147,0.016821944928111593,0.0,0.0,756.0,0.1357066127117233,0.22899592642377417,0.0026455026455026454,0.009259259259259259,0.016951815152956934,130.0,266.0,0.027683116242971255,1630.75,0.6964379915305504,13.0,50,CU,12576.0,8835.0,5.0,0.230595456169286,396365.0,595121.0,86855.0,87565.0,future_daily_quote,1.358392741412832,1.554089709762533,0.4611388414242255,0.6896772950383974,0.491991932613596,0.3774370208105149,1.9637705467963769,1.0011325028312572,595121.0,0.1160409044281876,0.2239369852026282,2.4476645094358265,2.189278856162535,1.1160409044281876,1.548624429484658,True,CU,1.0,True,True,True,True,12.0,1.0,1.0,0.75,0.6666666666666666,1.0,12.0,1.0,1.0,0.75,0.6666666666666666,1.0,1.0,1.0,0.75,0.6666666666666666,1.0,0.9041666666666667,True,True,True,True,False,False,True,True,True,,2025-10-28,l4_diff02_delta04_l3eff015,l4_diff02_delta04_l3eff015,0.001,base_or_cut,False,0.08
SHFE|NI,SHFE,NI,2025-10-28,2025-10-27,2025-11-24 00:00:00,SHFE.ni2512C142000,C,142000.0,27,86.0,611,1305,0.2930352091937253,0.0243342317966773,0.0243342317966773,1.1738066279771495,120973.92927888996,1.0,0.014018623497584355,6134.696463944499,86.0,0.2057387508843826,0.30008674673428454,1,2,C,0.30008674673428454,0.2057387508843826,0.09434799584990194,2025-10-28,SHFE,NI,0.14867567413953445,24,17901,18983,-0.001938540561861407,-0.012870900437284165,0.001938540561861407,0.0,0.0,328.0,0.20461072810860303,0.13559058972109977,0.003048780487804878,0.003048780487804878,0.02160676569108055,39.0,46.0,0.04171275082951493,2403.0,0.7231439806412584,9.0,50,NI,2752.0,1942.0,2.0,0.3000867467342845,156296.0,115046.0,120560.0,121130.0,future_daily_quote,0.573213913767965,0.4330954504906333,-0.8076565692930896,-0.7296766688997605,-0.2517672648178357,-0.5551244746201099,-0.5016679497049013,-0.8450861518825782,115046.0,0.5109797741003415,0.2836946697760569,1.331130339987736,0.8073543842887881,1.3770377995355851,2.207508964731207,True,NI,1.0,True,True,True,True,11.0,1.0,1.0,0.9090909090909091,0.9090909090909091,1.0,9.0,1.0,1.0,0.8888888888888888,0.8888888888888888,1.0,1.0,1.0,0.8888888888888888,0.8888888888888888,1.0,0.9611111111111111,True,True,True,True,True,True,True,False,True,,2025-10-28,l4_diff02_delta04_l3eff015,l4_diff02_delta04_l3eff015,0.0015,boost015,False,0.08
SHFE|ZN,SHFE,ZN,2025-10-28,2025-10-27,2025-11-24 00:00:00,SHFE.zn2512C24000,C,24000.0,27,33.0,1028,1124,0.1695607755331984,0.0729164963486915,0.0729164963486915,1.0704727921498662,22420.0,5.0,0.022222222222222223,7425.0,165.0,,0.1695607755331984,0,1,C,0.1695607755331984,,,2025-10-28,SHFE,ZN,0.12929610446495327,65,14519,17005,0.00280916132256101,0.022209101214491413,0.00280916132256101,0.0,0.0,756.0,0.1613337255553831,0.16819876808584333,0.0013227513227513227,0.0026455026455026454,0.015189991851848071,25.0,29.0,0.022463206816421378,1686.0,0.6536712038717484,15.0,50,ZN,1124.0,1028.0,1.0,0.1695607755331984,128753.0,120693.0,22310.0,22370.0,future_daily_quote,0.3193181818181818,0.5160642570281124,-0.9234951497322664,-0.6277609759256079,-0.6145404663923182,-0.320845921450151,0.2849999999999999,0.2355769230769231,120693.0,0.2465838316859294,-0.0698966577529804,0.8255725973992665,-0.726513061956658,1.0349786475037304,0.4896792934666212,True,ZN,1.0,True,True,True,True,12.0,1.0,1.0,0.9166666666666666,0.8333333333333334,1.0,12.0,1.0,1.0,0.75,0.75,1.0,1.0,1.0,0.75,0.75,1.0,0.9125,True,True,True,True,True,False,True,True,True,,2025-10-28,l4_diff02_delta04_l3eff015,l4_diff02_delta04_l3eff015,0.001,base_or_cut,False,0.08
CZCE|MA,CZCE,MA,2025-11-13,2025-11-12,2025-12-11 00:00:00,CZCE.MA601C2325,C,2325.0,28,4.0,1156,4938,0.2408892884924299,0.0667927168049759,0.0667927168049759,1.107670319199619,2099.0,10.0,0.036714089031665904,1089.5,40.0,0.2140145848297609,0.3008039802379401,2,12,C,0.3008039802379401,0.2140145848297609,0.08678939540817918,2025-11-13,CZCE,MA,0.1856511805739692,47,157447,128709,0.004224181079302031,0.023283089568078293,0.004224181079302031,0.0,0.0,756.0,0.1924070095667501,0.18175226901114483,0.005291005291005291,0.005291005291005291,0.019348554212117806,76.0,307.0,0.03364017984876387,2229.5,0.6997549019607843,13.0,51,MA,138169.0,8968.0,12.0,0.3008039802379401,1038708.0,1382831.0,2103.0,2107.0,future_daily_quote,8.383023904865915,0.9370950888192268,3.6397940517793863,-0.3475442864752318,8.943077144502015,8.320628710199676,1.569627507163324,-0.1154073781811008,1382831.0,0.296752564751777,0.4665660555051203,1.6176505858039678,0.2378845976629341,1.7075634672590565,2.8091391246758604,True,MA,1.0,True,True,True,True,12.0,1.0,1.0,0.6666666666666666,0.6666666666666666,1.0,12.0,1.0,1.0,0.75,0.75,1.0,1.0,1.0,0.75,0.75,1.0,0.9125,True,True,True,False,True,True,True,False,True,,2025-11-13,l4_diff02_delta04_l3eff015,l4_diff02_delta04_l3eff015,0.001,base_or_cut,False,0.08
CZCE|TA,CZCE,TA,2025-11-13,2025-11-12,2025-12-11 00:00:00,CZCE.TA601C5200,C,5200.0,28,9.5,3241,4899,0.2363293626031709,0.071171391745122,0.071171391745122,1.103097157403479,4714.0,5.0,0.03874388254486134,1226.0,47.5,0.21845229890645235,0.2685621045258344,10,5,C,0.2685621045258344,0.21845229890645235,0.05010980561938205,2025-11-13,CZCE,TA,0.1652901014633545,49,188430,86385,0.003008493113756505,0.018538718862555308,0.003008493113756505,0.0,0.0,756.0,0.1913591427494615,0.2344493304047433,0.005291005291005291,0.006613756613756613,0.018640890403882247,94.0,351.0,0.032791033625178226,2452.75,0.712998647734956,10.0,51,TA,32238.0,7486.0,5.0,0.2685621045258344,1080575.0,1495273.0,4720.0,4690.0,future_daily_quote,1.8787808147327931,0.4124745165022866,0.3272360307710174,-0.7977550798380545,1.6645177287379125,1.000124084874054,-0.1387482742751955,-0.4171143813750682,1495273.0,0.0202894773114037,0.1560069301365849,0.9436726360043106,-0.3925383015825689,0.9811238674025172,-0.3740340832307164,True,TA,1.0,True,True,True,True,12.0,1.0,1.0,0.75,0.5833333333333334,1.0,12.0,1.0,1.0,0.6666666666666666,0.5833333333333334,1.0,1.0,1.0,0.6666666666666666,0.5833333333333334,1.0,0.875,True,True,True,False,True,True,True,False,True,,2025-11-13,l4_diff02_delta04_l3eff015,l4_diff02_delta04_l3eff015,0.001,base_or_cut,False,0.08
DCE|I,DCE,I,2025-11-19,2025-11-18,2025-12-16 00:00:00,DCE.i2601-P-720,P,720.0,27,1.7,1870,7810,0.2356952767211519,-0.0734535521504314,0.0734535521504314,0.913126188966392,788.5,100.0,0.03137399649349451,5418.5,170.0,0.2943372203178043,0.24039715775173182,12,8,P,0.2943372203178043,0.24039715775173182,0.05394006256607248,2025-11-19,DCE,I,0.18342527168107406,32,90207,136900,-0.004553314922163154,-0.0242225191945599,0.004553314922163154,0.0,0.0,756.0,0.27701306025342165,0.18421193156303098,0.005291005291005291,0.0026455026455026454,0.027737157647957936,108.0,496.0,0.03439608984414155,2281.5,0.7046991210277213,11.0,51,I,78473.0,17163.0,12.0,0.2943372203178043,358075.0,917169.0,752.5,752.75,future_daily_quote,2.845492784103271,1.4509256910981487,0.4784253832256434,0.0987487280412809,1.4893097322674786,5.764913793103449,0.3835550181378475,4.055375552282769,917169.0,0.0007288589974261,0.0844407291490541,0.8142028168245465,-0.7402466560243824,0.9713756465818536,-0.3824699891821467,True,I,1.0,True,True,True,True,12.0,1.0,1.0,1.0,0.9166666666666666,1.0,12.0,1.0,1.0,1.0,0.8333333333333334,1.0,1.0,1.0,1.0,0.8333333333333334,1.0,0.9833333333333334,True,True,True,False,False,True,True,False,True,,2025-11-19,l4_diff02_delta04_l3eff015,l4_diff02_delta04_l3eff015,0.0015,boost015,False,0.08
SHFE|NI,SHFE,NI,2025-11-25,2025-11-24,2025-12-25 00:00:00,SHFE.ni2601P100000,P,100000.0,30,60.0,1250,1002,0.2718297489579355,-0.0176586397795908,0.0176586397795908,0.8513488719444174,117460.65954325804,1.0,0.010112871482587176,5933.032977162902,60.0,0.2753595979857345,0.2242050814149195,2,3,P,0.2753595979857345,0.2242050814149195,0.05115451657081502,2025-11-25,SHFE,NI,0.1476118688228745,24,46093,22506,0.00030403003961018693,0.0020639094437975548,0.00030403003961018693,0.0,0.0,352.0,0.20256282951357382,0.1492959996502464,0.002840909090909091,0.002840909090909091,0.021217819864294857,46.0,64.0,0.041288263032024444,2099.0,0.7118368700265253,9.0,52,NI,2099.0,2110.0,2.0,0.2753595979857345,116438.0,141215.0,116160.0,116130.0,future_daily_quote,1.557121661721068,1.723856209150327,0.1713830656797346,0.1735175938397828,0.1070675105485232,-0.4016533637400228,-0.3463444857496902,-0.4761668321747765,141215.0,0.2262078427286304,0.6834557245720281,1.0514538558786346,-0.0589087183325428,1.5756909652871536,2.6823749743247927,True,NI,1.0,True,True,True,True,12.0,1.0,1.0,0.9166666666666666,0.9166666666666666,1.0,2.0,1.0,1.0,1.0,1.0,1.0,1.0,1.0,0.9166666666666666,0.9166666666666666,1.0,0.9708333333333333,True,True,True,True,False,True,True,True,True,,2025-11-25,l4_diff02_delta04_l3eff015,l4_diff02_delta04_l3eff015,0.0015,boost015,False,0.08
SHFE|ZN,SHFE,ZN,2025-12-01,2025-11-24,2025-12-25 00:00:00,SHFE.zn2601P21600,P,21600.0,24,18.0,507,1132,0.1237865432183067,-0.0576919250616911,0.0576919250616911,0.9517514871116988,22695.0,5.0,0.010344827586206896,8700.0,90.0,0.1237865432183067,,1,0,P,0.1237865432183067,,,2025-12-01,SHFE,ZN,0.12029654252379166,72,30690,21547,0.0073427077602485485,0.06500627247954645,0.0073427077602485485,0.0,0.0,756.0,0.15800609366535057,0.1750779130859089,0.0013227513227513227,0.0026455026455026454,0.014397344591840014,25.0,29.0,0.022463206816421378,1686.0,0.6689615834195027,15.0,52,ZN,1132.0,507.0,1.0,0.1237865432183067,128295.0,105756.0,22590.0,22520.0,future_daily_quote,0.6585223967422921,0.5748299319727891,-0.6789693177202711,-0.6263496964354596,0.1141732283464567,-0.163340724316334,-0.1742671009771986,-0.3355176933158584,105756.0,-0.095507299675855,-0.0215388031531031,0.8354116337068848,-0.575471340285706,0.904492700324145,-0.7414252386996582,True,ZN,1.0,True,True,True,True,12.0,1.0,1.0,0.9166666666666666,0.8333333333333334,1.0,12.0,0.9166666666666666,0.9166666666666666,0.8333333333333334,0.6666666666666666,0.9094202898550724,0.9166666666666666,0.9166666666666666,0.8333333333333334,0.6666666666666666,0.9094202898550724,0.8746376811594203,True,True,True,True,True,False,True,False,True,,2025-12-01,l4_diff02_delta04_l3eff015,l4_diff02_delta04_l3eff015,0.001,base_or_cut,False,0.08
CZCE|PK,CZCE,PK,2025-12-12,2025-12-11,2026-02-11 00:00:00,CZCE.PK603P7500,P,7500.0,61,10.5,467,1374,0.1195166267704443,-0.060489606331821,0.060489606331821,0.9282178217821784,8080.0,5.0,0.019867549668874173,2642.5,52.5,0.123364218114677,,2,0,P,0.123364218114677,,,2025-12-12,CZCE,PK,0.11591774598688005,32,11496,25491,-0.0033907871325917077,-0.028420323709757472,0.0033907871325917077,0.0,0.0,620.0,0.14758423555467073,0.25813364161567315,0.0,0.0016129032258064516,0.014737079397144272,69.0,212.0,0.026217228464419477,1878.0,0.7939587735467337,1.0,52,PK,2606.0,992.0,2.0,0.123364218114677,,,,,,0.7930614729153986,1.0216271884654995,-0.3676889333298843,-0.2886033678075259,0.6705128205128206,0.2421353670162058,1.2804597701149425,0.0237358101135189,,,,,,,,False,PK,1.0,True,True,True,True,12.0,1.0,1.0,0.9166666666666666,0.8333333333333334,1.0,1.0,1.0,1.0,1.0,1.0,1.0,1.0,1.0,0.9166666666666666,0.8333333333333334,1.0,0.9625,True,True,False,True,True,False,False,False,True,,2025-12-12,l4_diff02_delta04_l3eff015,l4_diff02_delta04_l3eff015,0.001,base_or_cut,False,0.08
DCE|C,DCE,C,2025-12-17,2025-12-16,2026-02-25 00:00:00,DCE.c2603-C-2380,C,2380.0,70,4.0,476,1374,0.1201262981608308,0.0779635069763426,0.0779635069763426,1.0788757932910245,2206.0,10.0,0.02906976744186046,1376.0000000000002,40.0,0.09111421300503281,0.1333846383103637,2,8,C,0.1333846383103637,0.09111421300503281,0.0422704253053309,2025-12-17,DCE,C,0.08568674677756191,22,49183,146207,-0.00029092854668244517,-0.0033837684676315954,0.00029092854668244517,0.0,0.0,756.0,0.10588742996394566,0.11924964561283917,0.0,0.007936507936507936,0.011431390001879347,67.0,364.0,0.015259671404241684,5477.0,0.7498994065548712,4.0,52,C,34579.0,7550.0,8.0,0.1333846383103637,402536.0,988605.0,2206.0,2206.0,future_daily_quote,0.7348634576559345,1.1558481322718923,-0.8286487411318864,-0.0915511392003623,0.242820687920066,-0.1654841200888116,-0.5593042260098062,1.6631393298059964,988605.0,-0.0090126664501462,0.0564852326852607,0.8479601273195692,-0.7408737732987273,1.0617021299445526,0.8928814105570724,False,C,1.0,True,True,False,False,12.0,1.0,1.0,0.6666666666666666,0.6666666666666666,1.0,12.0,1.0,1.0,0.8333333333333334,0.8333333333333334,1.0,1.0,1.0,0.8333333333333334,0.8333333333333334,1.0,0.9416666666666668,True,True,False,True,True,False,False,True,True,,2025-12-17,l4_diff02_delta04_l3eff015,l4_diff02_delta04_l3eff015,0.0015,boost015,False,0.08
DCE|I,DCE,I,2025-12-17,2025-12-16,2026-01-20,DCE.i2602-P-710,P,710.0,34,0.7,521,1012,0.2036134309959941,-0.0350719029427919,0.0350719029427919,0.8953341740226987,793.0,100.0,0.0150764591858712,4643.000000000001,70.0,0.2190485578508018,0.2040750808498033,7,2,P,0.2190485578508018,0.2040750808498033,0.014973477000998492,2025-12-17,DCE,I,0.15542565083346493,48,46875,55418,0.00664475922112201,0.04466137518812098,0.00664475922112201,0.0,0.0,756.0,0.27279169852769436,0.19313344472063984,0.005291005291005291,0.0026455026455026454,0.027016699281493584,106.0,447.0,0.032902660900160516,2158.0,0.7075647394685969,10.0,52,I,18736.0,10939.0,7.0,0.2190485578508018,301348.0,884331.0,761.0,758.75,future_daily_quote,0.6775885139777946,0.8818218460298267,-0.7205910619101753,-0.4759305897835193,-0.8005259403579376,0.574718440073962,-0.0021891817933047,1.426574977817214,884331.0,-0.0493354288859457,0.1850284018958718,0.7333281418823552,-1.00859397138999,0.9577637006960682,-0.4770545836541371,True,I,1.0,True,True,True,True,12.0,1.0,1.0,1.0,0.9166666666666666,1.0,12.0,1.0,1.0,1.0,0.9166666666666666,1.0,1.0,1.0,1.0,0.9166666666666666,1.0,0.9916666666666667,True,True,True,False,True,False,True,False,True,2026-01-20,2025-12-17,l4_diff02_delta04_l3eff015,l4_diff02_delta04_l3eff015,0.001,base_or_cut,True,0.04
SHFE|NI,SHFE,NI,2025-12-26,2025-12-25,2026-01-26 00:00:00,SHFE.ni2602P100000,P,100000.0,31,88.0,825,1376,0.4194429823665861,-0.0150604094811417,0.0150604094811417,0.7729660649391669,129371.78556198336,1.0,0.01342161240661276,6556.589278099168,88.0,0.4194429823665861,,1,0,P,0.4194429823665861,,,2025-12-26,SHFE,NI,0.36028727647828424,38,40042,15457,0.043881104592211895,0.13868599443127191,0.043881104592211895,0.0,0.0,379.0,0.19920681910890387,0.16492065164009342,0.005277044854881266,0.0079155672823219,0.021359880655199687,43.0,62.0,0.04149648750204215,2163.0,0.6927314211212516,13.0,52,NI,1376.0,825.0,1.0,0.4194429823665861,616999.0,136645.0,126750.0,126800.0,future_daily_quote,0.7512967512967513,0.6840796019900498,-0.6891089341850489,-0.5000615569454507,-0.5210581273929691,-0.2742616033755274,20.710526315789476,-0.7444237918215613,136645.0,,0.1865253030460907,5.177078176524388,5.9560771452250965,1.3713594668914717,1.826879756437899,True,NI,1.0,True,True,True,True,12.0,1.0,1.0,0.9166666666666666,0.9166666666666666,1.0,3.0,1.0,1.0,1.0,1.0,1.0,1.0,1.0,1.0,1.0,1.0,1.0,True,True,True,False,True,False,True,False,True,,2025-12-26,l4_diff02_delta04_l3eff015,l4_diff02_delta04_l3eff015,0.0015,boost015,False,0.08
CZCE|MA,CZCE,MA,2026-01-14,2026-01-13,2026-02-11 00:00:00,CZCE.MA603P2075,P,2075.0,28,4.5,3582,2652,0.2540383968249839,-0.0622536058804843,0.0622536058804843,0.8998265394622723,2306.0,10.0,0.037562604340567615,1198.0,45.0,0.2581967265647578,,2,0,P,0.2581967265647578,,,2026-01-14,CZCE,MA,0.3055691231528979,55,196134,118958,0.01304995572684503,0.044612309824599725,0.01304995572684503,0.0,0.0,756.0,0.19083413607855265,0.16101871484804045,0.005291005291005291,0.005291005291005291,0.01998015184599257,72.0,260.0,0.03306347694988065,2061.5,0.7425847457627118,6.0,52,MA,4689.0,4821.0,2.0,0.2581967265647578,1571983.0,823784.0,2288.0,2285.0,future_daily_quote,0.7261886324918693,0.768042058308109,-0.6802282544761947,-0.5037539973925268,-0.741951461119366,0.2223670490093847,-0.3438138015516537,-0.6049655850540807,823784.0,0.0323871063148779,-0.432116314323314,2.133518728886826,2.076065761158019,0.941755874942268,-0.3229634527944217,True,MA,1.0,True,True,True,True,12.0,1.0,1.0,0.75,0.75,1.0,12.0,0.9166666666666666,0.9166666666666666,0.8333333333333334,0.8333333333333334,0.5392156862745098,0.9166666666666666,0.9166666666666666,0.8333333333333334,0.8333333333333334,0.5392156862745098,0.8727941176470588,True,True,True,False,True,False,True,False,True,,2026-01-14,l4_diff02_delta04_l3eff015,l4_diff02_delta04_l3eff015,0.001,base_or_cut,False,0.08
CZCE|TA,CZCE,TA,2026-01-14,2026-01-13,2026-02-11 00:00:00,CZCE.TA603P4700,P,4700.0,28,12.0,2246,3220,0.2324774355146661,-0.0782694055241576,0.0782694055241576,0.9147528221097704,5138.0,5.0,0.039113428943937406,1534.0000000000005,60.0,0.24185103982735645,,6,0,P,0.24185103982735645,,,2026-01-14,CZCE,TA,0.27023662938862003,36,96616,90014,0.009183353456564514,0.03517808165316673,0.009183353456564514,0.0,0.0,756.0,0.18676859553497369,0.2064231019687283,0.005291005291005291,0.007936507936507936,0.020488961314153897,94.0,322.0,0.03147359458539758,2301.75,0.7255378096479791,9.0,52,TA,18767.0,7390.0,6.0,0.2418510398273564,1895557.0,1996655.0,5083.0,5108.0,future_daily_quote,0.8717889162447159,0.7267184580588062,-0.3811464483790664,-0.597173275157034,-0.6602089406311673,-0.6098336798336799,-0.6532795345782115,-0.5467091946267558,1996655.0,0.0935703711168669,0.3459400794760914,1.7542114152187491,1.3219089474102077,1.3642920103039953,3.066206197830425,True,TA,1.0,True,True,True,False,12.0,0.9166666666666666,0.9166666666666666,0.6666666666666666,0.5,0.3125,12.0,0.9166666666666666,0.9166666666666666,0.8333333333333334,0.75,-1.4722222222222223,0.9166666666666666,0.9166666666666666,0.8333333333333334,0.75,-1.4722222222222223,0.7875000000000001,True,True,True,False,True,False,True,False,True,,2026-01-14,l4_diff02_delta04_l3eff015,l4_diff02_delta04_l3eff015,0.001,base_or_cut,False,0.08
DCE|I,DCE,I,2026-01-21,2026-01-20,2026-02-25,DCE.i2603-C-920,C,920.0,35,0.6,203,2102,0.2335381109620402,0.0277731332184644,0.0277731332184644,1.1514392991239049,799.0,100.0,0.013469525199236727,4454.5,60.0,0.2043684630856141,0.2226598745044088,3,7,C,0.2226598745044088,0.2043684630856141,0.0182914114187947,2026-01-21,DCE,I,0.17244143389532948,48,40339,66566,0.008027336018529313,0.0488238911516238,0.008027336018529313,0.0,0.0,756.0,0.2694620660047944,0.19758323455347226,0.003968253968253968,0.0026455026455026454,0.02599341448834324,105.0,435.0,0.03188135547942472,2126.5,0.7293329602387806,8.0,53,I,17179.0,4071.0,7.0,0.2226598745044088,287877.0,924563.0,774.25,777.5,future_daily_quote,1.0469254677311233,0.47815362931642,-0.4115187353077105,-0.6877175898117905,1.549569605224102,-0.6969659551949197,-0.6060576736984711,-0.5168525990980299,924563.0,-0.0622712888961012,0.0018670625460535,0.7459499378109453,-0.8787885411757015,1.0048003251657889,0.3290585945743309,True,I,1.0,True,True,True,True,12.0,1.0,1.0,1.0,0.9166666666666666,1.0,2.0,0.5,0.5,0.5,0.5,-9.3,1.0,1.0,1.0,0.9166666666666666,1.0,0.9916666666666667,True,True,True,False,True,False,True,True,True,2026-02-25,2026-01-21,l4_diff02_delta04_l3eff015,l4_diff02_delta04_l3eff015,0.00075,base_or_cut,True,0.04
SHFE|AL,SHFE,AL,2026-01-27,2026-01-26,2026-02-13 00:00:00,SHFE.al2603P22600,P,22600.0,17,15.0,792,1136,0.1882432441491079,-0.0374846332624794,0.0374846332624794,0.9309989701338826,24275.0,5.0,0.009345794392523364,8025.0,75.0,0.2215124830611954,,3,0,P,0.2215124830611954,,,2026-01-27,SHFE,AL,0.2337587342760436,74,88006,71706,-0.019975239168691816,-0.07872512654692859,0.019975239168691816,0.0,0.0,756.0,0.12093551728674463,0.22432996586902762,0.0013227513227513227,0.007936507936507936,0.015146577900523137,72.0,110.0,0.025641395643731517,1442.5,0.7208749215317012,11.0,54,AL,4683.0,1797.0,3.0,0.2215124830611954,668402.0,717234.0,24447.5,24427.5,future_daily_quote,0.6791878172588832,0.8874074074074074,-0.4843895285476963,-0.3389170722775458,-0.7525756855286099,-0.5342615614122328,-0.8182645631067962,-0.638430583501006,717234.0,-0.0308054662574945,0.1120631110863032,1.9571558663258344,0.6881964862572552,1.1535970997383138,1.3589942645311124,True,AL,1.0,True,True,False,False,12.0,1.0,1.0,0.9166666666666666,0.8333333333333334,1.0,12.0,1.0,1.0,0.8333333333333334,0.75,1.0,1.0,1.0,0.8333333333333334,0.75,1.0,0.9333333333333335,True,True,True,True,True,False,True,False,True,,2026-01-27,l4_diff02_delta04_l3eff015,l4_diff02_delta04_l3eff015,0.001,base_or_cut,False,0.08
SHFE|ZN,SHFE,ZN,2026-01-27,2026-01-26,2026-02-13 00:00:00,SHFE.zn2603P23000,P,23000.0,17,11.0,555,1308,0.1986875932970505,-0.0265731516141435,0.0265731516141435,0.9212898057280192,24965.0,5.0,0.007213114754098361,7625.0,55.0,0.1986875932970505,,1,0,P,0.1986875932970505,,,2026-01-27,SHFE,ZN,0.22179785985868372,54,31225,20529,0.017629447080709737,0.08634757375461964,0.017629447080709737,0.0,0.0,756.0,0.15590372065574304,0.17856199547659782,0.0026455026455026454,0.005291005291005291,0.015124404010886681,19.0,23.0,0.033497960060124544,1633.0,0.7219036409290646,10.0,54,ZN,1308.0,555.0,1.0,0.1986875932970505,255674.0,118946.0,24950.0,25000.0,future_daily_quote,0.7186813186813187,0.7124518613607189,-0.7222589339508187,-0.5717563764319744,-0.6528662420382165,0.2167441860465115,-0.807825484764543,-0.1944847605224964,118946.0,0.2984945907885112,,1.7457393346807233,3.279469447412685,1.0525728950046458,0.45696400104045,True,ZN,1.0,True,True,False,False,12.0,1.0,1.0,1.0,0.9166666666666666,1.0,12.0,0.9166666666666666,0.9166666666666666,0.8333333333333334,0.75,0.9094202898550724,0.9166666666666666,0.9166666666666666,0.8333333333333334,0.75,0.9094202898550724,0.8829710144927537,True,True,True,True,True,False,True,True,True,,2026-01-27,l4_diff02_delta04_l3eff015,l4_diff02_delta04_l3eff015,0.001,base_or_cut,False,0.08
CZCE|CF,CZCE,CF,2026-02-12,2026-02-11,2026-04-13 00:00:00,CZCE.CF605P13600,P,13600.0,60,31.0,2373,7881,0.1441599061227784,-0.0778356336774019,0.0778356336774019,0.9220338983050848,14750.0,5.0,0.03329752953813104,4655.0,155.0,0.1872000788720768,,10,0,P,0.1872000788720768,,,2026-02-12,CZCE,CF,0.13946814715513106,14,59791,173123,0.002782642794329604,0.020357994853531867,0.002782642794329604,0.0,0.0,756.0,0.138105991195681,0.2598970466942041,0.0,0.009259259259259259,0.015441770266383673,63.0,224.0,0.01863799283154122,7493.5,0.750774214180344,6.0,53,CF,63363.0,6099.0,10.0,0.1872000788720768,234010.0,693995.0,14790.0,14780.0,future_daily_quote,1.7816111345423873,0.94324157129601,1.6421883399621335,-0.3309849212709826,0.0901348840410156,0.9848076682120036,-0.3916209476309227,-0.2882483370288248,693995.0,-0.132458535219437,-0.2083123241790458,0.967759278098972,-0.3782049759958011,1.1698602057552816,0.088363914404415,True,CF,1.0,True,True,True,True,12.0,1.0,1.0,0.6666666666666666,0.6666666666666666,1.0,10.0,0.9,0.9,0.7,0.7,-4.516393442622951,0.9,0.9,0.7,0.7,-4.516393442622951,0.7399999999999999,True,True,True,True,True,False,True,False,True,,2026-02-12,l4_diff02_delta04_l3eff015,l4_diff02_delta04_l3eff015,0.001,base_or_cut,False,0.08
CZCE|OI,CZCE,OI,2026-02-12,2026-02-11,2026-04-13 00:00:00,CZCE.OI605C10800,C,10800.0,60,20.5,1202,2871,0.2553620655673921,0.0535323335817063,0.0535323335817063,1.187726822830749,9093.0,10.0,0.043144270230453544,4751.5,205.0,,0.2553620655673921,0,1,C,0.2553620655673921,,,2026-02-12,CZCE,OI,0.1593894581676612,18,4692,11517,0.01012459484467032,0.06782972642906547,0.01012459484467032,0.0,0.0,756.0,0.18770101820761131,0.15393403162172012,0.0013227513227513227,0.003968253968253968,0.01750988166593173,54.0,146.0,0.028833738063317405,1732.75,0.713835403406336,11.0,53,OI,2871.0,1202.0,1.0,0.2553620655673921,131858.0,251961.0,9047.0,9122.0,future_daily_quote,0.96309963099631,0.931782945736434,-0.417009611574343,-0.3708487648409014,-0.5339285714285714,0.5078781512605042,-0.7287294064545249,3.1023890784982937,251961.0,-0.0263806668006244,0.2645597446398458,0.5878225360651937,-1.5511187157083914,1.0792238665324567,0.6202760068436857,True,OI,1.0,True,True,False,False,12.0,0.9166666666666666,0.9166666666666666,0.6666666666666666,0.5833333333333334,-1.1195652173913044,12.0,0.8333333333333334,0.8333333333333334,0.5833333333333334,0.5,-2.0788244766505635,0.8333333333333334,0.8333333333333334,0.5833333333333334,0.5,-2.0788244766505635,0.6541666666666668,True,True,True,True,True,False,True,False,True,,2026-02-12,l4_diff02_delta04_l3eff015,l4_diff02_delta04_l3eff015,0.001,base_or_cut,False,0.08
CZCE|RM,CZCE,RM,2026-02-12,2026-02-11,2026-04-13 00:00:00,CZCE.RM605P2025,P,2025.0,60,7.5,428,2334,0.234216548508877,-0.0735948763180982,0.0735948763180982,0.8754863813229572,2313.0,10.0,0.06090133982947625,1231.5,75.0,0.2362688101994132,,2,0,P,0.2362688101994132,,,2026-02-12,CZCE,RM,0.19745495487466325,20,44279,61025,0.011577311418746739,0.06228458250005983,0.011577311418746739,0.0,0.0,756.0,0.22464591338133394,0.1310856779984055,0.003968253968253968,0.003968253968253968,0.021444505554147314,65.0,261.0,0.04150943396226415,3062.0,0.7791966689705684,4.0,53,RM,8769.0,1793.0,2.0,0.2362688101994132,387948.0,876987.0,2303.0,2301.0,future_daily_quote,1.249323265422425,0.714058144165671,-0.4035836128668761,-0.4892948743030818,-0.3290742157612853,-0.008143875127248,-0.498180800447803,0.5337895637296834,876987.0,-0.1283717703558522,0.3385865110606738,1.2059609813113163,0.2101508234049026,1.8704507063882063,1.3484454300723634,True,RM,1.0,True,True,True,True,12.0,1.0,1.0,0.5,0.4166666666666667,1.0,12.0,0.9166666666666666,0.9166666666666666,0.75,0.5833333333333334,0.5490196078431372,0.9166666666666666,0.9166666666666666,0.75,0.5833333333333334,0.5490196078431372,0.8274509803921568,True,True,True,True,True,False,True,False,True,,2026-02-12,l4_diff02_delta04_l3eff015,l4_diff02_delta04_l3eff015,0.001,base_or_cut,False,0.08
CZCE|MA,CZCE,MA,2026-03-12,2026-03-11,2026-04-13 00:00:00,CZCE.MA605P2175,P,2175.0,32,21.5,385,3008,0.6628526990417867,-0.0793206023399825,0.0793206023399825,0.7731958762886598,2813.0,10.0,0.13259327782917052,1621.5,215.0,0.6820087853458121,,9,0,P,0.6820087853458121,,,2026-03-12,CZCE,MA,0.7183717657586183,22,143725,38847,0.09849137336717961,0.15888770571885555,0.09849137336717961,1.0,0.0,756.0,0.19083413607855265,0.2536995788845425,0.01455026455026455,0.011904761904761904,0.024316235196554722,73.0,295.0,0.034206211672997366,2667.5,0.7117706431324812,12.0,53,MA,34979.0,7582.0,9.0,0.6820087853458121,2697633.0,570574.0,2726.0,2773.0,future_daily_quote,5.791225165562914,1.2613541839960074,0.9994433466083212,-0.1361813929326356,0.2518879066604631,1.0659736577874903,-0.6760659659916262,-0.3296198054818744,570574.0,-0.2929637642906886,-0.3430918458394496,2.9828039739273216,4.277396054077329,0.652284356808714,-1.5560504235399752,False,MA,1.0,True,True,True,True,12.0,1.0,1.0,0.75,0.75,1.0,12.0,1.0,1.0,0.9166666666666666,0.9166666666666666,1.0,1.0,1.0,0.9166666666666666,0.9166666666666666,1.0,0.9708333333333333,True,True,False,False,False,False,False,False,True,,2026-03-12,l4_diff02_delta04_l3eff015,l4_diff02_delta04_l3eff015,0.0015,boost015,False,0.08
DCE|I,DCE,I,2026-03-18,2026-03-17,2026-04-17 00:00:00,DCE.i2605-P-720,P,720.0,30,2.0,820,3623,0.2711015296028561,-0.0700413478972952,0.0700413478972952,0.8944099378881988,805.0,100.0,0.04162330905306972,4805.0,200.0,0.32773809959223,0.2936865389389539,9,4,P,0.32773809959223,0.2936865389389539,0.03405156065327608,2026-03-18,DCE,I,0.20108514737090155,48,57876,81448,-0.0139355561475894,-0.06481029928539414,0.0139355561475894,0.0,0.0,756.0,0.26185604224123377,0.20497659299792817,0.003968253968253968,0.0026455026455026454,0.025425786997270564,116.0,501.0,0.03234324952614642,2109.25,0.8148650841955772,4.0,53,I,46929.0,9429.0,9.0,0.32773809959223,293872.0,869372.0,777.25,778.75,future_daily_quote,3.131940736785905,1.2477173481540291,0.6289014456029377,0.0091990931798516,8.315005954743945,7.773415591699383,0.8824116590137752,1.852950075642965,869372.0,-0.0599381706157959,-0.0596941473972028,0.8375046310809655,-0.6684350479506447,0.9448894550244652,-0.7334378369432112,False,I,1.0,True,True,True,True,12.0,1.0,1.0,0.9166666666666666,0.9166666666666666,1.0,12.0,1.0,1.0,1.0,0.9166666666666666,1.0,1.0,1.0,1.0,0.9166666666666666,1.0,0.9916666666666667,True,True,False,False,False,False,False,True,True,,2026-03-18,l4_diff02_delta04_l3eff015,l4_diff02_delta04_l3eff015,0.0015,boost015,False,0.08
SHFE|ZN,SHFE,ZN,2026-03-26,2026-03-25,2026-04-24 00:00:00,SHFE.zn2605C30000,C,30000.0,29,28.0,1143,1515,0.4512451141695459,0.0260231879015487,0.0260231879015487,1.2906001290600129,23245.0,5.0,0.023524469649233354,5951.25,140.0,,0.4512451141695459,0,1,C,0.4512451141695459,,,2026-03-26,SHFE,ZN,0.164956750495151,71,36706,19696,0.0030506216640484862,0.01884191590567173,0.0030506216640484862,0.0,0.0,756.0,0.15604732392321108,0.19371905301464618,0.003968253968253968,0.010582010582010581,0.017691337440525555,10.0,10.0,0.03248436055922687,1189.0,0.7253882915173238,10.0,54,ZN,1515.0,1143.0,1.0,0.4512451141695459,96062.0,103163.0,23070.0,22985.0,future_daily_quote,0.8015873015873016,0.7490170380078637,-0.5141597717152945,-0.4812722075811852,-0.6021533613445378,0.1817472698907956,-0.7078967544083823,0.2615894039735098,103163.0,0.2091870223639176,0.3461955032427284,0.6826997562344982,-0.9146272426083222,0.9864034039298178,0.1215443249479069,True,ZN,1.0,True,True,True,True,12.0,1.0,1.0,0.9166666666666666,0.8333333333333334,1.0,12.0,1.0,1.0,0.8333333333333334,0.8333333333333334,1.0,1.0,1.0,0.8333333333333334,0.8333333333333334,1.0,0.9416666666666668,True,True,True,True,True,False,True,True,True,,2026-03-26,l4_diff02_delta04_l3eff015,l4_diff02_delta04_l3eff015,0.0015,boost015,False,0.08
