entry_date,product,exchange,contract_code,option_type,target_expiry,dte,trend_20d,delta,close_oi,volume,entry_price,strike,spot_close,sell_side,side_rule,put_iv_pressure,call_iv_pressure,selected_side_iv_pressure,other_side_iv_pressure,side_iv_pressure_diff,qty,target_qty,qty_fill_ratio,premium_cash,target_premium_cash,target_premium_pct,budget_group,current_group_premium_cash_before,group_premium_budget_cash,group_premium_cap_cash,portfolio_group_premium_cap_pct_nav,capped_by_group_premium,corr_peer_count,corr_peer_products,current_corr_premium_cash_before,corr_premium_budget_cash,corr_premium_cap_cash,portfolio_corr_premium_cap_pct_nav,portfolio_corr_threshold,capped_by_corr_premium,portfolio_group_margin_trigger_pct_nav,portfolio_group_new_trade_cap_after_trigger_pct_nav,group_margin_trigger_margin_pct,group_margin_trigger_budget_cash,capped_by_group_margin_trigger,margin_cash,current_margin_cash_before,post_open_margin_pct_nav,margin_budget_cash,one_lot_margin_cash,max_qty_by_margin,capped_by_margin,entry_reason,reentry_count,trigger_contract_code,trigger_entry_price,trigger_last_price,trigger_decay_ratio,overlay_atm_iv,overlay_iv_percentile,overlay_iv_prior_days,overlay_atm_option_obs,overlay_signal_rule,overlay_trigger_trade_date,overlay_atm_iv_lag1,overlay_atm_iv_lag2,overlay_atm_iv_lag3,overlay_atm_iv_lag4,overlay_iv_percentile_lag1,overlay_iv_percentile_lag2,overlay_iv_percentile_lag3,overlay_iv_percentile_lag4
2022-02-14,C,DCE,DCE.c2205-P-2540,P,2022-04-11,56,0.03279910547894138,-0.03535760397168697,7089.0,415.0,2.0,2540.0,2771.0,P,l4_diff02_delta04_l3eff015,0.1488961557826078,0.1447370811682986,0.1488961557826078,0.1447370811682986,0.0041590746143092,2500,2500,1.0,50000.0,50000.0,0.001,AGRI|P,,,,,False,0,,,,,,,False,0.45,0.00075,0.0,,False,4090000.0000000005,0.0,0.08180000000000001,35000000.0,1636.0000000000002,21393,False,monthly,0,,,,,,,,,,,,,,,,,,
2022-02-23,AL,SHFE,SHFE.al2204P20000,P,2022-03-25,30,0.0702167766258246,-0.0324015851856704,2088.0,453.0,21.0,20000.0,22710.0,P,l4_diff02_delta04_l3eff015,0.2479044908452642,,0.2479044908452642,,,476,476,1.0,49980.0,49980.0,0.001,METAL|P,,,,,False,0,,,,,,,False,0.45,0.00075,0.0817386959780165,,False,2752470.0,4090000.0000000005,0.13674683987009742,30936250.0,5782.5,5349,False,monthly,0,,,,,,,,,,,,,,,,,,
2022-02-23,AU,SHFE,SHFE.au2204C424,C,2022-03-25,30,0.03272070540741523,0.0682391964208249,2895.0,1723.0,0.64,424.0,388.84,C,l4_diff02_delta04_l3eff015,,0.1952594163184167,0.1952594163184167,,,78,78,1.0,49920.0,49920.0,0.001,METAL|C,,,,,False,0,,,,,,,False,0.45,0.00075,0.13674683987009742,,False,3531403.199999999,6842470.0,0.20732197252060952,28183780.0,45274.39999999999,622,False,monthly,0,,,,,,,,,,,,,,,,,,
2022-02-23,CU,SHFE,SHFE.cu2204P62000,P,2022-03-25,30,-0.00897363993269773,-0.0276111464182819,1881.0,1143.0,54.0,62000.0,70680.0,P,l4_diff02_delta04_l3eff015,0.2459093642112723,0.2164382823465599,0.2459093642112723,0.2164382823465599,0.0294710818647124,185,185,1.0,49950.0,49950.0,0.001,METAL|P,,,,,False,0,,,,,,,False,0.45,0.00075,0.20732197252060952,,False,3318900.0,10373873.2,0.2736502263302523,24652376.8,17940.0,1374,False,monthly,0,,,,,,,,,,,,,,,,,,
2022-03-11,TA,CZCE,CZCE.TA205P4800,P,2022-04-07,27,,-0.04197606751224059,5140.0,1696.0,15.0,4800.0,6030.0,P,iv_extreme_high_iv_pressure,0.5383591570701042,,0.5383591570701042,,,132,132,1.0,9900.0,9900.0,0.0002,CHEM|P,,,,,False,0,,,,,,,False,0.45,0.00075,0.2747651564800742,,False,208890.0,13692773.2,0.2789568342869572,21191348.8,1582.5,13391,False,iv_extreme_overlay,0,,,,,0.43249687487028987,0.9900497512437811,402.0,36.0,t4_p95_pullback_3d,2022-03-07,0.47488107572281013,0.4988157581804567,0.5032676430582445,0.5134733159794684,0.9925187032418953,0.995,0.9974937343358395,1.0
2022-03-12,CU,SHFE,SHFE.cu2204P62000,P,2022-03-25,13,,-0.011435435271489047,1702.0,7.0,20.0,62000.0,72290.0,P,iv_extreme_high_iv_pressure,0.36472375746193963,,0.36472375746193963,,,99,99,1.0,9900.0,9900.0,0.0002,METAL|P,,,,,False,0,,,,,,,False,0.45,0.00075,0.2788744049803016,,False,1799077.5,13901663.2,0.31496481086252354,20992769.8,18172.5,1155,False,iv_extreme_overlay,0,,,,,0.21351567806184282,0.7235772357723578,492.0,33.0,t4_p95_pullback_3d,2022-03-08,0.21041986779913038,0.22118958359439914,0.23814622545222433,0.2665157162199791,0.6802443991853361,0.8081632653061225,0.9059304703476483,0.9815573770491803
2022-03-12,ZN,SHFE,SHFE.zn2204C29500,C,2022-03-25,13,,0.04633809567390939,2757.0,59.0,41.0,29500.0,25360.0,C,iv_extreme_high_iv_pressure,,0.4622942928179426,0.4622942928179426,,,48,48,1.0,9840.0,9840.0,0.0002,METAL|C,,,,,False,0,,,,,,,False,0.45,0.00075,0.31496481086252354,,False,314160.0,15700740.7,0.3212670195844707,19193692.3,6545.0,2932,False,iv_extreme_overlay,0,,,,,0.28424129112662805,0.9495614035087719,456.0,6.0,t4_p95_pullback_3d,2022-03-08,0.25839777836089917,0.2875865549806207,0.3282412755843058,0.35898010010346754,0.8967032967032967,0.9581497797356828,0.9823399558498896,0.9911504424778761
2022-03-14,MA,CZCE,CZCE.MA205C3850,C,2022-04-07,24,,0.037891882179065535,12188.0,5811.0,6.0,3850.0,2970.0,C,iv_extreme_high_iv_pressure,0.4287619861248869,0.517041451026533,0.517041451026533,0.4287619861248869,0.08827946490164607,166,166,1.0,9960.0,9960.0,0.0002,CHEM|C,,,,,False,0,,,,,,,False,0.45,0.00075,0.32060431936672296,,False,256470.0,16014900.7,0.3257386246820212,18951660.3,1545.0,12266,False,iv_extreme_overlay,0,,,,,0.35556629959351527,0.8610421836228288,403.0,36.0,t4_p95_pullback_3d,2022-03-08,0.386275852677945,0.43505706246717873,0.46492088820907185,0.4850839890277477,0.8980099502487562,0.9451371571072319,0.9675,0.9774436090225563
2022-03-14,RM,CZCE,CZCE.RM205P3250,P,2022-04-07,24,,-0.04317657781348594,1564.0,371.0,10.0,3250.0,4044.0,P,iv_extreme_high_iv_pressure,0.633804346243837,,0.633804346243837,,,99,99,1.0,9900.0,9900.0,0.0002,AGRI|P,,,,,False,0,,,,,,,False,0.45,0.00075,0.3257386246820212,,False,210078.0,16271370.7,0.3299442026912512,18695190.3,2122.0,8810,False,iv_extreme_overlay,0,,,,,0.3770008415366598,0.9851116625310173,403.0,30.0,t4_p95_pullback_3d,2022-03-08,0.368603610337252,0.42865074408253984,0.44042555963198315,0.46772208604935167,0.9850746268656716,0.9950124688279302,0.9975,1.0
2022-03-15,L,DCE,DCE.l2205-C-10800,C,2022-04-11,27,,0.039417305673522716,4191.0,2505.0,15.0,10800.0,8808.0,C,iv_extreme_high_iv_pressure,,0.4104109133698595,0.4104109133698595,,,133,133,1.0,9975.0,9975.0,0.0002,CHEM|C,,,,,False,0,,,,,,,False,0.45,0.00075,0.3294788963627068,,False,214981.2,16481448.7,0.33377656277565565,18534493.8,1616.4,11466,False,iv_extreme_overlay,0,,,,,0.25030294324372554,0.806282722513089,382.0,17.0,t4_p95_pullback_3d,2022-03-09,0.2580336135257353,0.2830202987915035,0.32550762097233144,0.33256988384586916,0.8556430446194225,0.9210526315789473,0.9736147757255936,0.9841269841269841
2022-03-15,PP,DCE,DCE.pp2205-C-11000,C,2022-04-11,27,,0.020216053808253316,1477.0,664.0,7.0,11000.0,8660.0,C,iv_extreme_high_iv_pressure,,0.41503941772796843,0.41503941772796843,,,285,285,1.0,9975.0,9975.0,0.0002,CHEM|C,,,,,False,0,,,,,,,False,0.45,0.00075,0.33377656277565565,,False,441892.5,16696429.899999999,0.34261038896782514,18319512.6,1550.5,11815,False,iv_extreme_overlay,0,,,,,0.26324839454211757,0.8571428571428571,385.0,17.0,t4_p95_pullback_3d,2022-03-09,0.27919777556878456,0.3077803481000806,0.3543708188149528,0.3733393615423478,0.9192708333333334,0.9530026109660574,0.9842931937172775,0.9973753280839895
2022-03-17,AL,SHFE,SHFE.al2204C25000,C,2022-03-25,8,,0.037032491700887016,2859.0,518.0,19.0,25000.0,22475.0,C,iv_extreme_high_iv_pressure,0.355377103267744,0.41254358027211757,0.41254358027211757,0.355377103267744,0.05716647700437355,105,105,1.0,9975.0,9975.0,0.0002,METAL|C,,,,,False,0,,,,,,,False,0.45,0.00075,0.34182037465804016,,False,599943.75,17138322.4,0.35378613143472154,17958548.85,5713.75,3143,False,iv_extreme_overlay,0,,,,,0.26843160479065326,0.8673913043478261,460.0,47.0,t4_p95_pullback_3d,2022-03-12,0.26100697297776,0.2683938564411741,0.28857708964715356,0.3143453290942091,0.8387799564270153,0.8668122270742358,0.9212253829321663,0.9583333333333334
2022-03-18,M,DCE,DCE.m2205-P-3650,P,2022-04-11,24,,-0.04791019894852455,4658.0,2450.0,8.0,3650.0,4230.0,P,iv_extreme_high_iv_pressure,0.510237689892779,,0.510237689892779,,,125,125,1.0,10000.0,10000.0,0.0002,AGRI|P,,,,,False,0,,,,,,,False,0.45,0.00075,0.35343960638042765,,False,274375.0,17738266.15,0.3589066002331853,17393015.35,2195.0,7923,False,iv_extreme_overlay,0,,,,,0.27491517803045196,0.9221105527638191,398.0,32.0,t4_p95_pullback_3d,2022-03-14,0.27377698251931887,0.27502405907897437,0.2979421302489206,0.3124843117023566,0.9168765743073047,0.9242424242424242,0.9468354430379747,0.9644670050761421
2022-03-21,IO,CFFEX,CFFEX.IO2204-P-3550,P,2022-04-15,25,,-0.028267963626614878,1654.0,676.0,4.4,3550.0,4215.0,P,iv_extreme_high_iv_pressure,0.35547123951891685,0.2509251123194897,0.35547123951891685,0.2509251123194897,0.10454612719942713,22,22,1.0,9680.000000000002,9680.000000000002,0.0002,CFFEX_INDEX|P,,,,,False,0,,,,,,,False,0.45,0.00075,0.3586862250435,,False,478280.0,18012641.15,0.36821022800815156,17140224.85,21740.0,788,False,iv_extreme_overlay,0,,,,,0.2209433820643807,0.6855791962174941,423.0,48.0,t4_p95_pullback_3d,2022-03-15,0.22337784497031354,0.23669718583495386,0.2480833718519424,0.3296736943446015,0.7156398104265402,0.8052256532066508,0.8452380952380952,1.0
2022-03-26,CU,SHFE,SHFE.cu2205P62000,P,2022-04-25,30,0.0092311931661615,-0.016557037942638,1267.0,6.0,36.0,62000.0,73250.0,P,l4_diff02_delta04_l3eff015,0.2809715309475331,0.2592164665544518,0.2809715309475331,0.2592164665544518,0.0217550643930812,279,279,1.0,50220.0,50220.0,0.001,METAL|P,,,,,False,0,,,,,,,False,0.45,0.00075,0.12285755683747027,,False,5159407.5,6174966.7,0.22550947885980607,29007864.55,18492.5,1568,False,monthly,0,,,,,,,,,,,,,,,,,,
2022-03-28,AL,SHFE,SHFE.al2205P20000,P,2022-04-25,28,-0.026053802160559192,-0.0412839262875374,1955.0,228.0,33.0,20000.0,22990.0,P,l4_diff02_delta04_l3eff015,0.300151438732622,,0.300151438732622,,,457,457,1.0,75405.0,75405.0,0.0015,METAL|P,,,,,False,0,,,,,,,False,0.45,0.00075,0.22544887913050096,,False,2702012.5,11334374.2,0.27919385690983023,23857914.05,5912.5,4035,False,monthly,0,,,,,,,,,,,,,,,,,,
2022-03-28,ZN,SHFE,SHFE.zn2205C31500,C,2022-04-25,28,0.017905275317674274,0.0640970148165401,1191.0,1264.0,78.0,31500.0,26435.0,C,l4_diff02_delta04_l3eff015,,0.3979862311800951,0.3979862311800951,,,193,193,1.0,75270.0,75270.0,0.0015,METAL|C,,,,,False,0,,,,,,,False,0.45,0.00075,0.27919385690983023,,False,1350758.75,14036386.7,0.30606142284595544,21155901.55,6998.75,3022,False,monthly,0,,,,,,,,,,,,,,,,,,
2022-03-29,PG,DCE,DCE.pg2205-C-7500,C,2022-04-11,13,,0.017153178858867794,3218.0,2847.0,3.6,7500.0,6040.0,C,iv_extreme_high_iv_pressure,,0.5278239435853267,0.5278239435853267,,,139,139,1.0,10008.0,10008.0,0.0002,CHEM|C,,,,,False,0,,,,,,,False,0.45,0.00075,0.30575716906550404,,False,1689128.0,15387145.45,0.3393217439340205,19840162.05,12152.0,1632,False,iv_extreme_overlay,0,,,,,0.4333762969850648,0.8686131386861314,411.0,39.0,t4_p95_pullback_3d,2022-03-23,0.4551067722156525,0.4661082840576787,0.4995032551900749,0.5089691221288257,0.9073170731707317,0.9144254278728606,0.9632352941176471,0.9705159705159705
2022-04-14,M,DCE,DCE.m2207-C-4900,C,2022-06-08,55,,0.04378914384306934,4125.0,2866.0,8.5,4900.0,3898.0,C,iv_extreme_high_iv_pressure,,0.32820177828754066,0.32820177828754066,,,118,118,1.0,10030.0,10030.0,0.0002,AGRI|C,,,,,False,0,,,,,,,False,0.45,0.00075,0.19244171114246122,,False,240012.0,9690458.75,0.1972080819785916,25558246.349999994,2034.0,12565,False,iv_extreme_overlay,0,,,,,0.20637618916702918,0.672289156626506,415.0,21.0,t4_p95_pullback_3d,2022-04-08,0.19841710871199988,0.20779272239827623,0.21146676446506404,0.31709482455319077,0.5917874396135265,0.6779661016949152,0.7160194174757282,0.9562043795620438
2022-04-26,AU,SHFE,SHFE.au2206P332,P,2022-05-25,29,0.013252708490803844,-0.0087572751672266,1153.0,17.0,0.1,332.0,402.16,P,l4_diff02_delta04_l3eff015,0.2937840469247693,0.2479917328538968,0.2937840469247693,0.2479917328538968,0.0457923140708724,505,505,1.0,50500.0,50500.0,0.001,METAL|P,,,,,False,0,,,,,,,False,0.45,0.00075,0.004751674277610371,,False,16297764.000000002,240012.0,0.32740914965952594,35117714.599999994,32272.800000000003,1088,False,monthly,0,,,,,,,,,,,,,,,,,,
2022-04-26,CU,SHFE,SHFE.cu2206P62000,P,2022-05-25,29,-0.006514657980456029,-0.0218782708748307,1133.0,853.0,52.0,62000.0,73200.0,P,l4_diff02_delta04_l3eff015,0.3013110533014693,0.2330181499527339,0.3013110533014693,0.2330181499527339,0.0682929033487353,291,291,1.0,75660.0,75660.0,0.0015,METAL|P,,,,,False,0,,,,,,,False,0.45,0.00075,0.32740914965952594,,False,5400960.0,16537776.000000002,0.43433548128628835,18819950.599999994,18560.0,1014,False,monthly,0,,,,,,,,,,,,,,,,,,
2022-04-26,ZN,SHFE,SHFE.zn2206C34000,C,2022-05-25,29,0.022958711349750027,0.0229066986668989,1317.0,1314.0,23.0,34000.0,27625.0,C,l4_diff02_delta04_l3eff015,,0.3570361040222253,0.3570361040222253,,,658,658,1.0,75670.0,75670.0,0.0015,METAL|C,,,,,False,0,,,,,,,False,0.45,0.00075,0.43433548128628835,,False,4619982.5,21938736.0,0.5258002914135322,13418990.599999994,7021.25,1911,False,monthly,0,,,,,,,,,,,,,,,,,,
2022-04-29,IO,CFFEX,CFFEX.IO2205-P-3550,P,2022-05-20,21,,-0.04615533181676923,1855.0,1481.0,6.0,3550.0,4019.4,P,iv_extreme_high_iv_pressure,0.33803375403377545,0.24280886663326087,0.33803375403377545,0.24280886663326087,0.09522488740051457,16,16,1.0,9600.0,9600.0,0.0002,CFFEX_INDEX|P,,,,,False,0,,,,,,,False,0.45,0.00075,0.5265430239318214,,False,350400.0,26558718.5,0.5334899206951464,8749133.099999994,21900.0,399,False,iv_extreme_overlay,0,,,,,0.21548237798484204,0.6355555555555555,450.0,48.0,t4_p95_pullback_3d,2022-04-25,0.23950792002982207,0.2695041631436148,0.2925762954374625,0.3115295171854222,0.8173719376391982,0.9107142857142857,0.970917225950783,0.9977578475336323
2022-05-10,C,DCE,DCE.c2207-P-2800,P,2022-06-08,29,,-0.0441269356908619,2492.0,1877.0,2.0,2800.0,2974.0,P,iv_extreme_high_iv_pressure,0.18113782259317462,0.17439681717925043,0.18113782259317462,0.17439681717925043,0.006741005413924195,506,506,1.0,10120.0,10120.0,0.0002,AGRI|P,,,,,False,0,,,,,,,False,0.45,0.00075,0.5316925519782555,,False,1074744.0000000002,26909118.5,0.5529282301400399,8518090.099999994,2124.0000000000005,4010,False,iv_extreme_overlay,0,,,,,0.13724888077664765,0.46788990825688076,436.0,42.0,t4_p95_pullback_3d,2022-04-29,0.14301024678715102,0.15143296002248458,0.16968956770741317,0.18231810268846949,0.6229885057471264,0.7695852534562212,0.9284064665127021,0.9930555555555556
2022-05-19,TA,CZCE,CZCE.TA207P5900,P,2022-06-06,18,,-0.03671991652090878,3715.0,13306.0,7.5,5900.0,6714.0,P,iv_extreme_high_iv_pressure,0.39406416413965834,,0.39406416413965834,,,270,270,1.0,10125.0,10125.0,0.0002,CHEM|P,,,,,False,0,,,,,,,False,0.45,0.00075,0.5517688790806677,,False,463320.00000000006,27983862.5,0.560904342673503,7517784.099999994,1716.0000000000002,4380,False,iv_extreme_overlay,0,,,,,0.32947542984119405,0.8878923766816144,446.0,42.0,t4_p95_pullback_3d,2022-05-13,0.3289020089145682,0.3433931485637767,0.35552384320909713,0.363720915274475,0.8853932584269663,0.9256756756756757,0.9367945823927766,0.9502262443438914
2022-05-26,ZN,SHFE,SHFE.zn2207C34000,C,2022-06-24,29,-0.06992753623188408,0.0048202812437011,1115.0,44.0,4.0,34000.0,25670.0,C,l4_diff02_delta04_l3eff015,,0.3753371301851006,0.3753371301851006,,,1902,1902,1.0,38040.0,38040.0,0.00075,METAL|C,,,,,False,0,,,,,,,False,0.45,0.00075,0.035041888737772,,False,12244125.0,1778076.0000000002,0.27634612204465686,33740934.099999994,6437.5,5241,False,monthly,0,,,,,,,,,,,,,,,,,,
2022-05-28,AU,SHFE,SHFE.au2208P340,P,2022-07-25,58,-0.004318046456223801,-0.017950169963372176,1344.0,2.0,0.22,340.0,401.22,P,l4_diff02_delta04_l3eff015,0.2057852053691019,0.2045353388201453,0.2057852053691019,0.2045353388201453,0.0012498665489566,230,230,1.0,50600.0,50600.0,0.001,METAL|P,,,,,False,0,,,,,,,False,0.45,0.00075,0.27632913106375556,,False,7775195.999999996,14022201.0,0.4295513787358854,21498993.099999994,33805.19999999998,635,False,monthly,0,,,,,,,,,,,,,,,,,,
2022-06-09,C,DCE,DCE.c2209-C-3320,C,2022-08-05,57,-0.042560321715817695,0.0386080955662894,17885.0,2352.0,3.5,3320.0,2857.0,C,l4_diff02_delta04_l3eff015,0.1891027022226396,0.1920874133298491,0.1920874133298491,0.1891027022226396,0.0029847111072094,1088,1088,1.0,38080.0,38080.0,0.00075,AGRI|C,,,,,False,0,,,,,,,False,0.45,0.00075,0.39424042466923587,,False,1592288.0,20019320.999999996,0.4255973471800307,15526310.099999998,1463.5,10609,False,monthly,0,,,,,,,,,,,,,,,,,,
2022-06-13,TA,CZCE,CZCE.TA208P6200,P,2022-07-05,22,,-0.045832005667451714,1350.0,929.0,12.5,6200.0,7170.0,P,iv_extreme_high_iv_pressure,0.37417223399034566,,0.37417223399034566,,,162,162,1.0,10125.0,10125.0,0.0002,CHEM|P,,,,,False,0,,,,,,,False,0.45,0.00075,0.425437994784609,,False,300510.0,21611608.999999996,0.43135372145783923,13947336.099999998,1855.0,7518,False,iv_extreme_overlay,0,,,,,0.34632110405881866,0.9242424242424242,462.0,42.0,t4_p95_pullback_3d,2022-06-07,0.35591076294670027,0.3616989188346817,0.370107218036444,0.39064856321171626,0.9349240780911063,0.9456521739130435,0.954248366013072,0.9694323144104804
2022-06-25,AU,SHFE,SHFE.au2208P340,P,2022-07-25,30,-0.008049099506992619,-0.0371653670490317,1951.0,66.0,0.52,340.0,394.36,P,l4_diff02_delta04_l3eff015,0.3003588907641303,0.2589021706497481,0.3003588907641303,0.2589021706497481,0.0414567201143821,97,97,1.0,50440.0,50440.0,0.001,METAL|P,,,,,False,0,,,,,,,False,0.45,0.00075,0.19069757781380234,,False,3534447.2000000007,9667993.999999996,0.26041323133518185,25820636.099999998,36437.600000000006,708,False,monthly,0,,,,,,,,,,,,,,,,,,
2022-06-30,AL,SHFE,SHFE.al2208C21000,C,2022-07-25,25,-0.08553580009610762,0.0607860931695653,2160.0,965.0,30.0,21000.0,19030.0,C,l4_diff02_delta04_l3eff015,,0.2350623011753279,0.2350623011753279,,,338,338,1.0,50700.0,50700.0,0.001,METAL|C,,,,,False,0,,,,,,,False,0.45,0.00075,0.2603725561823961,,False,1658735.0,13202441.199999997,0.29308537538277296,22291732.9,4907.5,4542,False,monthly,0,,,,,,,,,,,,,,,,,,
2022-06-30,CU,SHFE,SHFE.cu2208C75000,C,2022-07-25,25,,0.01435165893616961,1371.0,379.0,24.0,75000.0,63100.0,C,iv_extreme_high_iv_pressure,,0.29420410594058294,0.29420410594058294,,,84,84,1.0,10080.0,10080.0,0.0002,METAL|C,,,,,False,0,,,,,,,False,0.45,0.00075,0.29308537538277296,,False,1335180.0,14861176.199999997,0.3194171896508503,20632997.9,15895.0,1298,False,iv_extreme_overlay,0,,,,,0.24561653018124174,0.9376083188908145,577.0,42.0,t4_p95_pullback_3d,2022-06-25,0.22618908005866728,0.23434230416802454,0.2629857012960869,0.3135225088285233,0.8611111111111112,0.8973913043478261,0.9738675958188153,1.0
2022-07-01,ZN,SHFE,SHFE.zn2208C25500,C,2022-07-25,24,-0.14560543191248587,0.0787903176072023,1260.0,1147.0,63.0,25500.0,22650.0,C,l4_diff02_delta04_l3eff015,,0.314445379219148,0.314445379219148,,,241,241,1.0,75915.0,75915.0,0.0015,METAL|C,,,,,False,0,,,,,,,False,0.45,0.00075,0.31953339286277604,,False,1440577.5,16196356.199999997,0.3479541444548394,19284909.9,5977.5,3226,False,monthly,0,,,,,,,,,,,,,,,,,,
2022-07-01,CF,CZCE,CZCE.CF209C20400,C,2022-08-03,33,,0.03225553539623151,3815.0,1196.0,18.0,20400.0,17350.0,C,iv_extreme_high_iv_pressure,,0.3661443578204945,0.3661443578204945,,,112,112,1.0,10080.0,10080.0,0.0002,SOFT|C,,,,,False,0,,,,,,,False,0.45,0.00075,0.3479541444548394,,False,495880.0,17636933.699999996,0.35773722262971885,17844332.4,4427.5,4030,False,iv_extreme_overlay,0,,,,,0.28923918702147994,0.9348739495798319,476.0,18.0,t4_p95_pullback_3d,2022-06-27,0.28355648306587716,0.29498037133238697,0.30197445212386,0.3548306336888528,0.9305263157894736,0.9388185654008439,0.945031712473573,0.9703389830508474
2022-07-20,I,DCE,DCE.i2209-P-520,P,2022-08-05,16,,-0.03918859869548552,1121.0,2650.0,1.6,520.0,663.5,P,iv_extreme_high_iv_pressure,0.7430570412312312,0.6541333006896026,0.7430570412312312,0.6541333006896026,0.08892374054162855,63,63,1.0,10080.0,10080.0,0.0002,FERROUS|P,,,,,False,0,,,,,,,False,0.45,0.00075,0.3492432486761904,,False,239982.75,17832303.699999996,0.3539432782767543,17909582.9,3809.25,4701,False,iv_extreme_overlay,0,,,,,0.5331950931871514,0.8637316561844863,477.0,24.0,t4_p95_pullback_3d,2022-07-14,0.5747502742959404,0.6167922629280623,0.6506766191642077,0.6557610141079049,0.9096638655462185,0.9494736842105264,0.9704641350210971,0.9725158562367865
2022-07-27,AU,SHFE,SHFE.au2210C472,C,2022-09-26,61,-0.03468593093554673,0.0270805352176093,2458.0,269.0,0.42,472.0,376.82,C,l4_diff02_delta04_l3eff015,,0.2738906545143612,0.2738906545143612,,,121,121,1.0,50820.0,50820.0,0.001,METAL|C,,,,,False,0,,,,,,,False,0.45,0.00075,0.04557098657322557,,False,3698437.6,2328150.75,0.11796382892310889,33433759.349999994,30565.600000000002,1093,False,monthly,0,,,,,,,,,,,,,,,,,,
2022-07-29,CU,SHFE,SHFE.cu2209P50000,P,2022-08-25,27,,-0.03258800744045898,2817.0,2556.0,90.0,50000.0,60910.0,P,iv_extreme_high_iv_pressure,0.41125992873410555,0.2973181100501346,0.41125992873410555,0.2973181100501346,0.11394181868397096,22,22,1.0,9900.0,9900.0,0.0002,METAL|P,,,,,False,0,,,,,,,False,0.45,0.00075,0.11797355066484017,,False,344905.0,6026588.35,0.12472524252248242,29732374.749999993,15677.5,1896,False,iv_extreme_overlay,0,,,,,0.22382803960288,0.8089700996677741,602.0,36.0,t4_p95_pullback_3d,2022-07-25,0.21748028621654833,0.23665076235171045,0.25477883793728945,0.2918559616015687,0.7637271214642263,0.875,0.9282136894824707,0.9732441471571907
2022-08-11,TA,CZCE,CZCE.TA210C6600,C,2022-09-05,25,,0.04632258506209189,1331.0,4981.0,10.0,6600.0,5570.0,C,iv_extreme_high_iv_pressure,0.29432619441398106,0.3919615187578884,0.3919615187578884,0.29432619441398106,0.09763532434390737,204,204,1.0,10200.0,10200.0,0.0002,CHEM|C,,,,,False,0,,,,,,,False,0.45,0.00075,0.07908540114289161,,False,294270.0,4043342.6,0.08484114912089345,31745055.499999993,1442.5,22006,False,iv_extreme_overlay,0,,,,,0.3108029370432694,0.7405940594059406,505.0,35.0,t4_p95_pullback_3d,2022-08-05,0.3241775280652427,0.3327081383118714,0.3390780997333199,0.4493654715240374,0.7996031746031746,0.8250497017892644,0.848605577689243,0.9820359281437125
2022-08-26,AU,SHFE,SHFE.au2210C472,C,2022-09-26,31,0.007678738196534196,0.0096388920334781,3389.0,149.0,0.1,472.0,388.44,C,l4_diff02_delta04_l3eff015,0.1595345672670045,0.2600452657118894,0.2600452657118894,0.1595345672670045,0.1005106984448849,511,511,1.0,51100.0,51100.0,0.001,METAL|C,,,,,False,0,,,,,,,False,0.45,0.00075,0.0780565670233127,,False,15930527.200000001,3992707.6,0.38949491630376243,31813316.499999993,31175.2,1020,False,monthly,0,,,,,,,,,,,,,,,,,,
2022-09-15,SC,INE,INE.sc2211P500,P,2022-10-13,28,,-0.014835874809752125,1443.0,941.0,0.5,500.0,665.7,P,iv_extreme_high_iv_pressure,0.4933111205126823,,0.4933111205126823,,,20,20,1.0,10000.0,10000.0,0.0002,CHEM|P,,,,,False,0,,,,,,,False,0.45,0.00075,0.3833401617569881,,False,1474540.0,19628964.8,0.4121369122670888,16214593.299999993,73727.0,219,False,iv_extreme_overlay,0,,,,,0.3545811026825463,0.46089385474860334,358.0,24.0,t4_p95_pullback_3d,2022-09-08,0.34752382006126625,0.3624464826114422,0.6283288022760612,0.6357314151754437,0.40896358543417366,0.5252808988764045,0.9436619718309859,0.9548022598870056
2022-09-29,AL,SHFE,SHFE.al2211C20000,C,2022-10-25,26,-0.0010961907371882518,0.0760871400429746,1336.0,1262.0,38.0,20000.0,18225.0,C,l4_diff02_delta04_l3eff015,,0.2343422360177692,0.2343422360177692,,,404,404,1.0,76760.0,76760.0,0.0015,METAL|C,,,,,False,0,,,,,,,False,0.45,0.00075,0.02878851960991667,,False,1965460.0,1474540.0,0.06716162834383153,34379266.099999994,4865.0,7066,False,monthly,0,,,,,,,,,,,,,,,,,,
2022-10-13,SR,CZCE,CZCE.SR301C6200,C,2022-12-05,53,0.02384419366581736,0.0601624433214,3746.0,3444.0,8.5,6200.0,5625.0,C,l4_diff02_delta04_l3eff015,0.1484427802603443,0.1882180808032141,0.1882180808032141,0.1484427802603443,0.0397753005428698,904,904,1.0,76840.0,76840.0,0.0015,SOFT|C,,,,,False,0,,,,,,,False,0.45,0.00075,0.03833386159269309,,False,2619340.0,1965460.0,0.08942084226093602,33925054.099999994,2897.5,11708,False,monthly,0,,,,,,,,,,,,,,,,,,
2022-10-13,RM,CZCE,CZCE.RM301P2500,P,2022-12-05,53,,-0.0405238640482839,3085.0,902.0,8.0,2500.0,3179.0,P,iv_extreme_high_iv_pressure,0.3920016486735907,,0.3920016486735907,,,128,128,1.0,10240.0,10240.0,0.0002,AGRI|P,,,,,False,0,,,,,,,False,0.45,0.00075,0.08942084226093602,,False,213696.00000000003,4584800.0,0.09358871791697183,31305714.099999994,1669.5000000000002,18751,False,iv_extreme_overlay,0,,,,,0.3008485288057102,0.8933823529411765,544.0,12.0,t4_p95_pullback_3d,2022-09-30,0.30586286169554566,0.3246032130041129,0.3403480691755676,0.3697725596730545,0.9023941068139963,0.933579335793358,0.9500924214417745,0.9777777777777777
2022-10-26,AL,SHFE,SHFE.al2212P17000,P,2022-11-24,29,0.0156883959967542,-0.0498437276815116,1186.0,1459.0,25.0,17000.0,18775.0,P,l4_diff02_delta04_l3eff015,0.2216348756014651,,0.2216348756014651,,,410,410,1.0,51250.0,51250.0,0.001,METAL|P,,,,,False,0,,,,,,,False,0.45,0.00075,0.05515829304132557,,False,2080750.0,2833036.0,0.0956698213966794,33120310.099999994,5075.0,6526,False,monthly,0,,,,,,,,,,,,,,,,,,
2022-10-26,AU,SHFE,SHFE.au2212P360,P,2022-11-24,29,0.019857566148567818,-0.02386083028118713,1269.0,553.0,0.16,360.0,392.38,P,l4_diff02_delta04_l3eff015,0.1987960159296912,0.1899591404815476,0.1987960159296912,0.1899591404815476,0.0088368754481435,240,240,1.0,38400.0,38400.0,0.00075,METAL|P,,,,,False,0,,,,,,,False,0.45,0.00075,0.0956698213966794,,False,11220191.999999998,4913786.0,0.31412332439344215,31039560.099999994,46750.799999999996,663,False,monthly,0,,,,,,,,,,,,,,,,,,
2022-10-28,PG,DCE,DCE.pg2212-P-4400,P,2022-11-07,10,,-0.0066526136681189785,1198.0,3.0,0.8,4400.0,5211.0,P,iv_extreme_high_iv_pressure,0.42009557966097155,0.25450218146440884,0.42009557966097155,0.25450218146440884,0.1655933981965627,640,640,1.0,10240.0,10240.0,0.0002,CHEM|P,,,,,False,0,,,,,,,False,0.45,0.00075,0.3149926494781655,,False,8160000.0,16133977.999999998,0.47430487983709074,19720143.099999994,12750.0,1546,False,iv_extreme_overlay,0,,,,,0.2501498549035164,0.08363636363636363,550.0,20.0,t4_p95_pullback_3d,2022-10-24,0.25460311749964887,0.2783295710116292,0.29075433098786546,0.5049990573844308,0.09289617486338798,0.23722627737226276,0.32541133455210236,0.9743589743589743
2022-11-28,AU,SHFE,SHFE.au2302C448,C,2023-01-18,51,0.039314670338075564,0.0602729618945126,1879.0,912.0,0.6,448.0,407.64,C,l4_diff02_delta04_l3eff015,,0.1685015328053927,0.1685015328053927,,,85,85,1.0,51000.0,51000.0,0.001,METAL|C,,,,,False,0,,,,,,,False,0.45,0.00075,0.05502505297866366,,False,3879603.999999999,2833036.0,0.1303772248664319,33207369.099999994,45642.39999999999,727,False,monthly,0,,,,,,,,,,,,,,,,,,
2022-11-30,AL,SHFE,SHFE.al2301P17000,P,2022-12-26,26,0.03822174030902681,-0.0272528603005856,1075.0,464.0,13.0,17000.0,19150.0,P,l4_diff02_delta04_l3eff015,0.238793266781462,,0.238793266781462,,,594,594,1.0,38610.0,38610.0,0.00075,METAL|P,,,,,False,0,,,,,,,False,0.45,0.00075,0.13032558700672162,,False,2882385.0,6712639.999999999,0.1862869549788413,29342045.099999994,4852.5,6046,False,monthly,0,,,,,,,,,,,,,,,,,,
2022-12-06,SR,CZCE,CZCE.SR303C6100,C,2023-02-03,59,-0.007690931854766547,0.0690634187853661,9168.0,1736.0,10.0,6100.0,5548.0,C,l4_diff02_delta04_l3eff015,0.1197177884699372,0.1806319736484034,0.1806319736484034,0.1197177884699372,0.0609141851784661,773,773,1.0,77300.0,77300.0,0.0015,SOFT|C,,,,,False,0,,,,,,,False,0.45,0.00075,0.13119813486472318,,False,2232424.000000001,6761988.999999999,0.1745122936170141,29316209.099999994,2888.000000000001,10151,False,monthly,0,,,,,,,,,,,,,,,,,,
2022-12-20,M,DCE,DCE.m2303-C-4550,C,2023-02-07,49,,0.044489765418835994,2376.0,2403.0,7.0,4550.0,3770.0,C,iv_extreme_high_iv_pressure,0.22290018482585203,0.28249782525041656,0.28249782525041656,0.22290018482585203,0.05959764042456453,147,147,1.0,10290.0,10290.0,0.0002,AGRI|C,,,,,False,0,,,,,,,False,0.45,0.00075,0.17441988948562032,,False,287385.0,8994413.0,0.1799928668372079,27102898.599999994,1955.0,13863,False,iv_extreme_overlay,0,,,,,0.25944693152357284,0.8284734133790738,583.0,10.0,t4_p95_pullback_3d,2022-12-14,0.1005669410238229,0.24734175197979422,0.39569802900336903,0.4555523269074926,0.0,0.7865748709122203,0.996551724137931,1.0
2022-12-27,AL,SHFE,SHFE.al2302P18000,P,2023-01-18,22,-0.013474993521637724,-0.0710015231808725,1554.0,1349.0,24.0,18000.0,19035.0,P,l4_diff02_delta04_l3eff015,0.1605847823711823,,0.1605847823711823,,,322,322,1.0,38640.0,38640.0,0.00075,METAL|P,,,,,False,0,,,,,,,False,0.45,0.00075,0.12405290969720986,,False,2270100.0,6399413.0,0.16805890060663173,29710897.599999994,7050.0,4214,False,monthly,0,,,,,,,,,,,,,,,,,,
2023-02-06,SR,CZCE,CZCE.SR305P5400,P,2023-04-06,59,0.0176379042019712,-0.03412312309356891,4930.0,1413.0,4.0,5400.0,5885.0,P,l4_diff02_delta04_l3eff015,0.1345897457752093,0.116625621331949,0.1345897457752093,0.116625621331949,0.0179641244432602,1292,1292,1.0,51680.0,51680.0,0.001,SOFT|P,,,,,False,0,,,,,,,False,0.45,0.00075,0.005557999045304853,,False,4522000.0,287385.0,0.09301305648695471,35907205.599999994,3500.0,10259,False,monthly,0,,,,,,,,,,,,,,,,,,
2023-02-08,C,DCE,DCE.c2305-C-3040,C,2023-04-10,61,-0.038181187087816704,0.0552110931674118,3468.0,3835.0,3.5,3040.0,2771.0,C,l4_diff02_delta04_l3eff015,0.1055906363969381,0.1488220952534871,0.1488220952534871,0.1055906363969381,0.043231458856549,2216,2216,1.0,77560.0,77560.0,0.0015,AGRI|C,,,,,False,0,,,,,,,False,0.45,0.00075,0.08744288970866222,,False,3237576.0000000005,4522000.0,0.15004859539008897,31677627.099999994,1461.0000000000002,21682,False,monthly,0,,,,,,,,,,,,,,,,,,
2023-02-23,AL,SHFE,SHFE.al2304C20000,C,2023-03-27,32,-0.02723225975386223,0.0779504482956612,2816.0,2772.0,32.0,20000.0,18575.0,C,l4_diff02_delta04_l3eff015,,0.1687796711095578,0.1687796711095578,,,485,485,1.0,77600.0,77600.0,0.0015,METAL|C,,,,,False,0,,,,,,,False,0.45,0.00075,0.149826609667399,,False,2854225.0,7759576.0,0.2049377207613469,28493685.099999994,5885.0,4841,False,monthly,0,,,,,,,,,,,,,,,,,,
2023-02-23,AU,SHFE,SHFE.au2304P388,P,2023-03-27,32,-0.024930091473529647,-0.035725033221935765,1223.0,185.0,0.2,388.0,411.46,P,l4_diff02_delta04_l3eff015,0.1889681735155811,0.1731617756344695,0.1889681735155811,0.1731617756344695,0.0158063978811115,194,194,1.0,38800.0,38800.0,0.00075,METAL|P,,,,,False,0,,,,,,,False,0.45,0.00075,0.2049377207613469,,False,10534898.400000004,10613801.0,0.4083519421650044,25639460.099999994,54303.60000000002,472,False,monthly,0,,,,,,,,,,,,,,,,,,
2023-03-28,AL,SHFE,SHFE.al2305P17000,P,2023-04-24,27,0.0021413276231263545,-0.0375115209954377,1852.0,648.0,16.0,17000.0,18720.0,P,l4_diff02_delta04_l3eff015,0.2053192507057813,,0.2053192507057813,,,486,486,1.0,38880.0,38880.0,0.00075,METAL|P,,,,,False,0,,,,,,,False,0.45,0.00075,0.14940824651119902,,False,2498040.0,7759576.0,0.1975072375017938,28595199.099999994,5140.0,5563,False,monthly,0,,,,,,,,,,,,,,,,,,
2023-04-07,SR,CZCE,CZCE.SR307P6000,P,2023-06-05,59,0.07176881549698311,-0.0741874934102005,16205.0,11617.0,20.0,6000.0,6750.0,P,l4_diff02_delta04_l3eff015,0.2473668506024796,,0.2473668506024796,,,389,389,1.0,77800.0,77800.0,0.0015,SOFT|P,,,,,False,0,,,,,,,False,0.45,0.00075,0.11036698845531347,,False,1390675.0,5735616.0,0.13712690607708122,30642392.099999994,3575.0,8571,False,monthly,0,,,,,,,,,,,,,,,,,,
2023-05-27,AU,SHFE,SHFE.au2308C496,C,2023-07-25,59,-0.028789531079607356,0.0763496059619563,2135.0,99.0,1.06,496.0,445.3,C,l4_diff02_delta04_l3eff015,0.1624475328444071,0.1841625885607306,0.1841625885607306,0.1624475328444071,0.0217150557163235,73,73,1.0,77380.0,77380.0,0.0015,METAL|C,,,,,False,0,,,,,,,False,0.45,0.00075,0.026708993381458913,,False,3427934.000000001,1390675.0,0.09254512800534875,35056692.599999994,46958.000000000015,746,False,monthly,0,,,,,,,,,,,,,,,,,,
2023-06-06,SR,CZCE,CZCE.SR309P5900,P,2023-08-03,58,-0.009405295905078881,-0.0649484767381525,9806.0,9704.0,21.0,5900.0,6846.0,P,l4_diff02_delta04_l3eff015,0.2998080646571198,,0.2998080646571198,,,372,372,1.0,78120.0,78120.0,0.0015,SOFT|P,,,,,False,0,,,,,,,False,0.45,0.00075,0.06580784243010851,,False,1351476.0,3427934.000000001,0.09175283426952936,33035103.099999994,3633.0,9093,False,monthly,0,,,,,,,,,,,,,,,,,,
2023-07-26,AL,SHFE,SHFE.al2309P17400,P,2023-08-25,30,0.012164777439867214,-0.0685830039382846,1001.0,639.0,20.0,17400.0,18305.0,P,l4_diff02_delta04_l3eff015,0.1423930538584416,,0.1423930538584416,,,391,391,1.0,39100.0,39100.0,0.00075,METAL|P,,,,,False,0,,,,,,,False,0.45,0.00075,0.025878816855778784,,False,2733090.0,1351476.0,0.07821354981467737,35204801.099999994,6990.0,5036,False,monthly,0,,,,,,,,,,,,,,,,,,
2023-07-26,CU,SHFE,SHFE.cu2309P63000,P,2023-08-25,30,0.010532475131656005,-0.027159996423741672,1856.0,1044.0,36.0,63000.0,69080.0,P,l4_diff02_delta04_l3eff015,0.1815899229434323,0.1651626108113922,0.1815899229434323,0.1651626108113922,0.01642731213204,290,290,1.0,52200.0,52200.0,0.001,METAL|P,,,,,False,0,,,,,,,False,0.45,0.00075,0.07821354981467737,,False,5660800.0,4084566.0,0.18660970813135674,32471711.099999994,19520.0,1663,False,monthly,0,,,,,,,,,,,,,,,,,,
2023-08-03,RM,CZCE,CZCE.RM311P2900,P,2023-10-11,69,,-0.03659826412709277,1364.0,2121.0,9.0,2900.0,3767.0,P,iv_extreme_high_iv_pressure,0.3560215449570563,,0.3560215449570563,,,116,116,1.0,10440.0,10440.0,0.0002,AGRI|P,,,,,False,0,,,,,,,False,0.45,0.00075,0.16065610562544325,,False,228926.00000000003,8393890.0,0.16503766883825757,28179404.099999994,1973.5000000000002,14278,False,iv_extreme_overlay,0,,,,,0.4236234944144553,0.9919137466307277,742.0,7.0,t4_p95_pullback_3d,2023-07-28,0.27302378706663166,0.2794226638763893,0.2900524616731867,0.38876457235525774,0.8016194331983806,0.8283783783783784,0.8673883626522327,0.9905149051490515
2023-08-08,C,DCE,DCE.c2311-P-2540,P,2023-10-13,66,0.02112163146394752,-0.0674593679944601,3607.0,4557.0,6.0,2540.0,2804.0,P,l4_diff02_delta04_l3eff015,0.1911346453386567,0.1515815098680129,0.1911346453386567,0.1515815098680129,0.0395531354706438,1306,1306,1.0,78360.0,78360.0,0.0015,AGRI|P,,,,,False,0,,,,,,,False,0.45,0.00075,0.16505280070029973,,False,2016464.0000000007,8622816.0,0.203650751846576,27947125.099999994,1544.0000000000005,18100,False,monthly,0,,,,,,,,,,,,,,,,,,
2023-08-26,AG,SHFE,SHFE.ag2310C6600,C,2023-09-22,27,0.03831145796381685,0.03939573532025712,5052.0,253.0,6.0,6600.0,5854.0,C,l4_diff02_delta04_l3eff015,0.2336593210684388,0.2395423671377647,0.2395423671377647,0.2336593210684388,0.0058830460693259,581,581,1.0,52290.0,52290.0,0.001,METAL|C,,,,,False,0,,,,,,,False,0.45,0.00075,0.04292347110929186,,False,4964412.600000001,2245390.000000001,0.13782449979949907,34372641.099999994,8544.6,4022,False,monthly,0,,,,,,,,,,,,,,,,,,
2023-08-26,AU,SHFE,SHFE.au2310C488,C,2023-09-22,27,0.009909711517287034,0.0534738926153348,3747.0,159.0,0.38,488.0,458.6,C,l4_diff02_delta04_l3eff015,0.1332697349345135,0.1580249199606601,0.1580249199606601,0.1332697349345135,0.0247551850261465,137,137,1.0,52060.0,52060.0,0.001,METAL|C,,,,,False,0,,,,,,,False,0.45,0.00075,0.13782449979949907,,False,8090672.000000003,7209802.6000000015,0.29248793280969176,29408228.499999993,59056.00000000002,497,False,monthly,0,,,,,,,,,,,,,,,,,,
2023-08-26,CU,SHFE,SHFE.cu2310P65000,P,2023-09-22,27,-0.007074790643950335,-0.0751359727995581,1834.0,75.0,96.0,65000.0,68770.0,P,l4_diff02_delta04_l3eff015,0.1858109159386626,0.1603627067139658,0.1858109159386626,0.1603627067139658,0.0254482092246967,108,108,1.0,51840.0,51840.0,0.001,METAL|P,,,,,False,0,,,,,,,False,0.45,0.00075,0.29248793280969176,,False,2747520.0,15300474.600000005,0.34501025425149096,21317556.49999999,25440.0,837,False,monthly,0,,,,,,,,,,,,,,,,,,
2023-08-30,Y,DCE,DCE.y2311-P-7400,P,2023-10-13,44,,-0.014863494144664258,2526.0,82.0,3.0,7400.0,8496.0,P,iv_extreme_high_iv_pressure,0.1914849033447343,,0.1914849033447343,,,349,349,1.0,10470.0,10470.0,0.0002,AGRI|P,,,,,False,0,,,,,,,False,0.45,0.00075,0.3446494564231184,,False,1493022.0,18047994.600000005,0.37316061415184226,18608370.24999999,4278.0,4349,False,iv_extreme_overlay,0,,,,,0.2795756927648363,0.9613899613899614,259.0,17.0,t4_p95_pullback_3d,2023-08-24,0.2550656481598505,0.26708487272566983,0.3357203559184573,0.3395068787756823,0.9302325581395349,0.9455252918287937,0.99609375,1.0
2023-08-31,M,DCE,DCE.m2311-P-3800,P,2023-10-13,43,,-0.04135058013930393,12205.0,830.0,3.5,3800.0,4127.0,P,iv_extreme_high_iv_pressure,0.18152008077814885,,0.18152008077814885,,,299,299,1.0,10465.0,10465.0,0.0002,AGRI|P,,,,,False,0,,,,,,,False,0.45,0.00075,0.37306395749522014,,False,755573.0000000001,19541016.600000005,0.3874888494712362,17124845.49999999,2527.0000000000005,6776,False,iv_extreme_overlay,0,,,,,0.1321174584224386,0.035856573705179286,753.0,21.0,t4_p95_pullback_3d,2023-08-25,0.12661145572613988,0.13250997370358947,0.3132753527323163,0.318877930270925,0.023936170212765957,0.03462050599201065,0.948,0.9546061415220294
2023-09-15,SR,CZCE,CZCE.SR311P6400,P,2023-10-11,26,,-0.03090685777448754,11973.0,3523.0,3.5,6400.0,6901.0,P,iv_extreme_high_iv_pressure,0.2553948157868256,0.23570353893971596,0.2553948157868256,0.23570353893971596,0.01969127684710964,299,299,1.0,10465.0,10465.0,0.0002,SOFT|P,,,,,False,0,,,,,,,False,0.45,0.00075,0.38700118034219255,,False,1324869.0,20296589.600000005,0.41226285616573977,16415475.999999989,4431.0,3704,False,iv_extreme_overlay,0,,,,,0.15327431065769923,0.6351875808538163,773.0,26.0,t4_p95_pullback_3d,2023-09-11,0.15106341367990683,0.2046413977152116,0.23097056873833358,0.25282682921394245,0.6139896373056994,0.9468223086900129,0.9688311688311688,0.9830949284785435
2023-09-23,CU,SHFE,SHFE.cu2311P63000,P,2023-10-25,32,-0.019933554817275767,-0.0768277877142963,1080.0,376.0,130.0,63000.0,67850.0,P,l4_diff02_delta04_l3eff015,0.210348911768493,0.1625309239059432,0.210348911768493,0.1625309239059432,0.0478179878625498,121,121,1.0,78650.0,78650.0,0.0015,METAL|P,,,,,False,0,,,,,,,False,0.45,0.00075,0.11079728865624748,,False,2716450.0,5818854.000000001,0.16252144168883145,30943758.599999994,22450.0,1378,False,monthly,0,,,,,,,,,,,,,,,,,,
2023-10-12,SR,CZCE,CZCE.SR401P6200,P,2023-12-13,62,-0.044086477320898654,-0.0749585827887546,12231.0,4902.0,15.0,6200.0,6765.0,P,l4_diff02_delta04_l3eff015,0.1995642554392616,0.1532556673624683,0.1995642554392616,0.1532556673624683,0.0463085880767932,525,525,1.0,78750.0,78750.0,0.0015,SOFT|P,,,,,False,0,,,,,,,False,0.45,0.00075,0.13279752680213563,,False,2147250.0,6981509.000000001,0.1736410592570656,29819299.099999994,4090.0,7290,False,monthly,0,,,,,,,,,,,,,,,,,,
2023-10-16,C,DCE,DCE.c2401-C-2800,C,2023-12-07,52,-0.059109614665170174,0.0357945187729305,5487.0,1084.0,2.0,2800.0,2515.0,C,l4_diff02_delta04_l3eff015,0.1430738075031792,0.1541472851477305,0.1541472851477305,0.1430738075031792,0.0110734776445513,1973,1973,1.0,39460.0,39460.0,0.00075,AGRI|C,,,,,False,0,,,,,,,False,0.45,0.00075,0.09241985417968539,,False,2520507.5,4863700.0,0.1403144479269978,31974596.599999994,1277.5,25029,False,monthly,0,,,,,,,,,,,,,,,,,,
2023-10-16,SI,GFEX,GFEX.si2312-P-13400,P,2023-11-07,22,0.02106741573033699,-0.0676422201240993,1347.0,991.0,25.0,13400.0,14540.0,P,l4_diff02_delta04_l3eff015,0.2303137018989314,,0.2303137018989314,,,421,421,1.0,52625.0,52625.0,0.001,METAL|P,,,,,False,0,,,,,,,False,0.45,0.00075,0.1403144479269978,,False,1913445.0,7384207.5,0.1766736616697961,29454089.099999994,4545.0,6480,False,monthly,0,,,,,,,,,,,,,,,,,,
2023-10-26,AG,SHFE,SHFE.ag2312C6600,C,2023-11-24,29,-0.02151983860121054,0.03106845208332976,3527.0,1817.0,4.5,6600.0,5820.0,C,l4_diff02_delta04_l3eff015,0.2220930038429401,0.2258321308084561,0.2258321308084561,0.2220930038429401,0.0037391269655159,780,780,1.0,52650.0,52650.0,0.001,METAL|C,,,,,False,0,,,,,,,False,0.45,0.00075,0.12487912135620967,,False,6384690.000000001,6581202.5,0.2460293940201762,30309205.599999994,8185.500000000001,3702,False,monthly,0,,,,,,,,,,,,,,,,,,
2023-10-26,AU,SHFE,SHFE.au2312P440,P,2023-11-24,29,0.0103759142711346,-0.03384706227944678,4602.0,1430.0,0.28,440.0,475.2,P,l4_diff02_delta04_l3eff015,0.1828659387162038,0.1698469778418675,0.1828659387162038,0.1698469778418675,0.0130189608743362,141,141,1.0,39480.0,39480.0,0.00075,METAL|P,,,,,False,0,,,,,,,False,0.45,0.00075,0.2460293940201762,,False,8278392.0,12965892.5,0.4031128934569851,23924515.599999994,58712.0,407,False,monthly,0,,,,,,,,,,,,,,,,,,
2023-10-26,CU,SHFE,SHFE.cu2312P62000,P,2023-11-24,29,-0.01960206337509207,-0.0579292509293102,2148.0,2245.0,78.0,62000.0,66520.0,P,l4_diff02_delta04_l3eff015,0.184326761252951,0.1283579507019199,0.184326761252951,0.1283579507019199,0.055968810551031,202,202,1.0,78780.0,78780.0,0.0015,METAL|P,,,,,False,0,,,,,,,False,0.45,0.00075,0.4031128934569851,,False,4514700.0,21244284.5,0.48877987744461954,15646123.599999994,22350.0,700,False,monthly,0,,,,,,,,,,,,,,,,,,
2023-11-25,AL,SHFE,SHFE.al2401C19700,C,2023-12-25,30,-0.021659707724425936,0.049323053446821,1255.0,57.0,11.0,19700.0,18745.0,C,l4_diff02_delta04_l3eff015,,0.1026718346087646,0.1026718346087646,,,962,962,1.0,52910.0,52910.0,0.001,METAL|C,,,,,False,0,,,,,,,False,0.45,0.00075,0.08814648100230399,,False,6772480.0,4667757.5,0.21603878895927986,32400429.599999994,7040.0,4602,False,monthly,0,,,,,,,,,,,,,,,,,,
2023-11-25,AU,SHFE,SHFE.au2402P408,P,2024-01-25,61,-0.020945040214477184,-0.01730967354245505,1657.0,29.0,0.2,408.0,467.44,P,l4_diff02_delta04_l3eff015,0.1639325059285048,0.148182157366079,0.1639325059285048,0.148182157366079,0.0157503485624258,264,264,1.0,52800.0,52800.0,0.001,METAL|P,,,,,False,0,,,,,,,False,0.45,0.00075,0.21603878895927986,,False,11951385.600000001,11440237.5,0.4417301586890933,25627949.599999994,45270.40000000001,566,False,monthly,0,,,,,,,,,,,,,,,,,,
2023-11-25,CU,SHFE,SHFE.cu2401P64000,P,2023-12-25,30,0.007107952021323749,-0.0700398046352209,2772.0,99.0,92.0,64000.0,68010.0,P,l4_diff02_delta04_l3eff015,0.1947046000686128,0.1306774141841662,0.1947046000686128,0.1306774141841662,0.0640271858844465,172,172,1.0,79120.0,79120.0,0.0015,METAL|P,,,,,False,0,,,,,,,False,0.45,0.00075,0.4417301586890933,,False,4203680.0,23391623.1,0.5211129456611597,13676563.999999993,24440.0,559,False,monthly,0,,,,,,,,,,,,,,,,,,
2023-12-11,SI,GFEX,GFEX.si2402-P-11400,P,2024-01-08,28,-0.023404255319148914,-0.020133288568917,1142.0,488.0,10.0,11400.0,13770.0,P,l4_diff02_delta04_l3eff015,0.3431458568826259,0.2049829386187487,0.3431458568826259,0.2049829386187487,0.1381629182638771,795,795,1.0,39750.0,39750.0,0.0015,METAL|P,,,,,False,0,,,,,,,False,0.45,0.00075,0.4726497837489447,39788.649750000004,True,2776537.5,25074795.6,0.5249863957748403,12061277.499999993,3492.5,3453,False,monthly,0,,,,,,,,,,,,,,,,,,
2023-12-14,SR,CZCE,CZCE.SR403C6900,C,2024-02-06,54,-0.10222994497538374,0.0570140199877018,2798.0,2231.0,9.5,6900.0,6200.0,C,l4_diff02_delta04_l3eff015,,0.2043579592276634,0.2043579592276634,,,838,838,1.0,79610.0,79610.0,0.0015,SOFT|C,,,,,False,0,,,,,,,False,0.45,0.00075,0.48401004072796505,,False,2677410.0,25704083.1,0.5344258955983323,11470472.499999993,3195.0,3590,False,monthly,0,,,,,,,,,,,,,,,,,,
2023-12-26,AG,SHFE,SHFE.ag2402C6800,C,2024-01-25,30,-0.02847544392897139,0.0666170650844014,3035.0,1884.0,12.5,6800.0,6073.0,C,l4_diff02_delta04_l3eff015,0.2301824692632085,0.2577306187313937,0.2577306187313937,0.2301824692632085,0.0275481494681852,425,425,1.0,79687.5,79687.5,0.0015,METAL|C,,,,,False,0,,,,,,,False,0.45,0.00075,0.3271124968997264,,False,3956835.0000000005,17405333.1,0.4014764960966294,19840975.999999993,9310.2,2131,False,monthly,0,,,,,,,,,,,,,,,,,,
2023-12-26,AU,SHFE,SHFE.au2402C528,C,2024-01-25,30,0.0007085104609485526,0.03564855729393537,6068.0,1949.0,0.34,528.0,480.22,C,l4_diff02_delta04_l3eff015,0.1569484113903139,0.17237739588778,0.17237739588778,0.1569484113903139,0.015428984497466,156,156,1.0,53040.0,53040.0,0.001,METAL|C,,,,,False,0,,,,,,,False,0.45,0.00075,0.4014764960966294,,False,8312491.200000003,21362168.1,0.5576998637430092,15884140.999999993,53285.20000000002,298,False,monthly,0,,,,,,,,,,,,,,,,,,
2023-12-26,CU,SHFE,SHFE.cu2402P65000,P,2024-01-25,30,0.0007247427163357134,-0.0604708919226104,1834.0,1597.0,74.0,65000.0,69040.0,P,l4_diff02_delta04_l3eff015,0.1812698315876339,0.1389630221104587,0.1812698315876339,0.1389630221104587,0.0423068094771751,107,107,1.0,39590.0,39590.0,0.0015,METAL|P,,,,,False,0,,,,,,,False,0.45,0.00075,0.5576998637430092,39906.75975,True,2652530.0,29674659.300000004,0.6075510045638322,7571649.79999999,24790.0,305,False,monthly,0,,,,,,,,,,,,,,,,,,
2023-12-29,Y,DCE,DCE.y2403-C-8800,C,2024-02-07,40,,0.03955438369972207,1229.0,811.0,10.0,8800.0,7522.0,C,iv_extreme_high_iv_pressure,,0.2598250682840165,0.2598250682840165,,,106,106,1.0,10600.0,10600.0,0.0002,AGRI|C,,,,,False,0,,,,,,,False,0.45,0.00075,0.606872067388443,,False,409266.0,32327189.300000004,0.6145551387877805,4960789.04999999,3861.0,1284,False,iv_extreme_overlay,0,,,,,0.12030581626476572,0.0,340.0,8.0,t4_p95_pullback_3d,2023-12-25,0.13393016699166657,0.19286172030612034,0.26277750703794434,0.283736438706015,0.008849557522123894,0.3994082840236686,0.9436201780415431,0.9732142857142857
2024-01-09,SI,GFEX,GFEX.si2403-P-13000,P,2024-02-07,29,0.009803921568627416,-0.074623312319032,1074.0,474.0,23.0,13000.0,13905.0,P,l4_diff02_delta04_l3eff015,0.1723633112173375,,0.1723633112173375,,,348,348,1.0,40020.0,40020.0,0.0015,METAL|P,,,,,False,0,,,,,,,False,0.45,0.00075,0.5613458720158254,40028.68725,True,1672140.0,29959917.800000004,0.5926760276156696,7400190.29999999,4805.0,1540,False,monthly,0,,,,,,,,,,,,,,,,,,
2024-01-26,CU,SHFE,SHFE.cu2403C75000,C,2024-02-23,28,0.010374050263004087,0.03683666086594612,1827.0,504.0,44.0,75000.0,69150.0,C,l4_diff02_delta04_l3eff015,0.149552754239261,0.1588773680907029,0.1588773680907029,0.149552754239261,0.0093246138514418,242,242,1.0,53240.0,53240.0,0.001,METAL|C,,,,,False,0,,,,,,,False,0.45,0.00075,0.08904234344185129,,False,4881140.0,4758816.0,0.1803734947760819,32652274.849999994,20170.0,1618,False,monthly,0,,,,,,,,,,,,,,,,,,
2024-01-26,RB,SHFE,SHFE.rb2403P3750,P,2024-02-23,28,-0.0079760717846461,-0.0677531749781249,10329.0,1870.0,5.0,3750.0,3980.0,P,l4_diff02_delta04_l3eff015,0.233724065844231,0.1463321893387487,0.233724065844231,0.1463321893387487,0.0873918765054823,1603,1603,1.0,80150.0,80150.0,0.0015,FERROUS|P,,,,,False,0,,,,,,,False,0.45,0.00075,0.1803734947760819,,False,4616640.0,9639956.0,0.26675557898093205,27771134.849999994,2880.0,9642,False,monthly,0,,,,,,,,,,,,,,,,,,
2024-01-26,HO,CFFEX,CFFEX.HO2402-P-2150,P,2024-02-19,24,,-0.04229763562083633,1402.0,525.0,1.8,2150.0,2315.8,P,iv_extreme_high_iv_pressure,0.17318487459481266,,0.17318487459481266,,,59,59,1.0,10620.0,10620.0,0.0002,CFFEX_INDEX|P,,,,,False,0,,,,,,,False,0.45,0.00075,0.26675557898093205,,False,771720.0000000001,14256596.0,0.2811952541608393,23154494.849999994,13080.000000000002,1770,False,iv_extreme_overlay,0,,,,,0.17905436982385653,0.6851851851851852,270.0,51.0,t4_p95_pullback_3d,2024-01-22,0.17766706570783594,0.1877798009880603,0.19109945091330932,0.20846151373538274,0.654275092936803,0.8544776119402985,0.8951310861423221,1.0
2024-02-07,SR,CZCE,CZCE.SR405P6000,P,2024-04-11,64,0.056482670089858855,-0.0777133035735269,21744.0,4998.0,16.5,6000.0,6584.0,P,l4_diff02_delta04_l3eff015,0.1908111978699562,0.1495867267410994,0.1908111978699562,0.1495867267410994,0.0412244711288567,486,486,1.0,80190.0,80190.0,0.0015,SOFT|P,,,,,False,0,,,,,,,False,0.45,0.00075,0.1919585974306147,,False,1860894.0000000005,10269500.0,0.22674262802675338,27179460.849999994,3829.000000000001,7098,False,monthly,0,,,,,,,,,,,,,,,,,,
2024-02-08,C,DCE,DCE.c2405-P-2140,P,2024-04-09,61,0.012164429530201248,-0.03623486735958725,1443.0,56.0,2.5,2140.0,2413.0,P,l4_diff02_delta04_l3eff015,0.152344177973702,0.1516617929483465,0.152344177973702,0.1516617929483465,0.0006823850253554,1605,1605,1.0,40125.0,40125.0,0.00075,AGRI|P,,,,,False,0,,,,,,,False,0.45,0.00075,0.2266213081320938,,False,1976557.5,12130394.0,0.26354756512327654,25338614.849999994,1231.5,20575,False,monthly,0,,,,,,,,,,,,,,,,,,
2024-02-19,HO,CFFEX,CFFEX.HO2403-C-2600,C,2024-03-15,25,,0.04646332749838989,1982.0,641.0,2.6,2600.0,2347.4,C,iv_extreme_high_iv_pressure,,0.28020415252681796,0.28020415252681796,,,41,41,1.0,10660.0,10660.0,0.0002,CFFEX_INDEX|C,,,,,False,0,,,,,,,False,0.45,0.00075,0.24896355898608377,,False,588120.4,13335231.5,0.2599435369411961,24158858.349999994,14344.4,1684,False,iv_extreme_overlay,0,,,,,0.20280613319395735,0.9607142857142857,280.0,34.0,t4_p95_pullback_3d,2024-02-05,0.21186553626384247,0.21483105321005494,0.21686167597373318,0.232222448762645,0.982078853046595,0.9892086330935251,0.9927797833935018,1.0
2024-02-24,AG,SHFE,SHFE.ag2404P5400,P,2024-03-25,30,0.020110003437607382,-0.0349244199622909,1877.0,74.0,4.5,5400.0,5935.0,P,l4_diff02_delta04_l3eff015,0.2106380574086864,0.2065095249793425,0.2106380574086864,0.2065095249793425,0.0041285324293439,793,793,1.0,53527.5,53527.5,0.001,METAL|P,,,,,False,0,,,,,,,False,0.45,0.00075,0.08262625029451053,,False,8167107.0,4425571.9,0.23510765663298824,33067359.449999996,10299.0,3210,False,monthly,0,,,,,,,,,,,,,,,,,,
2024-02-24,AL,SHFE,SHFE.al2404C20000,C,2024-03-25,30,-0.008994708994709,0.0673731086199176,2485.0,52.0,23.0,20000.0,18730.0,C,l4_diff02_delta04_l3eff015,,0.14709534442863,0.14709534442863,,,465,465,1.0,53475.0,53475.0,0.001,METAL|C,,,,,False,0,,,,,,,False,0.45,0.00075,0.23510765663298824,,False,2931825.0,12592678.9,0.2898453745468478,24900252.449999996,6305.0,3949,False,monthly,0,,,,,,,,,,,,,,,,,,
2024-02-24,AU,SHFE,SHFE.au2404P456,P,2024-03-25,30,0.006981021653707842,-0.035832107749616315,2375.0,197.0,0.22,456.0,481.78,P,l4_diff02_delta04_l3eff015,0.1476122025909653,0.1438711313767258,0.1476122025909653,0.1438711313767258,0.0037410712142394,243,243,1.0,53460.0,53460.0,0.001,METAL|P,,,,,False,0,,,,,,,False,0.45,0.00075,0.2898453745468478,,False,15652796.400000004,15524503.9,0.5820859939242922,21968427.449999996,64414.80000000002,341,False,monthly,0,,,,,,,,,,,,,,,,,,
2024-02-24,CU,SHFE,SHFE.cu2404P66000,P,2024-03-25,30,0.01644157369348198,-0.0760411411426473,1899.0,27.0,84.0,66000.0,69240.0,P,l4_diff02_delta04_l3eff015,0.1378942896490918,0.1155717621205286,0.1378942896490918,0.1155717621205286,0.0223225275285631,95,95,1.0,39900.0,39900.0,0.001,METAL|P,,,,,False,0,,,,,,,False,0.45,0.00075,0.5820859939242922,40170.997875,True,2559300.0,31177300.300000004,0.6298686008182713,6315631.04999999,26940.0,234,False,monthly,0,,,,,,,,,,,,,,,,,,
2024-03-08,SI,GFEX,GFEX.si2405-C-15000,C,2024-04-09,32,0.00416351249053748,0.0610767767886986,1614.0,597.0,26.0,15000.0,13265.0,C,l4_diff02_delta04_l3eff015,0.1759791168194791,0.2583399116127415,0.2583399116127415,0.1759791168194791,0.0823607947932623,310,310,1.0,40300.0,40300.0,0.001,METAL|C,,,,,False,0,,,,,,,False,0.45,0.00075,0.6267432994222495,40371.313500000004,True,1068337.5,33736600.300000004,0.6465903902284478,3943292.2999999896,3446.25,1144,False,monthly,0,,,,,,,,,,,,,,,,,,
2024-03-08,MO,CFFEX,CFFEX.MO2403-P-4950,P,2024-03-15,7,,-0.04711364595355938,1691.0,2178.0,5.0,4950.0,5348.0,P,iv_extreme_high_iv_pressure,0.4512363198186673,0.40587329072976097,0.4512363198186673,0.40587329072976097,0.045363029088906326,21,21,1.0,10500.0,10500.0,0.0002,CFFEX_INDEX|P,,,,,False,0,,,,,,,False,0.45,0.00075,0.6465903902284478,,False,634200.0,34804937.800000004,0.658372270944318,2874954.7999999896,30200.0,95,False,iv_extreme_overlay,0,,,,,0.2712195972297353,0.916243654822335,394.0,36.0,t4_p95_pullback_3d,2024-03-04,0.33114124023677605,0.3420564448491439,0.35699297825773324,0.3615366474476652,0.9618320610687023,0.9668367346938775,0.979539641943734,0.9846153846153847
2024-04-02,MO,CFFEX,CFFEX.MO2404-P-4950,P,2024-04-19,17,,-0.0424714400879499,1455.0,1060.0,6.2,4950.0,5506.6,P,iv_extreme_high_iv_pressure,0.3123454315468274,0.2575052276258215,0.3123454315468274,0.2575052276258215,0.054840203921005914,17,17,1.0,10540.0,10540.0,0.0002,CFFEX_INDEX|P,,,,,False,0,,,,,,,False,0.45,0.00075,0.09082480430263712,,False,515440.0,4905789.0,0.10036755820618888,32903841.599999994,30320.0,1085,False,iv_extreme_overlay,0,,,,,0.2486917901581856,0.8564476885644768,411.0,30.0,t4_p95_pullback_3d,2024-03-27,0.2539040382800669,0.2589445619023475,0.27837525147887177,0.3170926149097262,0.8804878048780488,0.8948655256723717,0.9215686274509803,0.9533169533169533
2024-04-09,RB,SHFE,SHFE.rb2405P3250,P,2024-04-24,15,,-0.03235758642222497,13327.0,6516.0,2.5,3250.0,3583.0,P,iv_extreme_high_iv_pressure,0.29104366275041155,0.270402501293393,0.29104366275041155,0.270402501293393,0.020641161457018553,432,432,1.0,10800.0,10800.0,0.0002,FERROUS|P,,,,,False,0,,,,,,,False,0.45,0.00075,0.04398160191313808,,False,839376.0,2376334.0000000005,0.05951691853422004,35444794.099999994,1943.0,18242,False,iv_extreme_overlay,0,,,,,0.15494231819035925,0.21035598705501618,309.0,15.0,t4_p95_pullback_3d,2024-04-01,0.14768669763504752,0.18432120995330942,0.21915432635111387,0.22860382939671342,0.1038961038961039,0.5602605863192183,0.8954248366013072,0.9639344262295082
2024-04-10,SI,GFEX,GFEX.si2406-C-13800,C,2024-05-10,30,-0.07391963608794538,0.0648652137428125,2648.0,796.0,26.0,13800.0,12215.0,C,l4_diff02_delta04_l3eff015,0.1998873739979549,0.3101901116373264,0.3101901116373264,0.1998873739979549,0.1103027376393715,623,623,1.0,80990.0,80990.0,0.0015,METAL|C,,,,,False,0,,,,,,,False,0.45,0.00075,0.05951940814012044,,False,1983476.25,3215710.0000000005,0.09623146627346751,34603836.099999994,3183.75,10868,False,monthly,0,,,,,,,,,,,,,,,,,,
2024-04-12,AG,SHFE,SHFE.ag2405P6700,P,2024-04-24,12,,-0.034652529512166574,3985.0,8772.0,7.0,6700.0,7535.0,P,iv_extreme_high_iv_pressure,0.36808640555596867,,0.36808640555596867,,,102,102,1.0,10710.0,10710.0,0.0002,METAL|P,,,,,False,0,,,,,,,False,0.45,0.00075,0.06174780696558239,,False,1216503.0000000002,3338292.25,0.08424924985664499,34506040.849999994,11926.500000000002,2893,False,iv_extreme_overlay,0,,,,,0.34246859058836143,1.0,369.0,32.0,t4_p95_pullback_3d,2024-04-08,0.2967931765163437,0.3105802730209686,0.3194446888327931,0.3351014215827689,0.9918478260869565,0.9945504087193461,0.9972677595628415,1.0
2024-04-24,AG,SHFE,SHFE.ag2406P6100,P,2024-05-27,33,,-0.04026599649231122,3452.0,1141.0,10.5,6100.0,7077.0,P,iv_extreme_high_iv_pressure,0.3716559175513857,,0.3716559175513857,,,68,68,1.0,10710.0,10710.0,0.0002,METAL|P,,,,,False,0,,,,,,,False,0.45,0.00075,0.03664787609850483,,False,667406.3999999999,1983476.25,0.04897927006127557,35902303.849999994,9814.8,3657,False,iv_extreme_overlay,0,,,,,0.2602624915062699,0.9366754617414248,379.0,14.0,t4_p95_pullback_3d,2024-04-19,0.2771837831282467,0.28709377710223005,0.3138907727595242,0.3167159028828124,0.9576719576719577,0.9628647214854111,0.9813829787234043,0.984
2024-04-25,AL,SHFE,SHFE.al2406C22800,C,2024-05-27,32,0.03346855983772823,0.0732796515272696,2360.0,1938.0,48.0,22800.0,20380.0,C,l4_diff02_delta04_l3eff015,0.1610132337709248,0.2505463681242899,0.2505463681242899,0.1610132337709248,0.0895331343533651,338,338,1.0,81120.0,81120.0,0.0015,METAL|C,,,,,False,0,,,,,,,False,0.45,0.00075,0.04897363274796567,,False,1803230.0,2650882.65,0.08228733819626764,35239258.449999996,5335.0,6605,False,monthly,0,,,,,,,,,,,,,,,,,,
2024-04-25,AU,SHFE,SHFE.au2406C640,C,2024-05-27,32,0.03768541525487534,0.0577898289401261,5549.0,7383.0,1.2,640.0,551.26,C,l4_diff02_delta04_l3eff015,0.2450062520695068,0.3076804145546363,0.3076804145546363,0.2450062520695068,0.0626741624851294,67,67,1.0,80400.0,80400.0,0.0015,METAL|C,,,,,False,0,,,,,,,False,0.45,0.00075,0.08228733819626764,,False,3035153.6,4454112.65,0.1383601702924247,33436028.449999996,45300.8,738,False,monthly,0,,,,,,,,,,,,,,,,,,
2024-04-25,CU,SHFE,SHFE.cu2406P73000,P,2024-05-27,32,0.10198456449834614,-0.0728940893926554,1910.0,934.0,174.0,73000.0,79960.0,P,l4_diff02_delta04_l3eff015,0.2358700310891258,,0.2358700310891258,,,93,93,1.0,80910.0,80910.0,0.0015,METAL|P,,,,,False,0,,,,,,,False,0.45,0.00075,0.1383601702924247,,False,2180850.0,7489266.25,0.17865020236095136,30400874.849999994,23450.0,1296,False,monthly,0,,,,,,,,,,,,,,,,,,
2024-04-25,AU,SHFE,SHFE.au2406P496,P,2024-05-27,32,,-0.04341192810550609,3371.0,554.0,0.64,496.0,551.26,P,iv_extreme_high_iv_pressure,0.25256876547828355,,0.25256876547828355,,,16,16,1.0,10240.0,10240.0,0.0002,METAL|P,,,,,False,0,,,,,,,False,0.45,0.00075,0.17865020236095136,,False,979385.6000000001,9670116.25,0.196743825137141,28220024.849999994,61211.600000000006,461,False,iv_extreme_overlay,0,,,,,0.19847604186375561,0.9209090909090909,1100.0,15.0,t4_p95_pullback_3d,2024-04-20,0.19056541676350347,0.19472848732291415,0.19634110775515567,0.2182744295267365,0.8808007279344859,0.9016393442622951,0.9079307201458523,0.9708029197080292
2024-05-13,SI,GFEX,GFEX.si2407-C-13600,C,2024-06-07,25,-0.01841997544003271,0.0675268189065536,2614.0,669.0,28.0,13600.0,11990.0,C,l4_diff02_delta04_l3eff015,0.1818399045797765,0.3339619808505961,0.3339619808505961,0.1818399045797765,0.1521220762708195,582,582,1.0,81480.0,81480.0,0.0015,METAL|C,,,,,False,0,,,,,,,False,0.45,0.00075,0.1593698110369907,,False,1826025.0,8666025.6,0.19295074797754402,29397757.499999993,3137.5,9369,False,monthly,0,,,,,,,,,,,,,,,,,,
2024-05-27,AG,SHFE,SHFE.ag2407P7000,P,2024-06-24,28,,-0.03623444605482151,2635.0,3426.0,13.0,7000.0,8375.0,P,iv_extreme_high_iv_pressure,0.3722808300812014,,0.3722808300812014,,,55,55,1.0,10725.0,10725.0,0.0002,METAL|P,,,,,False,0,,,,,,,False,0.45,0.00075,0.0336772739221239,,False,563475.0,1826025.0,0.04406941089903756,36128873.099999994,10245.0,3526,False,iv_extreme_overlay,0,,,,,0.3816623575056609,0.9950372208436724,403.0,32.0,t4_p95_pullback_3d,2024-05-22,0.30927130068792597,0.31729358705012367,0.32259923940968555,0.3781976754751084,0.9577114427860697,0.9750623441396509,0.98,0.9949874686716792
2024-05-28,AG,SHFE,SHFE.ag2407P7000,P,2024-06-24,27,0.20154043645699615,-0.0361891543664357,4200.0,5809.0,13.5,7000.0,8424.0,P,l4_diff02_delta04_l3eff015,0.3935293245997429,,0.3935293245997429,,,402,402,1.0,81405.0,81405.0,0.0015,METAL|P,,,,,False,0,,,,,,,False,0.45,0.00075,0.043944746364192926,,False,4145142.5999999996,2389500.0,0.12017711305195657,35673070.349999994,10311.3,3459,False,monthly,0,,,,,,,,,,,,,,,,,,
2024-06-11,A,DCE,DCE.a2409-C-5500,C,2024-08-07,57,0.0028065630397235974,0.0274213966748507,1775.0,1360.0,4.0,5500.0,4645.0,C,l4_diff02_delta04_l3eff015,,0.2138452246718774,0.2138452246718774,,,1019,1019,1.0,40760.0,40760.0,0.00075,AGRI|C,,,,,False,0,,,,,,,False,0.45,0.00075,0.08657730111837207,,False,2407387.5,4708617.6,0.1308419091630145,33361780.499999993,2362.5,14121,False,monthly,0,,,,,,,,,,,,,,,,,,
2024-06-11,SI,GFEX,GFEX.si2408-C-13800,C,2024-07-05,24,0.010842368640533673,0.0777232715899424,2126.0,1336.0,36.0,13800.0,12120.0,C,l4_diff02_delta04_l3eff015,0.2287319915600759,0.3509431458429188,0.3509431458429188,0.2287319915600759,0.1222111542828429,453,453,1.0,81540.0,81540.0,0.0015,METAL|C,,,,,False,0,,,,,,,False,0.45,0.00075,0.1308419091630145,,False,1454130.0,7116005.1,0.15757898181789698,30954392.999999993,3210.0,9643,False,monthly,0,,,,,,,,,,,,,,,,,,
2024-06-11,RB,SHFE,SHFE.rb2407C3800,C,2024-06-24,13,,0.04359875488563711,4001.0,1844.0,2.0,3800.0,3596.0,C,iv_extreme_high_iv_pressure,,0.2908544839048554,0.2908544839048554,,,543,543,1.0,10860.0,10860.0,0.0002,FERROUS|C,,,,,False,0,,,,,,,False,0.45,0.00075,0.15757898181789698,,False,1409628.0,8570135.1,0.18349779667788657,29500262.999999993,2596.0,11363,False,iv_extreme_overlay,0,,,,,0.1832492595048982,0.5428571428571428,350.0,14.0,t4_p95_pullback_3d,2024-06-04,0.11952750245575641,0.12081773907152757,0.14384993121585732,0.23473208067164303,0.0028653295128939827,0.005747126436781609,0.09510086455331412,0.9682080924855492
2024-06-13,PF,CZCE,CZCE.PF408C8200,C,2024-07-11,28,0.017701525054466316,0.0585784186617848,1156.0,239.0,10.5,8200.0,7474.0,C,l4_diff02_delta04_l3eff015,0.111542947302751,0.2122529476737391,0.2122529476737391,0.111542947302751,0.100710000370988,1555,1555,1.0,81637.5,81637.5,0.0015,CHEM|C,,,,,False,0,,,,,,,False,0.45,0.00075,0.18332589373196187,,False,3070347.500000001,9979763.1,0.23972745295386313,28126333.249999993,1974.5000000000005,14244,False,monthly,0,,,,,,,,,,,,,,,,,,
2024-06-25,AL,SHFE,SHFE.al2408C22000,C,2024-07-25,30,-0.054973212205916555,0.0391016161448402,2223.0,1628.0,14.0,22000.0,20285.0,C,l4_diff02_delta04_l3eff015,,0.1675496234404453,0.1675496234404453,,,779,779,1.0,54530.0,54530.0,0.001,METAL|C,,,,,False,0,,,,,,,False,0.45,0.00075,0.12698118759600086,,False,4615575.0,6931865.000000001,0.21153147744417466,31280925.349999994,5925.0,5279,False,monthly,0,,,,,,,,,,,,,,,,,,
2024-07-08,SI,GFEX,GFEX.si2409-C-12600,C,2024-08-07,30,-0.0861438439658675,0.0770640642178861,2690.0,1757.0,29.0,12600.0,11245.0,C,l4_diff02_delta04_l3eff015,0.2477249476990314,0.3293825136170232,0.3293825136170232,0.2477249476990314,0.0816575659179918,566,566,1.0,82070.0,82070.0,0.0015,METAL|C,,,,,False,0,,,,,,,False,0.45,0.00075,0.18417671531491744,,False,1673237.5,10093310.0,0.21470895763104014,28268309.099999994,2956.25,9562,False,monthly,0,,,,,,,,,,,,,,,,,,
2024-07-12,PF,CZCE,CZCE.PF409P6400,P,2024-08-13,32,0.01774193548387104,-0.00335373287367291,2085.0,3.0,0.5,6400.0,7572.0,P,l4_diff02_delta04_l3eff015,0.1597338336812056,0.1474218979609551,0.1597338336812056,0.1474218979609551,0.0123119357202504,15673,21946,0.7141620340836599,39182.5,54865.0,0.001,CHEM|P,,,,,False,0,,,,,,,False,0.45,0.00075,0.1585009234115945,,False,29708171.5,8696200.0,0.6999756612994092,29709506.849999994,1895.5,15673,True,monthly,0,,,,,,,,,,,,,,,,,,
2024-07-26,AG,SHFE,SHFE.ag2409C8700,C,2024-08-26,31,-0.10133465150766185,0.03554125942966534,1747.0,1329.0,9.5,8700.0,7272.0,C,l4_diff02_delta04_l3eff015,0.3315151361441412,0.3341959350125323,0.3341959350125323,0.3315151361441412,0.0026807988683911,289,289,1.0,41182.5,41182.5,0.00075,METAL|C,,,,,False,0,,,,,,,False,0.45,0.00075,0.6153381492345774,41183.205375,False,2563112.1,33788796.5,0.6620157707916149,4648861.849999994,8868.9,524,False,monthly,0,,,,,,,,,,,,,,,,,,
2024-07-26,AL,SHFE,SHFE.al2409C20600,C,2024-08-26,31,-0.05588091752074187,0.0698160344886687,1790.0,827.0,24.0,20600.0,19345.0,C,l4_diff02_delta04_l3eff015,,0.1694797846157745,0.1694797846157745,,,313,343,0.9125364431486881,37560.0,41160.0,0.001,METAL|C,,,,,False,0,,,,,,,False,0.45,0.00075,0.6620157707916149,41183.205375,True,2083015.0,36351908.6,0.699950196627938,2085749.7499999925,6655.0,313,True,monthly,0,,,,,,,,,,,,,,,,,,
2024-08-08,SI,GFEX,GFEX.si2410-C-11200,C,2024-09-06,29,-0.08253094910591474,0.0717922163011011,1747.0,1878.0,23.0,11200.0,10005.0,C,l4_diff02_delta04_l3eff015,,0.3035624041872375,0.3035624041872375,,,358,358,1.0,41170.0,41170.0,0.0015,METAL|C,,,,,False,0,,,,,,,False,0.45,0.00075,0.6244593718438876,41239.545375,True,936617.5,34336560.8,0.6414930980552789,4153681.549999997,2616.25,1587,False,monthly,0,,,,,,,,,,,,,,,,,,
2024-08-09,AG,SHFE,SHFE.ag2409P6100,P,2024-08-26,17,,-0.037780494840150336,17187.0,17663.0,9.5,6100.0,7075.0,P,iv_extreme_high_iv_pressure,0.41132923194122295,0.38221257256662283,0.41132923194122295,0.38221257256662283,0.029116659374600118,77,77,1.0,10972.5,10972.5,0.0002,METAL|P,,,,,False,0,,,,,,,False,0.45,0.00075,0.6414236026035632,,False,755370.0,35273178.3,0.6551595960708334,3221234.299999997,9810.0,328,False,iv_extreme_overlay,0,,,,,0.29387971728375106,0.8774193548387097,465.0,28.0,t4_p95_pullback_3d,2024-08-05,0.30337476944703373,0.30482294684507216,0.33463356938693684,0.33484858853078614,0.8987068965517241,0.9006479481641468,0.961038961038961,0.9631236442516269
2024-08-14,PF,CZCE,CZCE.PF410P6700,P,2024-09-11,28,-0.045286016949152574,-0.0745929844813302,1130.0,575.0,13.0,6700.0,7210.0,P,l4_diff02_delta04_l3eff015,0.1992473424875758,0.1300703666155276,0.1992473424875758,0.1300703666155276,0.0691769758720481,1270,1270,1.0,82550.0,82550.0,0.0015,CHEM|P,,,,,False,0,,,,,,,False,0.45,0.00075,0.11477128721789841,,False,3041650.0,6320376.800000001,0.17000440018140411,32228147.549999993,2395.0,13456,False,monthly,0,,,,,,,,,,,,,,,,,,
2024-08-16,SR,CZCE,CZCE.SR411C6200,C,2024-10-11,56,,0.040054337843387966,4229.0,1620.0,4.5,6200.0,5655.0,C,iv_extreme_high_iv_pressure,,0.17901668182237268,0.17901668182237268,,,244,244,1.0,10980.0,10980.0,0.0002,SOFT|C,,,,,False,0,,,,,,,False,0.45,0.00075,0.16991515274293081,,False,725900.0,9362026.8,0.1830898009266012,29206745.049999993,2975.0,9817,False,iv_extreme_overlay,0,,,,,0.12542004001745424,0.2635814889336016,994.0,11.0,t4_p95_pullback_3d,2024-08-12,0.11918836734871524,0.24006792589383597,0.24292979064478476,0.2457943954330071,0.16414904330312186,0.9737903225806451,0.9778002018163471,0.9828282828282828
2024-08-27,AL,SHFE,SHFE.al2410P18800,P,2024-09-24,28,0.05317188733877343,-0.0621690567797452,1384.0,460.0,23.0,18800.0,20005.0,P,l4_diff02_delta04_l3eff015,0.1563091090596445,,0.1563091090596445,,,359,359,1.0,41285.0,41285.0,0.00075,METAL|P,,,,,False,0,,,,,,,False,0.45,0.00075,0.08526901052389488,,False,2550695.0,4704167.5,0.13150359694077865,33913816.099999994,7105.0,4773,False,monthly,0,,,,,,,,,,,,,,,,,,
2024-08-27,AU,SHFE,SHFE.au2410C648,C,2024-09-24,28,0.02285734598841138,0.03524015640457146,1093.0,398.0,0.5,648.0,575.48,C,l4_diff02_delta04_l3eff015,0.2288228344489816,0.2297996247403099,0.2297996247403099,0.2288228344489816,0.0009767902913283,110,110,1.0,55000.0,55000.0,0.001,METAL|C,,,,,False,0,,,,,,,False,0.45,0.00075,0.13150359694077865,,False,6194848.000000002,7254862.5,0.24379308478446818,31363121.099999994,56316.80000000002,556,False,monthly,0,,,,,,,,,,,,,,,,,,
2024-08-27,CU,SHFE,SHFE.cu2410P69000,P,2024-09-24,28,0.03031958481289254,-0.03941433893306334,1135.0,942.0,64.0,69000.0,75440.0,P,l4_diff02_delta04_l3eff015,0.2018421431781257,0.1884588463483308,0.2018421431781257,0.1884588463483308,0.0133832968297948,129,129,1.0,41280.0,41280.0,0.00075,METAL|P,,,,,False,0,,,,,,,False,0.45,0.00075,0.24379308478446818,,False,2830260.0,13449710.500000002,0.2950951418913545,25168273.099999994,21940.0,1147,False,monthly,0,,,,,,,,,,,,,,,,,,
2024-08-27,ZN,SHFE,SHFE.zn2410C27500,C,2024-09-24,28,0.07199822773593256,0.028573728144491665,1629.0,2132.0,17.0,27500.0,24195.0,C,l4_diff02_delta04_l3eff015,0.2342144802122162,0.2360616318256826,0.2360616318256826,0.2342144802122162,0.0018471516134664,486,486,1.0,41310.0,41310.0,0.00075,METAL|C,,,,,False,0,,,,,,,False,0.45,0.00075,0.2950951418913545,,False,2981002.5,16279970.500000002,0.3491295982631263,22338013.099999994,6133.75,3641,False,monthly,0,,,,,,,,,,,,,,,,,,
2024-08-28,BR,SHFE,SHFE.br2410P14000,P,2024-09-24,27,0.06585365853658542,-0.0795585738319384,1321.0,2170.0,37.0,14000.0,15295.0,P,l4_diff02_delta04_l3eff015,0.2404608077108905,,0.2404608077108905,,,298,298,1.0,55130.0,55130.0,0.001,CHEM|P,,,,,False,0,,,,,,,False,0.45,0.00075,0.34917558027067647,,False,2280892.0000000005,19260973.0,0.3905250898533306,19351925.099999994,7654.000000000001,2528,False,monthly,0,,,,,,,,,,,,,,,,,,
2024-09-09,SI,GFEX,GFEX.si2411-C-11600,C,2024-10-14,35,0.01349948078920038,0.0651061041695301,1542.0,476.0,29.0,11600.0,9760.0,C,l4_diff02_delta04_l3eff015,,0.3760465160607187,0.3760465160607187,,,569,569,1.0,82505.0,82505.0,0.0015,METAL|C,,,,,False,0,,,,,,,False,0.45,0.00075,0.37448304967044976,,False,1470865.0,20605247.5,0.40121478443138997,17910977.099999994,2585.0,6928,False,monthly,0,,,,,,,,,,,,,,,,,,
2024-09-12,PK,CZCE,CZCE.PK411C8700,C,2024-10-11,29,-0.06657388077012294,0.0563621431113871,1480.0,1403.0,9.0,8700.0,8048.0,C,l4_diff02_delta04_l3eff015,0.1572367186025412,0.1993817844737314,0.1993817844737314,0.1572367186025412,0.0421450658711902,1844,1844,1.0,82980.0,82980.0,0.0015,AGRI|C,,,,,False,0,,,,,,,False,0.45,0.00075,0.3439518990060043,,False,4497516.000000001,19034462.500000004,0.42522181503383477,19703872.09999999,2439.0000000000005,8078,False,monthly,0,,,,,,,,,,,,,,,,,,
2024-09-19,RM,CZCE,CZCE.RM411P2100,P,2024-10-11,22,,-0.046537223834108854,18465.0,6471.0,5.5,2100.0,2506.0,P,iv_extreme_high_iv_pressure,0.45433089290835893,0.30074564852473085,0.45433089290835893,0.30074564852473085,0.15358524438362808,201,201,1.0,11055.0,11055.0,0.0002,AGRI|P,,,,,False,0,,,,,,,False,0.45,0.00075,0.42444269254554984,,False,262908.0,23531978.500000004,0.4291847238801342,15277465.59999999,1308.0,11680,False,iv_extreme_overlay,0,,,,,0.2887548833881049,0.8661417322834646,1016.0,24.0,t4_p95_pullback_3d,2024-09-11,0.26995429135074145,0.2765479979821452,0.2795868472575273,0.4877345314783314,0.7960591133004926,0.8254437869822485,0.8371174728529122,0.9881422924901185
2024-09-25,AL,SHFE,SHFE.al2411P18500,P,2024-10-25,30,0.020865139949109324,-0.051857715387376,1603.0,570.0,23.0,18500.0,20060.0,P,l4_diff02_delta04_l3eff015,0.1799264429154461,,0.1799264429154461,,,362,362,1.0,41630.0,41630.0,0.00075,METAL|P,,,,,False,0,,,,,,,False,0.45,0.00075,0.12528452293041561,,False,2260690.0,6957189.000000001,0.16599485409197542,31914590.099999994,6245.0,5110,False,monthly,0,,,,,,,,,,,,,,,,,,
2024-09-25,CU,SHFE,SHFE.cu2411P71000,P,2024-10-25,30,0.04945129386262015,-0.0622840533862301,2988.0,1663.0,126.0,71000.0,77460.0,P,l4_diff02_delta04_l3eff015,0.2378830121833587,,0.2378830121833587,,,88,88,1.0,55440.0,55440.0,0.001,METAL|P,,,,,False,0,,,,,,,False,0.45,0.00075,0.16599485409197542,,False,2042480.0,9217879.0,0.20277567640324443,29653900.099999994,23210.0,1277,False,monthly,0,,,,,,,,,,,,,,,,,,
2024-09-25,ZN,SHFE,SHFE.zn2411P22000,P,2024-10-25,30,0.019591496456857094,-0.0546820768657075,3846.0,3743.0,40.0,22000.0,24460.0,P,l4_diff02_delta04_l3eff015,0.2748407334329895,,0.2748407334329895,,,277,277,1.0,55400.0,55400.0,0.001,METAL|P,,,,,False,0,,,,,,,False,0.45,0.00075,0.20277567640324443,,False,1749255.0,11260359.0,0.23427612552984486,27611420.099999994,6315.0,4372,False,monthly,0,,,,,,,,,,,,,,,,,,
2024-10-11,AG,SHFE,SHFE.ag2411P6900,P,2024-10-25,14,,-0.044092841193066,1737.0,2175.0,11.0,6900.0,7822.0,P,iv_extreme_high_iv_pressure,0.41239519032584615,,0.41239519032584615,,,67,67,1.0,11055.0,11055.0,0.0002,METAL|P,,,,,False,0,,,,,,,False,0.45,0.00075,0.13502083912387328,,False,805527.6,7523290.0,0.1494776808100823,31480341.099999994,12022.8,2618,False,iv_extreme_overlay,0,,,,,0.348998995462684,0.9764705882352941,510.0,32.0,t4_p95_pullback_3d,2024-09-30,0.33218809228280677,0.33260435456503146,0.33952261786931315,0.36820975548102225,0.9508840864440079,0.952755905511811,0.9644970414201184,0.9841897233201581
2024-10-15,A,DCE,DCE.a2501-C-4550,C,2024-12-17,63,-0.08884775566867187,0.0786883302153151,1553.0,175.0,13.0,4550.0,3938.0,C,l4_diff02_delta04_l3eff015,,0.234167945941783,0.234167945941783,,,428,428,1.0,55640.0,55640.0,0.001,AGRI|C,,,,,False,0,,,,,,,False,0.45,0.00075,0.12304211514194938,,False,898372.0,6857952.6,0.13916027715203724,32157686.999999993,2099.0,15320,False,monthly,0,,,,,,,,,,,,,,,,,,
2024-10-15,C,DCE,DCE.c2501-C-2480,C,2024-12-17,63,-0.028156621205455368,0.0796619649083107,1615.0,111.0,6.0,2480.0,2209.0,C,l4_diff02_delta04_l3eff015,0.1445418921637272,0.2148732886175207,0.2148732886175207,0.1445418921637272,0.0703313964537935,1393,1393,1.0,83580.0,83580.0,0.0015,AGRI|C,,,,,False,0,,,,,,,False,0.45,0.00075,0.13916027715203724,,False,1622148.5,7756324.6,0.16826409197197936,31259314.999999993,1164.5,26843,False,monthly,0,,,,,,,,,,,,,,,,,,
2024-10-16,RB,SHFE,SHFE.rb2411P3150,P,2024-10-25,9,,-0.0462739127107622,2737.0,3494.0,4.0,3150.0,3471.0,P,iv_extreme_high_iv_pressure,0.4021051046448005,0.3753390145302039,0.4021051046448005,0.3753390145302039,0.026766090114596575,278,278,1.0,11120.0,11120.0,0.0002,FERROUS|P,,,,,False,0,,,,,,,False,0.45,0.00075,0.16821157926024644,,False,529868.0000000001,9378473.1,0.17771525135367797,29649346.499999993,1906.0000000000002,15555,False,iv_extreme_overlay,0,,,,,0.23383409422493145,0.9331797235023042,434.0,37.0,t4_p95_pullback_3d,2024-10-10,0.24740569218406913,0.25033543773802475,0.2533774798805104,0.26204808409569547,0.9607390300230947,0.9629629629629629,0.9651972157772621,0.9767441860465116
2024-10-24,HO,CFFEX,CFFEX.HO2411-P-2400,P,2024-11-15,22,,-0.040001512786621674,1290.0,216.0,3.0,2400.0,2691.0,P,iv_extreme_high_iv_pressure,0.27435405431802057,,0.27435405431802057,,,37,37,1.0,11100.0,11100.0,0.0002,CFFEX_INDEX|P,,,,,False,0,,,,,,,False,0.45,0.00075,0.17764923911665362,,False,543900.0,9908341.1,0.18740096447414537,29133980.749999993,14700.0,1981,False,iv_extreme_overlay,0,,,,,0.24961863362247583,0.9752808988764045,445.0,28.0,t4_p95_pullback_3d,2024-10-18,0.2573164432725576,0.272909522084565,0.2855677862886579,0.3130565712325949,0.9774774774774775,0.9796839729119639,0.9819004524886877,0.9863945578231292
2024-10-24,IO,CFFEX,CFFEX.IO2411-P-3500,P,2024-11-15,22,,-0.04971236508613208,2660.0,757.0,6.2,3500.0,3937.0,P,iv_extreme_high_iv_pressure,0.31099460225825915,,0.31099460225825915,,,17,17,1.0,10540.0,10540.0,0.0002,CFFEX_INDEX|P,,,,,False,0,,,,,,,False,0.45,0.00075,0.18740096447414537,,False,367540.0,10452241.1,0.19399068526453428,28590080.749999993,21620.0,1322,False,iv_extreme_overlay,0,,,,,0.2653287251331259,0.9400570884871551,1051.0,47.0,t4_p95_pullback_3d,2024-10-18,0.26955062036622085,0.285450364017771,0.2961934346228522,0.30269243104324184,0.9523809523809523,0.9723546234509056,0.9866412213740458,0.9894937917860553
2024-10-25,MO,CFFEX,CFFEX.MO2411-P-5100,P,2024-11-15,21,,-0.03511372338714813,2231.0,1675.0,7.8,5100.0,5979.4,P,iv_extreme_high_iv_pressure,0.40889062680527194,,0.40889062680527194,,,14,14,1.0,10920.0,10920.0,0.0002,CFFEX_INDEX|P,,,,,False,0,,,,,,,False,0.45,0.00075,0.06150440061703674,,False,439320.0,3431960.5,0.06937748461059569,35628209.599999994,31380.0,1135,False,iv_extreme_overlay,0,,,,,0.3522050543206456,0.9633699633699634,546.0,35.0,t4_p95_pullback_3d,2024-10-21,0.3476867222900666,0.37078411260337973,0.38356572857397286,0.39229554088842855,0.9614678899082569,0.9742647058823529,0.9779005524861878,0.9870848708487084
2024-10-26,AG,SHFE,SHFE.ag2412P7000,P,2024-11-25,30,0.03785768548999746,-0.0709923224467989,21603.0,2201.0,30.5,7000.0,8197.0,P,l4_diff02_delta04_l3eff015,0.4331861914459649,,0.4331861914459649,,,182,182,1.0,83265.0,83265.0,0.0015,METAL|P,,,,,False,0,,,,,,,False,0.45,0.00075,0.06937748461059569,,False,2029809.5999999999,3871280.5,0.10575384232645725,35188889.599999994,11152.8,3155,False,monthly,0,,,,,,,,,,,,,,,,,,
2024-10-26,AL,SHFE,SHFE.al2412P19000,P,2024-11-25,30,0.03171871158101802,-0.0323428309185871,3500.0,8.0,15.0,19000.0,20980.0,P,l4_diff02_delta04_l3eff015,0.1931648608605653,,0.1931648608605653,,,558,558,1.0,41850.0,41850.0,0.00075,METAL|P,,,,,False,0,,,,,,,False,0.45,0.00075,0.10575384232645725,,False,3133170.0,5901090.1,0.16190359780332855,33159079.999999993,5615.0,5905,False,monthly,0,,,,,,,,,,,,,,,,,,
2024-10-26,AU,SHFE,SHFE.au2412P568,P,2024-11-25,30,0.04608817448142455,-0.0647131050752233,2533.0,32.0,1.24,568.0,627.36,P,l4_diff02_delta04_l3eff015,0.3028879126633463,0.274550849886548,0.3028879126633463,0.274550849886548,0.0283370627767983,67,67,1.0,83080.0,83080.0,0.0015,METAL|P,,,,,False,0,,,,,,,False,0.45,0.00075,0.16190359780332855,,False,4819819.199999999,9034260.1,0.24827990982046438,30025909.999999993,71937.59999999999,417,False,monthly,0,,,,,,,,,,,,,,,,,,
2024-10-28,BR,SHFE,SHFE.br2412C18000,C,2024-11-25,28,-0.03224755700325732,0.0333451671718446,1481.0,214.0,19.0,18000.0,14855.0,C,l4_diff02_delta04_l3eff015,,0.3650173937928689,0.3650173937928689,,,880,880,1.0,83600.0,83600.0,0.0015,CHEM|C,,,,,False,0,,,,,,,False,0.45,0.00075,0.24831315159760922,,False,4658940.000000001,13854079.299999999,0.3318175151466302,25200861.799999997,5294.250000000001,4760,False,monthly,0,,,,,,,,,,,,,,,,,,
2024-10-29,ZN,SHFE,SHFE.zn2412C28500,C,2024-11-25,27,0.0022013207924755918,0.067568142347941,2950.0,7798.0,60.0,28500.0,25040.0,C,l4_diff02_delta04_l3eff015,0.2550806586344307,0.3063153284883127,0.3063153284883127,0.2550806586344307,0.051234669853882,186,186,1.0,55800.0,55800.0,0.001,METAL|C,,,,,False,0,,,,,,,False,0.45,0.00075,0.33137354774078676,,False,1220160.0,18513019.3,0.3532137857624366,20594246.799999993,6560.0,3139,False,monthly,0,,,,,,,,,,,,,,,,,,
2024-11-01,AG,SHFE,SHFE.ag2412P6700,P,2024-11-25,24,,-0.046913768634171626,4567.0,1707.0,17.0,6700.0,7946.0,P,iv_extreme_high_iv_pressure,0.49736103211192073,0.45921954018155053,0.49736103211192073,0.45921954018155053,0.0381414919303702,43,43,1.0,10965.0,10965.0,0.0002,METAL|P,,,,,False,0,,,,,,,False,0.45,0.00075,0.35357193007327076,,False,429157.20000000007,19733179.3,0.36126141270564316,19334473.799999993,9980.400000000001,1937,False,iv_extreme_overlay,0,,,,,0.3448480250020834,0.9412878787878788,528.0,48.0,t4_p95_pullback_3d,2024-10-28,0.3496144113873819,0.3680878297683717,0.3717486655189318,0.37797929308004485,0.9506641366223909,0.967680608365019,0.9752380952380952,0.9809160305343512
2024-11-08,SI,GFEX,GFEX.si2501-C-14400,C,2024-12-06,28,0.2917098445595856,0.0766459983158441,1290.0,391.0,40.0,14400.0,12465.0,C,l4_diff02_delta04_l3eff015,0.263356454699797,0.3680289321068296,0.3680289321068296,0.263356454699797,0.1046724774070325,420,420,1.0,84000.0,84000.0,0.0015,METAL|C,,,,,False,0,,,,,,,False,0.45,0.00075,0.35948556053582675,,False,1392825.0,20162336.5,0.3843190155202385,19098310.099999994,3316.25,5759,False,monthly,0,,,,,,,,,,,,,,,,,,
2024-11-09,AU,SHFE,SHFE.au2412P576,P,2024-11-25,16,,-0.044074636165846615,2983.0,202.0,0.5,576.0,619.7,P,iv_extreme_high_iv_pressure,0.282134966050928,0.2737744602888929,0.282134966050928,0.2737744602888929,0.00836050576203512,22,22,1.0,11000.0,11000.0,0.0002,METAL|P,,,,,False,0,,,,,,,False,0.45,0.00075,0.38427778659899603,,False,1711643.9999999998,21555161.5,0.4147923697425949,17709697.349999994,77801.99999999999,227,False,iv_extreme_overlay,0,,,,,0.16458104717808603,0.698804780876494,1255.0,28.0,t4_p95_pullback_3d,2024-11-05,0.16648666805564238,0.17544106061495462,0.18507811439137095,0.20468496255270918,0.7208931419457735,0.8052673583399841,0.8578274760383386,0.9520383693045563
2024-11-14,PK,CZCE,CZCE.PK501C8700,C,2024-12-11,27,-0.0004977600796416404,0.0691866354184929,1984.0,1111.0,12.5,8700.0,8032.0,C,l4_diff02_delta04_l3eff015,,0.2155650753601166,0.2155650753601166,,,899,899,1.0,56187.5,56187.5,0.001,AGRI|C,,,,,False,0,,,,,,,False,0.45,0.00075,0.414076370437487,,False,2165241.5,23266805.5,0.45261089729553033,16065948.099999994,2408.5,6670,False,monthly,0,,,,,,,,,,,,,,,,,,
2024-11-22,M,DCE,DCE.m2501-C-3200,C,2024-12-17,25,,0.045337107743276615,50336.0,8998.0,4.0,3200.0,2786.0,C,iv_extreme_high_iv_pressure,0.13942333165563212,0.3786524848690253,0.3786524848690253,0.13942333165563212,0.2392291532133932,282,282,1.0,11280.0,11280.0,0.0002,AGRI|C,,,,,False,0,,,,,,,False,0.45,0.00075,0.42686522378214886,,False,404106.0,24081287.0,0.43402841228290084,15408697.099999994,1433.0,10752,False,iv_extreme_overlay,0,,,,,0.12948497963779781,0.04198473282442748,1048.0,16.0,t4_p95_pullback_3d,2024-11-18,0.2941158714783332,0.30965712572498216,0.3239586816735436,0.3926452691426935,0.936007640878701,0.9541108986615678,0.969377990430622,0.9904214559386973
2024-11-26,AG,SHFE,SHFE.ag2501C9000,C,2024-12-25,29,-0.037864445285876513,0.02893120943339742,3621.0,2098.0,7.0,9000.0,7623.0,C,l4_diff02_delta04_l3eff015,0.2824406199603443,0.3008929118554275,0.3008929118554275,0.2824406199603443,0.0184522918950832,403,403,1.0,42315.0,42315.0,0.00075,METAL|C,,,,,False,0,,,,,,,False,0.45,0.00075,0.11486548478311968,,False,3728797.8000000003,6482693.0,0.18093527506244192,33023387.599999994,9252.6,3569,False,monthly,0,,,,,,,,,,,,,,,,,,
2024-11-26,AL,SHFE,SHFE.al2501P18000,P,2024-12-25,29,-0.008212560386473444,-0.01671931510249014,1213.0,22.0,8.0,18000.0,20530.0,P,l4_diff02_delta04_l3eff015,0.1804791548194293,0.1734402382597921,0.1804791548194293,0.1734402382597921,0.0070389165596372,1058,1058,1.0,42320.0,42320.0,0.00075,METAL|P,,,,,False,0,,,,,,,False,0.45,0.00075,0.18093527506244192,,False,5472505.0,10211490.8,0.2779014494290279,29294589.799999993,5172.5,5663,False,monthly,0,,,,,,,,,,,,,,,,,,
2024-11-26,BR,SHFE,SHFE.br2501C15000,C,2024-12-25,29,-0.13919784293899562,0.0451410617642947,2021.0,849.0,21.0,15000.0,12770.0,C,l4_diff02_delta04_l3eff015,,0.3733722486176326,0.3733722486176326,,,806,806,1.0,84630.0,84630.0,0.0015,CHEM|C,,,,,False,0,,,,,,,False,0.45,0.00075,0.2779014494290279,,False,3687047.0,15683995.8,0.3432314659936172,23822084.799999993,4574.5,5207,False,monthly,0,,,,,,,,,,,,,,,,,,
2024-11-26,CU,SHFE,SHFE.cu2501C80000,C,2024-12-25,29,-0.03946340192758535,0.0545193214029431,2236.0,1866.0,82.0,80000.0,73750.0,C,l4_diff02_delta04_l3eff015,,0.1847425867213394,0.1847425867213394,,,137,137,1.0,56170.0,56170.0,0.001,METAL|C,,,,,False,0,,,,,,,False,0.45,0.00075,0.3432314659936172,,False,2967420.0,19371042.8,0.39581056188094754,20135037.799999993,21660.0,929,False,monthly,0,,,,,,,,,,,,,,,,,,
2024-12-09,SI,GFEX,GFEX.si2502-C-13400,C,2025-01-08,30,-0.051995163240628806,0.0653420941084358,1215.0,486.0,27.0,13400.0,11760.0,C,l4_diff02_delta04_l3eff015,0.2237746903935362,0.3047234271170053,0.3047234271170053,0.2237746903935362,0.0809487367234691,627,627,1.0,84645.0,84645.0,0.0015,METAL|C,,,,,False,0,,,,,,,False,0.45,0.00075,0.3711017309025472,,False,1928025.0,20945637.8,0.4052612738849712,18563599.799999993,3075.0,6036,False,monthly,0,,,,,,,,,,,,,,,,,,
2024-12-12,SR,CZCE,CZCE.SR503P5500,P,2025-02-12,62,0.03610169491525417,-0.03592480165163503,2027.0,1453.0,5.5,5500.0,6113.0,P,l4_diff02_delta04_l3eff015,0.1629741719915985,0.1464076035864934,0.1629741719915985,0.1464076035864934,0.0165665684051051,1544,1544,1.0,84920.0,84920.0,0.0015,SOFT|P,,,,,False,0,,,,,,,False,0.45,0.00075,0.36559938493409677,,False,4804156.000000001,20708421.3,0.4504149511852745,18941248.549999993,3111.5000000000005,6087,False,monthly,0,,,,,,,,,,,,,,,,,,
2024-12-17,PF,CZCE,CZCE.PF502P6500,P,2025-01-13,27,0.010101010101010166,-0.0309512945180189,1233.0,1627.0,3.5,6500.0,7000.0,P,l4_diff02_delta04_l3eff015,0.1505077352521674,,0.1505077352521674,,,2429,2429,1.0,42507.5,42507.5,0.00075,CHEM|P,,,,,False,0,,,,,,,False,0.45,0.00075,0.3984273058554301,,False,5507757.5,22587950.8,0.49557826042675135,17096993.799999993,2267.5,7540,False,monthly,0,,,,,,,,,,,,,,,,,,
2024-12-24,RM,CZCE,CZCE.RM503P1950,P,2025-02-12,50,,-0.04467621071946515,3088.0,2661.0,5.0,1950.0,2337.0,P,iv_extreme_high_iv_pressure,0.30031949442260203,0.25549396032508676,0.30031949442260203,0.25549396032508676,0.044825534097515274,227,227,1.0,11350.0,11350.0,0.0002,AGRI|P,,,,,False,0,,,,,,,False,0.45,0.00075,0.49500921108840956,,False,276599.5,28095708.3,0.49988252835168884,11634857.049999993,1218.5,9548,False,iv_extreme_overlay,0,,,,,0.28699979754970056,0.8294717330861909,1079.0,12.0,t4_p95_pullback_3d,2024-12-18,0.14921740748148396,0.14957369728610673,0.4223686874058118,0.4327555091741104,0.03710575139146568,0.03806870937790158,0.974907063197026,0.9786046511627907
2024-12-26,AG,SHFE,SHFE.ag2502C8600,C,2025-01-21,26,-0.023855328972681833,0.03407669032672271,2204.0,1375.0,6.5,8600.0,7611.0,C,l4_diff02_delta04_l3eff015,0.2748958347228182,0.2792453763516839,0.2792453763516839,0.2748958347228182,0.0043495416288656,436,436,1.0,42510.0,42510.0,0.00075,METAL|C,,,,,False,0,,,,,,,False,0.45,0.00075,0.22037746099595767,,False,4772630.399999999,12516538.0,0.3044086978942215,27240597.599999994,10946.4,2488,False,monthly,0,,,,,,,,,,,,,,,,,,
2024-12-26,CU,SHFE,SHFE.cu2502P71000,P,2025-01-21,26,-0.005872931126534975,-0.0750613672361999,1016.0,1395.0,88.0,71000.0,74480.0,P,l4_diff02_delta04_l3eff015,0.1753290759514166,0.1283298959782657,0.1753290759514166,0.1283298959782657,0.0469991799731508,193,193,1.0,84920.0,84920.0,0.0015,METAL|P,,,,,False,0,,,,,,,False,0.45,0.00075,0.3044086978942215,,False,5593140.0,17289168.4,0.4028865671097291,22467967.199999996,28980.0,775,False,monthly,0,,,,,,,,,,,,,,,,,,
2024-12-26,ZN,SHFE,SHFE.zn2502C28000,C,2025-01-21,26,0.00832342449464929,0.03091198077069795,1321.0,1405.0,15.0,28000.0,25440.0,C,l4_diff02_delta04_l3eff015,0.1756480848243118,0.1946507798126787,0.1946507798126787,0.1756480848243118,0.0190026949883669,567,567,1.0,42525.0,42525.0,0.00075,METAL|C,,,,,False,0,,,,,,,False,0.45,0.00075,0.4028865671097291,,False,3648645.0,22882308.4,0.46712790294681084,16874827.199999996,6435.0,2622,False,monthly,0,,,,,,,,,,,,,,,,,,
2025-01-08,C,DCE,DCE.c2503-P-2020,P,2025-02-20,43,,-0.04483035313188566,1887.0,223.0,2.5,2020.0,2226.0,P,iv_extreme_high_iv_pressure,0.19564985347956476,0.11074261035372861,0.19564985347956476,0.11074261035372861,0.08490724312583615,455,455,1.0,11375.0,11375.0,0.0002,AGRI|P,,,,,False,0,,,,,,,False,0.45,0.00075,0.4322284625440569,,False,555555.0000000001,24602928.4,0.44198854799423704,15241855.949999996,1221.0000000000002,12483,False,iv_extreme_overlay,0,,,,,0.18314192934719284,0.9806629834254144,1086.0,11.0,t4_p95_pullback_3d,2025-01-02,0.19347755524097743,0.19644436522529338,0.20210042984030158,0.2516021176612716,0.9889400921658986,0.9916974169741697,0.9944598337950139,1.0
2025-01-09,SI,GFEX,GFEX.si2503-C-11800,C,2025-02-11,33,-0.10818837505303347,0.0703931394016607,1420.0,449.0,24.0,11800.0,10510.0,C,l4_diff02_delta04_l3eff015,,0.2625893015325193,0.2625893015325193,,,712,712,1.0,85440.0,85440.0,0.0015,METAL|C,,,,,False,0,,,,,,,False,0.45,0.00075,0.44155751039607244,,False,1956220.0,25158483.4,0.4758912029026328,14725196.449999996,2747.5,5359,False,monthly,0,,,,,,,,,,,,,,,,,,
2025-01-22,AL,SHFE,SHFE.al2503P19100,P,2025-02-24,33,0.022997220116249606,-0.0625222657451677,1002.0,362.0,22.0,19100.0,20240.0,P,l4_diff02_delta04_l3eff015,0.1378156540181296,,0.1378156540181296,,,518,518,1.0,56980.0,56980.0,0.001,METAL|P,,,,,False,0,,,,,,,False,0.45,0.00075,0.13313385867032768,,False,3822840.0,7592530.500000001,0.2001667721738395,32327978.099999994,7380.0,4380,False,monthly,0,,,,,,,,,,,,,,,,,,
2025-02-12,SI,GFEX,GFEX.si2504-C-12000,C,2025-03-07,23,0.022211720226843035,0.069607437512098,3994.0,2942.0,22.0,12000.0,10815.0,C,l4_diff02_delta04_l3eff015,,0.270495691540841,0.270495691540841,,,780,780,1.0,85800.0,85800.0,0.0015,METAL|C,,,,,False,0,,,,,,,False,0.45,0.00075,0.07650443592215864,,False,2194725.0,4378395.0,0.11485323682506018,35683027.099999994,2813.75,12681,False,monthly,0,,,,,,,,,,,,,,,,,,
2025-02-13,CF,CZCE,CZCE.CF505C15200,C,2025-04-11,57,0.02235469448584193,0.0678289919488905,8696.0,1338.0,26.0,15200.0,13720.0,C,l4_diff02_delta04_l3eff015,0.1534067200890227,0.1950135672907158,0.1950135672907158,0.1534067200890227,0.0416068472016931,660,660,1.0,85800.0,85800.0,0.0015,SOFT|C,,,,,False,0,,,,,,,False,0.45,0.00075,0.11478027400186247,,False,2349600.0,6573120.0,0.15580915097273415,33513768.099999994,3560.0,9413,False,monthly,0,,,,,,,,,,,,,,,,,,
2025-02-13,SR,CZCE,CZCE.SR505P5500,P,2025-04-11,57,0.012896657050738058,-0.0610454785157188,14490.0,4215.0,9.0,5500.0,5969.0,P,l4_diff02_delta04_l3eff015,0.1673051562575109,0.1351168827063636,0.1673051562575109,0.1351168827063636,0.0321882735511473,954,954,1.0,85860.0,85860.0,0.0015,SOFT|P,,,,,False,0,,,,,,,False,0.45,0.00075,0.15580915097273415,,False,3543156.0,8922720.0,0.21767998499239954,31164168.099999994,3714.0,8390,False,monthly,0,,,,,,,,,,,,,,,,,,
2025-02-14,MA,CZCE,CZCE.MA504C2750,C,2025-03-12,26,-0.022788721514098054,0.0734728954217516,1354.0,569.0,4.5,2750.0,2530.0,C,l4_diff02_delta04_l3eff015,,0.2077464580808769,0.2077464580808769,,,1272,1272,1.0,57240.0,57240.0,0.001,CHEM|C,,,,,False,0,,,,,,,False,0.45,0.00075,0.21765543237901727,,False,1876200.0,12465876.0,0.25041407061908255,27625534.099999994,1475.0,18729,False,monthly,0,,,,,,,,,,,,,,,,,,
2025-02-14,SH,CZCE,CZCE.SH504C3520,C,2025-03-12,26,,0.03514818263566857,1819.0,1848.0,4.0,3520.0,2904.0,C,iv_extreme_high_iv_pressure,0.31329963065400507,0.42571185920109444,0.42571185920109444,0.31329963065400507,0.11241222854708938,95,95,1.0,11400.0,11400.0,0.0002,CHEM|C,,,,,False,0,,,,,,,False,0.45,0.00075,0.25041407061908255,,False,425220.00000000006,14342076.0,0.2578384540283356,25749334.099999994,4476.000000000001,5752,False,iv_extreme_overlay,0,,,,,0.2833268627605662,0.8249027237354085,257.0,32.0,t4_p95_pullback_3d,2025-02-10,0.3039146568320134,0.30767485187642285,0.32185317634360044,0.34149899124214755,0.87109375,0.8784313725490196,0.8976377952755905,0.9565217391304348
2025-02-18,PK,CZCE,CZCE.PK504C8800,C,2025-03-12,22,0.028356336260978665,0.0496356329384352,1028.0,2059.0,7.0,8800.0,8196.0,C,l4_diff02_delta04_l3eff015,,0.1705568921325392,0.1705568921325392,,,1637,1637,1.0,57295.0,57295.0,0.001,AGRI|C,,,,,False,0,,,,,,,False,0.45,0.00075,0.25769982552603904,,False,4293851.0,14767296.0,0.3326305815381626,25345681.099999994,2623.0,9662,False,monthly,0,,,,,,,,,,,,,,,,,,
2025-02-21,A,DCE,DCE.a2505-C-5100,C,2025-04-17,55,0.02537050992213019,0.0145397890257564,1975.0,140.0,2.0,5100.0,4082.0,C,l4_diff02_delta04_l3eff015,0.1238284183951402,0.2535458043961678,0.2535458043961678,0.1238284183951402,0.1297173860010276,2871,2871,1.0,57420.0,57420.0,0.001,AGRI|C,,,,,False,0,,,,,,,False,0.45,0.00075,0.3221897799709196,,False,5917131.0,18505592.0,0.42520940425254794,21700259.349999994,2061.0,10528,False,monthly,0,,,,,,,,,,,,,,,,,,
2025-02-21,C,DCE,DCE.c2505-C-2560,C,2025-04-17,55,-0.00043859649122801603,0.036341929133865955,1185.0,104.0,2.0,2560.0,2279.0,C,l4_diff02_delta04_l3eff015,0.1374179634212064,0.1514946908871815,0.1514946908871815,0.1374179634212064,0.014076727465975,2871,2871,1.0,57420.0,57420.0,0.001,AGRI|C,,,,,False,0,,,,,,,False,0.45,0.00075,0.42520940425254794,,False,3328924.5,24422723.0,0.48316731514752514,15783128.349999994,1159.5,13612,False,monthly,0,,,,,,,,,,,,,,,,,,
2025-02-25,AG,SHFE,SHFE.ag2504P7200,P,2025-03-25,28,0.020289480485913725,-0.0772038955762932,5193.0,3776.0,19.0,7200.0,7895.0,P,l4_diff02_delta04_l3eff015,0.298868075848016,0.269571482588733,0.298868075848016,0.269571482588733,0.029296593259283,302,302,1.0,86070.0,86070.0,0.0015,METAL|P,,,,,False,0,,,,,,,False,0.45,0.00075,0.4161167329424568,,False,4234191.0,23928807.5,0.48974838907803125,16324717.349999994,14020.5,1164,False,monthly,0,,,,,,,,,,,,,,,,,,
2025-02-25,CU,SHFE,SHFE.cu2504C84000,C,2025-03-25,28,0.01906022501654525,0.03239974570759747,1192.0,1364.0,44.0,84000.0,76990.0,C,l4_diff02_delta04_l3eff015,0.1471758741963139,0.1653268264856813,0.1653268264856813,0.1471758741963139,0.0181509522893674,196,196,1.0,43120.0,43120.0,0.00075,METAL|C,,,,,False,0,,,,,,,False,0.45,0.00075,0.48974838907803125,43128.776625,False,4153240.0,28162998.5,0.5619723250149111,12090526.349999994,21190.0,570,False,monthly,0,,,,,,,,,,,,,,,,,,
2025-02-25,NI,SHFE,SHFE.ni2504C150000,C,2025-03-25,28,0.0008889607240989417,0.0102711308486379,1464.0,594.0,34.0,150000.0,123850.0,C,l4_diff02_delta04_l3eff015,,0.2911396149848912,0.2911396149848912,,,1268,1268,1.0,43112.0,43112.0,0.001,METAL|C,,,,,False,0,,,,,,,False,0.45,0.00075,0.5619723250149111,43128.776625,True,7895202.0,32316238.5,0.6992681623507562,7937286.349999994,6226.5,1274,False,monthly,0,,,,,,,,,,,,,,,,,,
2025-02-25,ZN,SHFE,SHFE.zn2504C25000,C,2025-03-25,28,-0.0014839940640237748,0.0700639902618,2638.0,3832.0,28.0,25000.0,23550.0,C,l4_diff02_delta04_l3eff015,,0.1480003286185463,0.1480003286185463,,,5,308,0.016233766233766232,700.0,43120.0,0.00075,METAL|C,,,,,False,0,,,,,,,False,0.45,0.00075,0.6992681623507562,43128.776625,False,41450.0,40211440.5,0.699988968792133,42084.34999999404,8290.0,5,True,monthly,0,,,,,,,,,,,,,,,,,,
2025-03-10,SI,GFEX,GFEX.si2505-C-11200,C,2025-04-08,29,-0.07692307692307687,0.0658941165471433,3915.0,693.0,20.0,11200.0,10020.0,C,l4_diff02_delta04_l3eff015,,0.3211028642589834,0.3211028642589834,,,431,431,1.0,43100.0,43100.0,0.0015,METAL|C,,,,,False,0,,,,,,,False,0.45,0.00075,0.65967040823497,43135.020375,True,1122755.0,37939862.0,0.6791920461681247,2319490.349999994,2605.0,890,False,monthly,0,,,,,,,,,,,,,,,,,,
2025-03-13,PF,CZCE,CZCE.PF505C7000,C,2025-04-11,29,-0.054030874785591765,0.0768285217997583,2314.0,933.0,8.5,7000.0,6618.0,C,l4_diff02_delta04_l3eff015,,0.1747802430631406,0.1747802430631406,,,1014,1014,1.0,43095.0,43095.0,0.00075,CHEM|C,,,,,False,0,,,,,,,False,0.45,0.00075,0.5646122803383916,,False,2430051.0000000005,32467346.0,0.606871251442731,7785307.0,2396.5000000000005,3248,False,monthly,0,,,,,,,,,,,,,,,,,,
2025-03-13,PK,CZCE,CZCE.PK505C8800,C,2025-04-11,29,0.03273363318340827,0.0566798506149284,1428.0,654.0,7.5,8800.0,8266.0,C,l4_diff02_delta04_l3eff015,0.1186999389516394,0.1547048929642726,0.1547048929642726,0.1186999389516394,0.0360049540126331,1150,1150,1.0,43125.0,43125.0,0.001,AGRI|C,,,,,False,0,,,,,,,False,0.45,0.00075,0.606871251442731,43127.8425,True,3260825.0,34897397.0,0.6635775137603973,5355256.0,2835.5,1888,False,monthly,0,,,,,,,,,,,,,,,,,,
2025-03-26,AG,SHFE,SHFE.ag2505C9200,C,2025-04-24,29,0.04942152917505038,0.0795806403196104,2642.0,1328.0,19.5,9200.0,8345.0,C,l4_diff02_delta04_l3eff015,0.23354064545513,0.2550264081941324,0.2550264081941324,0.23354064545513,0.0214857627390024,297,297,1.0,86872.5,86872.5,0.0015,METAL|C,,,,,False,0,,,,,,,False,0.45,0.00075,0.37894315313049637,,False,4130676.0,21952442.5,0.4502468993081924,18599048.199999996,13908.0,1337,False,monthly,0,,,,,,,,,,,,,,,,,,
2025-03-26,AL,SHFE,SHFE.al2505C22000,C,2025-04-24,29,-0.0016895969104513409,0.0710823280605193,1309.0,683.0,26.0,22000.0,20680.0,C,l4_diff02_delta04_l3eff015,,0.143732005582139,0.143732005582139,,,334,334,1.0,43420.0,43420.0,0.001,METAL|C,,,,,False,0,,,,,,,False,0.45,0.00075,0.4502468993081924,43448.02575,True,2394780.0,26083118.5,0.4915856015621147,14468372.199999996,7170.0,2017,False,monthly,0,,,,,,,,,,,,,,,,,,
2025-03-26,ZN,SHFE,SHFE.zn2505C26000,C,2025-04-24,29,0.015989901115085248,0.0640425843612435,2530.0,1951.0,31.0,26000.0,24145.0,C,l4_diff02_delta04_l3eff015,0.1641193953463331,0.2041189195694604,0.2041189195694604,0.1641193953463331,0.0399995242231272,280,280,1.0,43400.0,43400.0,0.001,METAL|C,,,,,False,0,,,,,,,False,0.45,0.00075,0.4915856015621147,43448.02575,True,2125200.0,28477898.5,0.5282708127422798,12073592.199999996,7590.0,1590,False,monthly,0,,,,,,,,,,,,,,,,,,
2025-04-01,AU,SHFE,SHFE.au2505C840,C,2025-04-24,23,0.08030530751775555,0.0356407403772307,1394.0,1613.0,0.74,840.0,733.16,C,l4_diff02_delta04_l3eff015,,0.2985817748711444,0.2985817748711444,,,58,58,1.0,42920.0,42920.0,0.001,METAL|C,,,,,False,0,,,,,,,False,0.45,0.00075,0.5273002161617228,43528.000125,True,3748284.799999999,30603098.5,0.591884244647456,10023034.949999996,64625.59999999998,155,False,monthly,0,,,,,,,,,,,,,,,,,,
2025-04-09,SI,GFEX,GFEX.si2506-C-10600,C,2025-05-12,33,-0.047571357035553374,0.0761970657331957,3002.0,1126.0,23.0,10600.0,9510.0,C,l4_diff02_delta04_l3eff015,,0.2747943157133176,0.2747943157133176,,,378,378,1.0,43470.0,43470.0,0.0015,METAL|C,,,,,False,0,,,,,,,False,0.45,0.00075,0.5719243303753401,43574.770125,True,942165.0,33228628.299999997,0.5881406809831105,7441157.1499999985,2492.5,2985,False,monthly,0,,,,,,,,,,,,,,,,,,
2025-04-11,HO,CFFEX,CFFEX.HO2504-C-2800,C,2025-04-18,7,,0.0374161610776443,3485.0,892.0,1.6,2800.0,2595.6,C,iv_extreme_high_iv_pressure,,0.3838913740401379,0.3838913740401379,,,72,72,1.0,11520.0,11520.0,0.0002,CFFEX_INDEX|C,,,,,False,0,,,,,,,False,0.45,0.00075,0.3893036270146624,,False,1132819.2,22587161.299999997,0.4088284631573896,18026415.9,15733.599999999999,1145,False,iv_extreme_overlay,0,,,,,0.1919563883902565,0.7974910394265233,558.0,34.0,t4_p95_pullback_3d,2025-04-07,0.1952568859551081,0.22416042587436807,0.22676151640993916,0.3627438778364622,0.822262118491921,0.9172661870503597,0.918918918918919,0.9909747292418772
2025-04-11,IO,CFFEX,CFFEX.IO2504-C-4000,C,2025-04-18,7,,0.04534402875781741,7571.0,1832.0,3.2,4000.0,3686.6,C,iv_extreme_high_iv_pressure,0.4035948665993855,0.43942837359958137,0.43942837359958137,0.4035948665993855,0.035833507000195886,36,36,1.0,11520.0,11520.0,0.0002,CFFEX_INDEX|C,,,,,False,0,,,,,,,False,0.45,0.00075,0.4088284631573896,,False,807825.6,23719980.499999996,0.42275183457614757,16893596.7,22439.6,752,False,iv_extreme_overlay,0,,,,,0.19919870999257752,0.6512027491408935,1164.0,39.0,t4_p95_pullback_3d,2025-04-07,0.21106542758460575,0.23344383326403054,0.24965170103048992,0.34811049791087334,0.7343078245915735,0.8683304647160068,0.9130060292850991,0.9956896551724138
2025-04-11,MO,CFFEX,CFFEX.MO2504-C-6400,C,2025-04-18,7,,0.03495200049714253,5962.0,3822.0,5.0,6400.0,5672.2,C,iv_extreme_high_iv_pressure,0.4848520847684669,0.5645928828125591,0.5645928828125591,0.4848520847684669,0.07974079804409223,23,23,1.0,11500.0,11500.0,0.0002,CFFEX_INDEX|C,,,,,False,0,,,,,,,False,0.45,0.00075,0.42275183457614757,,False,794263.6,24527806.099999998,0.43644145657772787,16085771.099999998,34533.2,465,False,iv_extreme_overlay,0,,,,,0.2746202050967943,0.8191489361702128,658.0,34.0,t4_p95_pullback_3d,2025-04-07,0.2812159333454762,0.32322999193395874,0.33660367392814655,0.4831511342966388,0.8401826484018264,0.9222560975609756,0.9404580152671755,0.9938837920489296
2025-04-14,SR,CZCE,CZCE.SR507MSC6300,C,2025-05-13,29,-0.018290655138011314,0.063037600761715,1017.0,778.0,6.5,6300.0,5904.0,C,l4_diff02_delta04_l3eff015,,0.156935560268258,0.156935560268258,,,895,895,1.0,58175.0,58175.0,0.001,SOFT|C,,,,,False,0,,,,,,,False,0.45,0.00075,0.4350459508074717,,False,3570155.0,25322069.7,0.4963830174416832,15421784.499999996,3989.0,3866,False,monthly,0,,,,,,,,,,,,,,,,,,
2025-04-15,BR,SHFE,SHFE.br2505C12600,C,2025-04-24,9,,0.041612534360720016,2099.0,2843.0,11.0,12600.0,11360.0,C,iv_extreme_high_iv_pressure,0.4519846887634975,0.5204492084135889,0.5204492084135889,0.4519846887634975,0.06846451965009137,211,211,1.0,11605.0,11605.0,0.0002,CHEM|C,,,,,False,0,,,,,,,False,0.45,0.00075,0.49597102550601974,,False,1035377.0,28892224.7,0.5137445613900649,11885474.499999996,4907.0,2422,False,iv_extreme_overlay,0,,,,,0.28193599334409847,0.9272237196765498,371.0,23.0,t4_p95_pullback_3d,2025-04-09,0.28901279566817484,0.3262294203953489,0.35300791508891544,0.4310866388860737,0.9324324324324325,0.9701897018970189,0.9809782608695652,1.0
2025-04-18,A,DCE,DCE.a2507-P-3550,P,2025-06-18,61,0.06380780160165322,-0.026933621875295577,1706.0,221.0,3.5,3550.0,4118.0,P,l4_diff02_delta04_l3eff015,0.1966580747580784,0.190485841750598,0.1966580747580784,0.190485841750598,0.0061722330074803,1664,1664,1.0,58240.0,58240.0,0.001,AGRI|P,,,,,False,0,,,,,,,False,0.45,0.00075,0.30804676634610323,,False,3484416.0,17946637.799999997,0.36785535519524265,22834983.15,2094.0,10904,False,monthly,0,,,,,,,,,,,,,,,,,,
2025-04-18,C,DCE,DCE.c2507-C-2600,C,2025-06-18,61,-0.0008760402978537085,0.03342877136855581,5449.0,678.0,2.0,2600.0,2281.0,C,l4_diff02_delta04_l3eff015,0.1341719137753563,0.1439357889664247,0.1439357889664247,0.1341719137753563,0.0097638751910683,2184,2184,1.0,43680.0,43680.0,0.00075,AGRI|C,,,,,False,0,,,,,,,False,0.45,0.00075,0.36785535519524265,,False,2534532.0,21431053.799999997,0.41135957005161655,19350567.15,1160.5,16674,False,monthly,0,,,,,,,,,,,,,,,,,,
2025-04-25,AG,SHFE,SHFE.ag2506P6900,P,2025-05-26,31,-0.0233194527067222,-0.0684703147179758,2742.0,1866.0,32.0,6900.0,8209.0,P,l4_diff02_delta04_l3eff015,0.4625057970885302,0.3466946265503124,0.4625057970885302,0.3466946265503124,0.1158111705382177,182,182,1.0,87360.0,87360.0,0.0015,METAL|P,,,,,False,0,,,,,,,False,0.45,0.00075,0.1804160199147081,,False,1886266.2,10531268.0,0.2127305180647543,30329225.449999996,10364.1,2926,False,monthly,0,,,,,,,,,,,,,,,,,,
2025-04-25,AL,SHFE,SHFE.al2506P18500,P,2025-05-26,31,-0.024461839530332652,-0.0760815375995532,1423.0,376.0,38.0,18500.0,19940.0,P,l4_diff02_delta04_l3eff015,0.1950292318474868,,0.1950292318474868,,,460,460,1.0,87400.0,87400.0,0.0015,METAL|P,,,,,False,0,,,,,,,False,0.45,0.00075,0.2127305180647543,,False,3017600.0,12417534.2,0.2644264184724377,28442959.249999996,6560.0,4335,False,monthly,0,,,,,,,,,,,,,,,,,,
2025-04-25,AU,SHFE,SHFE.au2506C960,C,2025-05-26,31,0.07029025191675808,0.0700058233486106,8140.0,20306.0,3.04,960.0,781.74,C,l4_diff02_delta04_l3eff015,0.3802442720419473,0.4533693806516648,0.4533693806516648,0.3802442720419473,0.0731251086097175,28,28,1.0,85120.0,85120.0,0.0015,METAL|C,,,,,False,0,,,,,,,False,0.45,0.00075,0.2644264184724377,,False,1836217.5999999999,15435134.2,0.2958835109222109,25425359.249999996,65579.2,387,False,monthly,0,,,,,,,,,,,,,,,,,,
2025-04-25,CU,SHFE,SHFE.cu2506P69000,P,2025-05-26,31,-0.027122049221496747,-0.0765298257450672,1006.0,825.0,234.0,69000.0,77480.0,P,l4_diff02_delta04_l3eff015,0.3386944445682007,0.2611751549012548,0.3386944445682007,0.2611751549012548,0.0775192896669459,74,74,1.0,86580.0,86580.0,0.0015,METAL|P,,,,,False,0,,,,,,,False,0.45,0.00075,0.2958835109222109,,False,1519960.0,17271351.8,0.3219226482444744,23589141.649999995,20540.0,1148,False,monthly,0,,,,,,,,,,,,,,,,,,
2025-04-25,ZN,SHFE,SHFE.zn2506P19800,P,2025-05-26,31,-0.03894445626729093,-0.0417269287788817,1846.0,720.0,31.0,19800.0,22580.0,P,l4_diff02_delta04_l3eff015,0.2699423491595388,,0.2699423491595388,,,376,376,1.0,58280.0,58280.0,0.001,METAL|P,,,,,False,0,,,,,,,False,0.45,0.00075,0.3219226482444744,,False,2180800.0,18791311.8,0.3592829410629646,22069181.649999995,5800.0,3805,False,monthly,0,,,,,,,,,,,,,,,,,,
2025-05-06,M,DCE,DCE.m2507-P-2500,P,2025-06-18,43,,-0.04868750469089855,4644.0,3844.0,6.0,2500.0,2919.0,P,iv_extreme_high_iv_pressure,0.30006235323472885,,0.30006235323472885,,,195,195,1.0,11700.0,11700.0,0.0002,AGRI|P,,,,,False,0,,,,,,,False,0.45,0.00075,0.35799269350230256,,False,296302.50000000006,20972111.8,0.36305055944723164,20035647.649999995,1519.5000000000002,13185,False,iv_extreme_overlay,0,,,,,0.3713797520537281,0.9783362218370883,1154.0,10.0,t4_p95_pullback_3d,2025-04-25,0.19005214733961323,0.346867543521587,0.34704735021097755,0.3596836004784806,0.48308759757155245,0.9670138888888888,0.9678540399652477,0.9747826086956521
2025-05-09,EB,DCE,DCE.eb2506-P-6400,P,2025-05-21,12,,-0.04885411300003695,2931.0,1426.0,7.5,6400.0,6961.0,P,iv_extreme_high_iv_pressure,0.3151195244271752,0.2664292498939438,0.3151195244271752,0.2664292498939438,0.04869027453323144,313,313,1.0,11737.5,11737.5,0.0002,CHEM|P,,,,,False,0,,,,,,,False,0.45,0.00075,0.36237560353262305,,False,1751548.0,21268414.3,0.3922188374786704,19815725.649999995,5596.0,3541,False,iv_extreme_overlay,0,,,,,0.20978845724154876,0.55625,480.0,29.0,t4_p95_pullback_3d,2025-04-30,0.2169415998733108,0.22301310023990192,0.22453932410703564,0.2873566274741142,0.6221294363256785,0.6652719665271967,0.6792452830188679,0.957983193277311
2025-05-09,AU,SHFE,SHFE.au2506P704,P,2025-05-26,17,,-0.046406913576879205,12296.0,22053.0,1.12,704.0,791.6,P,iv_extreme_high_iv_pressure,0.40482108918858334,0.3061547640848626,0.40482108918858334,0.3061547640848626,0.09866632510372075,10,10,1.0,11200.0,11200.0,0.0002,METAL|P,,,,,False,0,,,,,,,False,0.45,0.00075,0.3922188374786704,,False,839760.0,23019962.3,0.40652684053569926,18064177.649999995,83976.0,215,False,iv_extreme_overlay,0,,,,,0.24549360631960235,0.9842406876790831,1396.0,40.0,t4_p95_pullback_3d,2025-04-30,0.24856948214290758,0.24911220190621808,0.25427847360213807,0.2922836884301008,0.985663082437276,0.9863701578192252,0.9885139985642498,0.9956896551724138
2025-05-09,BR,SHFE,SHFE.br2506C13000,C,2025-05-26,17,,0.03721498946725129,3331.0,4548.0,13.0,13000.0,11220.0,C,iv_extreme_high_iv_pressure,0.3285946650965293,0.3716928380978188,0.3716928380978188,0.3285946650965293,0.043098173001289486,180,180,1.0,11700.0,11700.0,0.0002,CHEM|C,,,,,False,0,,,,,,,False,0.45,0.00075,0.40652684053569926,,False,718560.0000000001,23859722.3,0.41876981314294254,17224417.649999995,3992.0000000000005,4314,False,iv_extreme_overlay,0,,,,,0.25592529544052245,0.7953367875647669,386.0,18.0,t4_p95_pullback_3d,2025-04-30,0.2636101743199334,0.2686307491824508,0.286436294684719,0.3377375566464486,0.8181818181818182,0.8515625,0.9190600522193212,0.9712041884816754
2025-05-13,SI,GFEX,GFEX.si2507-C-9300,C,2025-06-09,27,-0.13867085295656723,0.0707464359048533,1634.0,713.0,20.0,9300.0,8230.0,C,l4_diff02_delta04_l3eff015,0.2433744426025961,0.3020423712877594,0.3020423712877594,0.2433744426025961,0.0586679286851632,881,881,1.0,88100.0,88100.0,0.0015,METAL|C,,,,,False,0,,,,,,,False,0.45,0.00075,0.3413217817142746,,False,1900757.5,20065962.299999997,0.3736536443385141,21086329.65,2157.5,9773,False,monthly,0,,,,,,,,,,,,,,,,,,
2025-05-14,SR,CZCE,CZCE.SR507C6300,C,2025-06-11,28,-0.004227972264502,0.0581719980505499,3994.0,1437.0,6.0,6300.0,5888.0,C,l4_diff02_delta04_l3eff015,0.1426040880881198,0.1751529410807616,0.1751529410807616,0.1426040880881198,0.0325488529926418,1467,1467,1.0,88020.0,88020.0,0.0015,SOFT|C,,,,,False,0,,,,,,,False,0.45,0.00075,0.37423043636546105,,False,5703696.000000001,21966719.799999997,0.4714000029830466,19122145.15,3888.000000000001,4918,False,monthly,0,,,,,,,,,,,,,,,,,,
2025-05-16,SH,CZCE,CZCE.SH507C3080,C,2025-06-11,26,,0.03609410453598212,2000.0,2738.0,3.5,3080.0,2564.0,C,iv_extreme_high_iv_pressure,0.3329113408760548,0.3690378959415973,0.3690378959415973,0.3329113408760548,0.03612655506554252,112,112,1.0,11760.0,11760.0,0.0002,CHEM|C,,,,,False,0,,,,,,,False,0.45,0.00075,0.46977363693904134,44176.195125,False,442512.00000000006,27670415.799999997,0.47728637086872694,13560699.649999999,3951.0000000000005,3432,False,iv_extreme_overlay,0,,,,,0.24646113552807827,0.5723270440251572,318.0,39.0,t4_p95_pullback_3d,2025-05-12,0.23932210349290395,0.2674611549803972,0.2768587299856661,0.35513016285988214,0.5047318611987381,0.7278481012658228,0.8031746031746032,0.9808917197452229
2025-05-27,AG,SHFE,SHFE.ag2507P7500,P,2025-06-24,28,-0.004002911208151327,-0.0798871469857698,2857.0,5284.0,20.5,7500.0,8211.0,P,l4_diff02_delta04_l3eff015,0.3157880322066763,0.2585562685903489,0.3157880322066763,0.2585562685903489,0.0572317636163273,288,288,1.0,88560.0,88560.0,0.0015,METAL|P,,,,,False,0,,,,,,,False,0.45,0.00075,0.24301335685348696,,False,4228243.2,14362216.0,0.314556604331796,27008148.699999996,14681.4,1839,False,monthly,0,,,,,,,,,,,,,,,,,,
2025-05-27,CU,SHFE,SHFE.cu2507P71000,P,2025-06-24,28,0.0034713293905888065,-0.0522380968378102,1296.0,920.0,106.0,71000.0,78050.0,P,l4_diff02_delta04_l3eff015,0.2477156258215252,0.1863419475398496,0.2477156258215252,0.1863419475398496,0.0613736782816756,167,167,1.0,88510.0,88510.0,0.0015,METAL|P,,,,,False,0,,,,,,,False,0.45,0.00075,0.314556604331796,,False,3662310.0,18590459.2,0.3765240783579556,22779905.499999996,21930.0,1038,False,monthly,0,,,,,,,,,,,,,,,,,,
2025-05-28,NI,SHFE,SHFE.ni2507P100000,P,2025-06-24,27,-0.03499838344649209,-0.0271628326485178,1775.0,5228.0,122.0,100000.0,119390.0,P,l4_diff02_delta04_l3eff015,0.3501263946015908,,0.3501263946015908,,,726,726,1.0,88572.0,88572.0,0.0015,METAL|P,,,,,False,0,,,,,,,False,0.45,0.00075,0.37666741466045134,,False,4422429.0,22252769.2,0.451524835010158,19101852.499999996,6091.5,3135,False,monthly,0,,,,,,,,,,,,,,,,,,
2025-05-29,AU,SHFE,SHFE.au2507C960,C,2025-06-24,26,,0.014236561986946124,1535.0,997.0,0.36,960.0,774.02,C,iv_extreme_high_iv_pressure,,0.35804564668674044,0.35804564668674044,,,32,32,1.0,11520.0,11520.0,0.0002,METAL|C,,,,,False,0,,,,,,,False,0.45,0.00075,0.4512782202010221,44332.737,False,1993011.2,26675198.2,0.4849950286173398,14702022.999999996,62281.6,236,False,iv_extreme_overlay,0,,,,,0.1939857082469308,0.8818117480537863,1413.0,39.0,t4_p95_pullback_3d,2025-05-24,0.1972193096553114,0.20498641311631743,0.2096796241335257,0.2312750372402062,0.8994334277620396,0.9319631467044649,0.9425531914893617,0.9701916252661462
2025-06-10,SI,GFEX,GFEX.si2508-P-6600,P,2025-07-07,27,-0.10877403846153844,-0.0733753028660308,2420.0,1763.0,21.0,6600.0,7415.0,P,l4_diff02_delta04_l3eff015,0.3342765207246147,0.2992025178348831,0.3342765207246147,0.2992025178348831,0.0350740028897315,423,423,1.0,44415.0,44415.0,0.0015,METAL|P,,,,,False,0,,,,,,,False,0.45,0.00075,0.45099651665114815,44513.844750000004,True,828551.25,26767451.9,0.46495652035314244,14778803.199999996,1958.75,7545,False,monthly,0,,,,,,,,,,,,,,,,,,
2025-06-12,PF,CZCE,CZCE.PF508P5600,P,2025-07-11,29,-0.03822998193859117,-0.0237524733904446,1140.0,275.0,4.0,5600.0,6390.0,P,l4_diff02_delta04_l3eff015,0.243298804352771,,0.243298804352771,,,2226,2226,1.0,44520.0,44520.0,0.00075,CHEM|P,,,,,False,0,,,,,,,False,0.45,0.00075,0.3612138313515415,,False,3600555.0,21449795.15,0.4218470568647441,20117983.549999997,1617.5,12437,False,monthly,0,,,,,,,,,,,,,,,,,,
2025-06-12,SR,CZCE,CZCE.SR509MSC6000,C,2025-07-11,29,-0.04330842391304346,0.03407582871169797,3138.0,590.0,2.5,6000.0,5633.0,C,l4_diff02_delta04_l3eff015,0.109653889124338,0.11858653129324,0.11858653129324,0.109653889124338,0.0089326421689019,2375,2375,1.0,59375.0,59375.0,0.001,SOFT|C,,,,,False,0,,,,,,,False,0.45,0.00075,0.4218470568647441,,False,9079625.000000002,25050350.15,0.5747476375253123,16517428.549999997,3823.000000000001,4320,False,monthly,0,,,,,,,,,,,,,,,,,,
2025-06-24,SC,INE,INE.sc2508C640,C,2025-07-15,21,,0.04269408382006768,2999.0,11717.0,1.1,640.0,506.0,C,iv_extreme_high_iv_pressure,0.47376620843794115,0.5581805743722557,0.5581805743722557,0.47376620843794115,0.0844143659343145,10,10,1.0,11000.0,11000.0,0.0002,CHEM|C,,,,,False,0,,,,,,,False,0.45,0.00075,0.22701745760160036,,False,567600.0000000001,13508731.250000002,0.23655611127306697,28144945.849999994,56760.00000000001,495,False,iv_extreme_overlay,0,,,,,0.3346022771174014,0.5643478260869565,1150.0,28.0,t4_p95_pullback_3d,2025-06-19,0.4972802560689904,0.5124457220229274,0.5192046975492859,0.5653677283380083,0.9434290687554395,0.955574912891986,0.959895379250218,0.974694589877836
2025-06-25,AG,SHFE,SHFE.ag2508C10400,C,2025-07-25,30,0.0612071063519104,0.03736590470953729,3191.0,605.0,12.0,10400.0,8721.0,C,l4_diff02_delta04_l3eff015,0.337187741871656,0.337255156035686,0.337255156035686,0.337187741871656,6.741416402999967e-05,247,247,1.0,44460.0,44460.0,0.00075,METAL|C,,,,,False,0,,,,,,,False,0.45,0.00075,0.23665088257891884,,False,2629364.4000000004,14076331.250000002,0.28085568245399917,27560664.849999994,10645.2,2589,False,monthly,0,,,,,,,,,,,,,,,,,,
2025-06-25,NI,SHFE,SHFE.ni2508P100000,P,2025-07-25,30,-0.01519405450041289,-0.0153205554092907,1185.0,578.0,56.0,100000.0,119260.0,P,l4_diff02_delta04_l3eff015,0.2925359948718196,,0.2925359948718196,,,796,796,1.0,44576.0,44576.0,0.00075,METAL|P,,,,,False,0,,,,,,,False,0.45,0.00075,0.28085568245399917,,False,4791124.0,16705695.650000002,0.36140392354096845,24931300.44999999,6019.0,4142,False,monthly,0,,,,,,,,,,,,,,,,,,
2025-06-25,PF,CZCE,CZCE.PF508P6200,P,2025-07-11,16,,-0.04973223533332638,1137.0,1811.0,5.5,6200.0,6606.0,P,iv_extreme_high_iv_pressure,0.21940968890401918,0.18569198531214895,0.21940968890401918,0.18569198531214895,0.033717703591870235,432,432,1.0,11880.0,11880.0,0.0002,CHEM|P,,,,,False,0,,,,,,,False,0.45,0.00075,0.36140392354096845,,False,1000296.0,21496819.650000002,0.37822087158204004,20140176.44999999,2315.5,8697,False,iv_extreme_overlay,0,,,,,0.16870889063659297,0.8004926108374384,406.0,27.0,t4_p95_pullback_3d,2025-06-19,0.1842592904074099,0.21484899808662206,0.2208077604135708,0.22830404443587554,0.8691358024691358,0.9554455445544554,0.9652605459057072,0.9800995024875622
2025-06-26,AL,SHFE,SHFE.al2508P19500,P,2025-07-25,29,0.03125781445361331,-0.063455856732111,2112.0,1357.0,22.0,19500.0,20620.0,P,l4_diff02_delta04_l3eff015,0.1351824116581291,,0.1351824116581291,,,540,540,1.0,59400.0,59400.0,0.001,METAL|P,,,,,False,0,,,,,,,False,0.45,0.00075,0.37819474891974364,,False,4114800.0,22497115.650000002,0.44736787213542845,19142756.399999995,7620.0,2512,False,monthly,0,,,,,,,,,,,,,,,,,,
2025-06-26,ZN,SHFE,SHFE.zn2508P20000,P,2025-07-25,29,0.003127094036184941,-0.021883800532979,1032.0,1037.0,11.0,20000.0,22455.0,P,l4_diff02_delta04_l3eff015,0.209583370926234,,0.209583370926234,,,811,811,1.0,44605.0,44605.0,0.00075,METAL|P,,,,,False,0,,,,,,,False,0.45,0.00075,0.44736787213542845,,False,4597356.25,26611915.650000002,0.5246531570454238,15027956.399999995,5668.75,2651,False,monthly,0,,,,,,,,,,,,,,,,,,
2025-06-26,PX,CZCE,CZCE.PX509C8400,C,2025-07-29,33,,0.009846058261348682,1329.0,476.0,2.0,8400.0,6744.0,C,iv_extreme_high_iv_pressure,,0.3045684221506634,0.3045684221506634,,,1189,1189,1.0,11890.0,11890.0,0.0002,CHEM|C,,,,,False,0,,,,,,,False,0.45,0.00075,0.5246531570454238,44614.148625,False,3018871.0,31209271.900000002,0.5754028254753007,10430600.149999995,2539.0,4108,False,iv_extreme_overlay,0,,,,,0.19584685713435201,0.6561604584527221,349.0,12.0,t4_p95_pullback_3d,2025-06-20,0.19794181643427844,0.2090934523780959,0.26349141126942066,0.26437586078871567,0.6724137931034483,0.723342939481268,0.9826589595375722,0.9855072463768116
2025-07-08,SI,GFEX,GFEX.si2509-C-9500,C,2025-08-07,30,0.10788941335131486,0.0794364358880839,1790.0,3090.0,28.0,9500.0,8215.0,C,l4_diff02_delta04_l3eff015,0.3218031784940772,0.3917205797364331,0.3917205797364331,0.3218031784940772,0.0699174012423559,319,319,1.0,44660.0,44660.0,0.0015,METAL|C,,,,,False,0,,,,,,,False,0.45,0.00075,0.5597830959796054,44748.9285,True,699806.25,33399591.650000002,0.571511973186129,8366074.949999992,2193.75,3813,False,monthly,0,,,,,,,,,,,,,,,,,,
2025-07-14,SR,CZCE,CZCE.SR509C6200,C,2025-08-13,30,0.023658192090395547,0.0485834195767207,9420.0,3897.0,4.5,6200.0,5798.0,C,l4_diff02_delta04_l3eff015,0.1630290204924815,0.1854183504466068,0.1854183504466068,0.1630290204924815,0.0223893299541252,1324,1324,1.0,59580.0,59580.0,0.001,SOFT|C,,,,,False,0,,,,,,,False,0.45,0.00075,0.34250027988966913,,False,5074892.000000001,20418921.9,0.4276248490967164,21313147.15,3833.000000000001,5560,False,monthly,0,,,,,,,,,,,,,,,,,,
2025-07-18,SI,GFEX,GFEX.si2509-C-10200,C,2025-08-07,20,,0.04904170351587848,2001.0,1532.0,16.0,10200.0,8695.0,C,iv_extreme_high_iv_pressure,0.38871086467683624,0.44013466077946894,0.44013466077946894,0.38871086467683624,0.0514237961026327,149,149,1.0,11920.0,11920.0,0.0002,METAL|C,,,,,False,0,,,,,,,False,0.45,0.00075,0.41741088659238956,,False,335808.75,24926213.9,0.4230342928836668,16875162.85,2253.75,7487,False,iv_extreme_overlay,0,,,,,0.3024874448955988,0.9743119266055046,545.0,47.0,t4_p95_pullback_3d,2025-07-14,0.2926817797778068,0.30439967371051396,0.32450815749250755,0.3376889969354442,0.9650735294117647,0.9760589318600368,0.9907749077490775,0.9926062846580407
2025-07-26,AL,SHFE,SHFE.al2509C22800,C,2025-08-25,30,-0.001211240310077466,0.0568113691477822,2432.0,37.0,30.0,22800.0,20615.0,C,l4_diff02_delta04_l3eff015,,0.2143179244594154,0.2143179244594154,,,392,392,1.0,58800.0,58800.0,0.001,METAL|C,,,,,False,0,,,,,,,False,0.45,0.00075,0.14938931577760367,,False,2079070.0,8793569.25,0.1847095408106575,32410839.799999997,5303.75,6110,False,monthly,0,,,,,,,,,,,,,,,,,,
2025-07-29,AO,SHFE,SHFE.ao2509P2850,P,2025-08-25,27,,-0.049465479998178075,1830.0,957.0,8.0,2850.0,3390.0,P,iv_extreme_high_iv_pressure,0.43312610066386187,,0.43312610066386187,,,74,74,1.0,11840.0,11840.0,0.0002,AO|P,,,,,False,0,,,,,,,False,0.45,0.00075,0.13223734596563338,,False,262700.0,7853768.250000001,0.13666054126238433,33720249.55,3550.0,9498,False,iv_extreme_overlay,0,,,,,0.3913914012615405,0.9069767441860465,258.0,38.0,t4_p95_pullback_3d,2025-07-24,0.38074300769504366,0.4272571906853253,0.42795445771954854,0.45566794929779786,0.8832684824902723,0.984375,0.9882352941176471,1.0
2025-07-31,SF,CZCE,CZCE.SF509C6800,C,2025-08-13,13,,0.04096807107543835,2118.0,1998.0,9.0,6800.0,5696.0,C,iv_extreme_high_iv_pressure,0.3474765956336995,0.5787561962363156,0.5787561962363156,0.3474765956336995,0.2312796006026161,265,265,1.0,11925.0,11925.0,0.0002,FERROUS|C,,,,,False,0,,,,,,,False,0.45,0.00075,0.1359583207931749,,False,389285.0,8116468.250000001,0.14247920318681587,33672278.05,1469.0,22921,False,iv_extreme_overlay,0,,,,,0.2662749463082832,0.9560185185185185,432.0,28.0,t4_p95_pullback_3d,2025-07-25,0.33595234979685545,0.3739095586786552,0.3931252679309173,0.4353668195999806,0.9860788863109049,0.9906976744186047,0.993006993006993,1.0
2025-07-31,NI,SHFE,SHFE.ni2509C148000,C,2025-08-25,25,,0.03511117908679355,6350.0,4271.0,178.0,148000.0,120210.0,C,iv_extreme_high_iv_pressure,,0.4222683199610873,0.4222683199610873,,,67,67,1.0,11926.0,11926.0,0.0002,METAL|C,,,,,False,0,,,,,,,False,0.45,0.00075,0.14247920318681587,,False,414629.5,8505753.25,0.1494246293050433,33282993.049999997,6188.5,5378,False,iv_extreme_overlay,0,,,,,0.20060212573075287,0.4,260.0,45.0,t4_p95_pullback_3d,2025-07-26,0.21061765835322666,0.22752176037775,0.23448495795195062,0.28348582676436007,0.5945945945945946,0.7829457364341085,0.8249027237354085,1.0
2025-08-08,SI,GFEX,GFEX.si2510-C-11000,C,2025-09-05,28,0.03505644682115272,0.0747851309946911,1479.0,1569.0,42.0,11000.0,8710.0,C,l4_diff02_delta04_l3eff015,0.3677301153927059,0.675156475910315,0.675156475910315,0.3677301153927059,0.3074263605176091,427,427,1.0,89670.0,89670.0,0.0015,METAL|C,,,,,False,0,,,,,,,False,0.45,0.00075,0.13738893919444922,,False,1019462.5,8220576.500000001,0.15442702301053207,33663461.5,2387.5,14099,False,monthly,0,,,,,,,,,,,,,,,,,,
2025-08-13,RM,CZCE,CZCE.RM511P2025,P,2025-10-13,61,,-0.018984486081418006,1507.0,307.0,2.5,2025.0,2628.0,P,iv_extreme_high_iv_pressure,0.3213586936726236,,0.3213586936726236,,,479,479,1.0,11975.0,11975.0,0.0002,AGRI|P,,,,,False,0,,,,,,,False,0.45,0.00075,0.06305381803318937,,False,641381.0,3775862.0,0.07376435800100202,38142351.4,1339.0,28485,False,iv_extreme_overlay,0,,,,,0.2582335046756677,0.7307380373073804,1233.0,12.0,t4_p95_pullback_3d,2025-08-07,0.2599277090400247,0.33869616998495955,0.38116145798406365,0.40048957475263414,0.737012987012987,0.9382615759545085,0.9658536585365853,0.9707078925956062
2025-08-15,SI,GFEX,GFEX.si2510-C-12000,C,2025-09-05,21,,0.031085070506076253,2200.0,1050.0,16.0,12000.0,8805.0,C,iv_extreme_high_iv_pressure,0.3647187572606879,0.7656034167175523,0.7656034167175523,0.3647187572606879,0.40088465945686436,149,149,1.0,11920.0,11920.0,0.0002,METAL|C,,,,,False,0,,,,,,,False,0.45,0.00075,0.07377388847304402,,False,339906.25,4417243.0,0.07945077918944576,37495555.199999996,2281.25,16436,False,iv_extreme_overlay,0,,,,,0.3688494460350554,0.984070796460177,565.0,37.0,t4_p95_pullback_3d,2025-08-11,0.35525841549293646,0.36025290842586677,0.3982123356086068,0.44426652824614504,0.9769503546099291,0.9804618117229129,0.9911032028469751,1.0
2025-08-19,C,DCE,DCE.c2511-C-2400,C,2025-10-24,66,-0.059921841076856275,0.0772470424802324,9600.0,560.0,5.0,2400.0,2165.0,C,l4_diff02_delta04_l3eff015,0.1145237472938516,0.1892828225363015,0.1892828225363015,0.1145237472938516,0.0747590752424498,1798,1798,1.0,89900.0,89900.0,0.0015,AGRI|C,,,,,False,0,,,,,,,False,0.45,0.00075,0.07936759061635901,,False,2036235.0,4757149.25,0.11333984109361739,37199579.55,1132.5,32847,False,monthly,0,,,,,,,,,,,,,,,,,,
2025-08-26,AG,SHFE,SHFE.ag2510C10500,C,2025-09-24,29,0.03913720257949738,0.0767511245785372,2838.0,1097.0,24.5,10500.0,9346.0,C,l4_diff02_delta04_l3eff015,0.2698856603207074,0.2951971905499249,0.2951971905499249,0.2698856603207074,0.0253115302292174,244,244,1.0,89670.0,89670.0,0.0015,METAL|C,,,,,False,0,,,,,,,False,0.45,0.00075,0.06729986487463081,,False,3450867.6000000006,4036984.75,0.12482867351832004,37952539.75,14142.900000000001,2683,False,monthly,0,,,,,,,,,,,,,,,,,,
2025-08-26,AL,SHFE,SHFE.al2510C23000,C,2025-09-24,29,0.02001953125,0.0453062801957572,1027.0,1801.0,21.0,23000.0,20890.0,C,l4_diff02_delta04_l3eff015,0.1238560284495242,0.1952302649561644,0.1952302649561644,0.1238560284495242,0.0713742365066401,571,571,1.0,59955.0,59955.0,0.001,METAL|C,,,,,False,0,,,,,,,False,0.45,0.00075,0.12482867351832004,,False,3042002.5,7487852.350000001,0.17554136377514828,34501672.15,5327.5,6476,False,monthly,0,,,,,,,,,,,,,,,,,,
2025-08-26,AU,SHFE,SHFE.au2510C856,C,2025-09-24,29,0.0018435067595246046,0.0684285249446075,1485.0,201.0,1.34,856.0,782.56,C,l4_diff02_delta04_l3eff015,0.1675531600641698,0.240553871654952,0.240553871654952,0.1675531600641698,0.0730007115907822,67,67,1.0,89780.0,89780.0,0.0015,METAL|C,,,,,False,0,,,,,,,False,0.45,0.00075,0.17554136377514828,,False,6018583.199999998,10529854.850000001,0.2758761089328363,31459669.65,89829.59999999998,350,False,monthly,0,,,,,,,,,,,,,,,,,,
2025-08-26,NI,SHFE,SHFE.ni2510C144000,C,2025-09-24,29,0.015077051228654659,0.0509064958122088,5261.0,11649.0,246.0,144000.0,121860.0,C,l4_diff02_delta04_l3eff015,,0.3481025129675325,0.3481025129675325,,,365,365,1.0,89790.0,89790.0,0.0015,METAL|C,,,,,False,0,,,,,,,False,0.45,0.00075,0.2758761089328363,,False,2313735.0,16548438.05,0.3144479794001954,25441086.45,6339.0,4013,False,monthly,0,,,,,,,,,,,,,,,,,,
2025-08-27,SN,SHFE,SHFE.sn2510C315000,C,2025-09-24,28,0.026324709072421237,0.0612143032273933,2191.0,18175.0,628.0,315000.0,272520.0,C,l4_diff02_delta04_l3eff015,,0.3255127000391823,0.3255127000391823,,,143,143,1.0,89804.0,89804.0,0.0015,METAL|C,,,,,False,0,,,,,,,False,0.45,0.00075,0.3139959218526555,,False,2622877.4,18862173.05,0.3576585902491527,23187803.45,18341.8,1264,False,monthly,0,,,,,,,,,,,,,,,,,,
2025-09-01,FG,CZCE,CZCE.FG510P980,P,2025-09-11,10,,-0.03678045564729182,5212.0,2536.0,1.5,980.0,1140.0,P,iv_extreme_high_iv_pressure,0.5326394632160363,0.5189684319116585,0.5326394632160363,0.5189684319116585,0.013671031304377745,397,397,1.0,11910.0,11910.0,0.0002,CHEM|P,,,,,False,0,,,,,,,False,0.45,0.00075,0.3606097284404479,,False,555005.9999999999,21485050.45,0.36992506904942557,20220799.749999996,1397.9999999999998,14464,False,iv_extreme_overlay,0,,,,,0.612282845091213,0.9691780821917808,292.0,15.0,t4_p95_pullback_3d,2025-08-26,0.597160459871481,0.6383224624369281,0.6495758102079328,0.6504657051170297,0.9621993127147767,0.9793103448275862,0.9826989619377162,0.9861111111111112
2025-09-08,SI,GFEX,GFEX.si2511-C-11000,C,2025-10-15,37,-0.05222222222222217,0.0584987899660311,1655.0,1113.0,31.0,11000.0,8530.0,C,l4_diff02_delta04_l3eff015,0.3398609670316571,0.5826435036724116,0.5826435036724116,0.3398609670316571,0.2427825366407544,578,578,1.0,89590.0,89590.0,0.0015,METAL|C,,,,,False,0,,,,,,,False,0.45,0.00075,0.3462214624353583,,False,1322175.0,20680687.7,0.36835638216027006,21132090.999999996,2287.5,9238,False,monthly,0,,,,,,,,,,,,,,,,,,
2025-09-11,SI,GFEX,GFEX.si2511-C-12000,C,2025-10-15,34,,0.026356238417265997,4338.0,2241.0,13.0,12000.0,8740.0,C,iv_extreme_high_iv_pressure,0.38867045810197115,0.5857376250587151,0.5857376250587151,0.38867045810197115,0.19706716695674392,184,184,1.0,11960.0,11960.0,0.0002,METAL|C,,,,,False,0,,,,,,,False,0.45,0.00075,0.357897531189715,,False,414000.0,21447856.7,0.3648058941084463,20501300.2,2250.0,9111,False,iv_extreme_overlay,0,,,,,0.30239701695591137,0.928082191780822,584.0,30.0,t4_p95_pullback_3d,2025-09-05,0.29701951881388955,0.2970714947415192,0.30954283461763593,0.32564138306119217,0.9176672384219554,0.9192439862542955,0.9397590361445783,0.9517241379310345
2025-09-12,SR,CZCE,CZCE.SR511C5900,C,2025-10-13,31,-0.01980198019801982,0.0641767985033062,5042.0,735.0,6.0,5900.0,5544.0,C,l4_diff02_delta04_l3eff015,0.1182417431907847,0.1679525852788753,0.1679525852788753,0.1182417431907847,0.0497108420880906,1498,1498,1.0,89880.0,89880.0,0.0015,SOFT|C,,,,,False,0,,,,,,,False,0.45,0.00075,0.36469308561932773,,False,5728352.0,21861856.7,0.46025177466670614,20100276.099999998,3824.0,5256,False,monthly,0,,,,,,,,,,,,,,,,,,
2025-09-25,AG,SHFE,SHFE.ag2511P9000,P,2025-10-27,32,0.07117437722419928,-0.0524231635550938,3850.0,5411.0,24.5,9000.0,10535.0,P,l4_diff02_delta04_l3eff015,0.501913087605954,0.3548186919631547,0.501913087605954,0.3548186919631547,0.1470943956427993,247,247,1.0,90772.5,90772.5,0.0015,METAL|P,,,,,False,0,,,,,,,False,0.45,0.00075,0.16737332574162483,,False,3492333.0000000005,10142143.0,0.22500645010274123,32275010.799999997,14139.000000000002,2282,False,monthly,0,,,,,,,,,,,,,,,,,,
2025-09-25,CU,SHFE,SHFE.cu2511P77000,P,2025-10-27,32,0.027148194271481962,-0.0799873308618572,2499.0,2353.0,156.0,77000.0,82480.0,P,l4_diff02_delta04_l3eff015,0.2011130590882786,,0.2011130590882786,,,77,77,1.0,60060.0,60060.0,0.001,METAL|P,,,,,False,0,,,,,,,False,0.45,0.00075,0.22500645010274123,,False,2180640.0,13634476.0,0.26099302306323063,28782677.799999997,28320.0,1016,False,monthly,0,,,,,,,,,,,,,,,,,,
2025-09-30,ZN,SHFE,SHFE.zn2511P20000,P,2025-10-27,27,-0.01556156968876865,-0.0531745176572642,1119.0,501.0,28.0,20000.0,21825.0,P,l4_diff02_delta04_l3eff015,0.2057595089855795,,0.2057595089855795,,,432,432,1.0,60480.0,60480.0,0.001,METAL|P,,,,,False,0,,,,,,,False,0.45,0.00075,0.26099364759488486,,False,2803680.0,15815116.0,0.3072622092601187,26601936.299999997,6490.0,4098,False,monthly,0,,,,,,,,,,,,,,,,,,
2025-10-11,AG,SHFE,SHFE.ag2511P9500,P,2025-10-27,16,,-0.03994298523545414,3629.0,2506.0,16.5,9500.0,11059.0,P,iv_extreme_high_iv_pressure,0.5673086302293489,0.40970716309800426,0.5673086302293489,0.40970716309800426,0.1576014671313446,49,49,1.0,12127.5,12127.5,0.0002,METAL|P,,,,,False,0,,,,,,,False,0.45,0.00075,0.30643764002643137,,False,739733.4,18618796.0,0.3186125495825986,23912393.049999997,15096.6,1583,False,iv_extreme_overlay,0,,,,,0.3158689041697931,0.9125,800.0,58.0,t4_p95_pullback_3d,2025-09-29,0.3245840676819566,0.3270743608406219,0.3323882742564385,0.34180918650297576,0.9299123904881101,0.9323308270676691,0.9397741530740276,0.9510050251256281
2025-10-14,PF,CZCE,CZCE.PF512C6600,C,2025-11-12,29,-0.0477093206951027,0.0521962791641622,1303.0,295.0,7.0,6600.0,6028.0,C,l4_diff02_delta04_l3eff015,,0.1913975129814911,0.1913975129814911,,,1738,1738,1.0,60830.0,60830.0,0.001,CHEM|C,,,,,False,0,,,,,,,False,0.45,0.00075,0.21350151732855627,,False,2813822.000000001,12988796.4,0.25975332142123364,29597118.65,1619.0000000000005,18281,False,monthly,0,,,,,,,,,,,,,,,,,,
2025-10-14,PK,CZCE,CZCE.PK512C8800,C,2025-11-12,29,0.01701371254443873,0.0672613257165817,1312.0,1258.0,14.0,8800.0,8010.0,C,l4_diff02_delta04_l3eff015,0.1686807536796303,0.2248620553947578,0.2248620553947578,0.1686807536796303,0.0561813017151274,1303,1303,1.0,91210.0,91210.0,0.0015,AGRI|C,,,,,False,0,,,,,,,False,0.45,0.00075,0.25975332142123364,,False,2736300.0,15802618.400000002,0.30473086852222053,26783296.649999995,2100.0,12753,False,monthly,0,,,,,,,,,,,,,,,,,,
2025-10-14,SR,CZCE,CZCE.SR601MSC5700,C,2025-11-12,29,-0.01959005985851625,0.0503396341409931,1677.0,700.0,3.5,5700.0,5405.0,C,l4_diff02_delta04_l3eff015,,0.126293935738861,0.126293935738861,,,1738,1738,1.0,60830.0,60830.0,0.001,SOFT|C,,,,,False,0,,,,,,,False,0.45,0.00075,0.30473086852222053,,False,6891170.0,18538918.400000002,0.4180035079462265,24046996.649999995,3965.0,6064,False,monthly,0,,,,,,,,,,,,,,,,,,
2025-10-14,TA,CZCE,CZCE.TA512C5000,C,2025-11-12,29,-0.054912054912054864,0.03789380401489221,2778.0,1693.0,4.5,5000.0,4406.0,C,l4_diff02_delta04_l3eff015,0.238434199254575,0.238991200910864,0.238991200910864,0.238434199254575,0.0005570016562889,2703,2703,1.0,60817.5,60817.5,0.001,CHEM|C,,,,,False,0,,,,,,,False,0.45,0.00075,0.4180035079462265,,False,3038172.0,25430088.400000002,0.46794303366741913,17155826.649999995,1124.0,15263,False,monthly,0,,,,,,,,,,,,,,,,,,
2025-10-27,C,DCE,DCE.c2601-C-2280,C,2025-12-16,50,-0.026728110599078314,0.0749393239052389,2791.0,1051.0,3.5,2280.0,2112.0,C,l4_diff02_delta04_l3eff015,0.127215164122258,0.1638441004485703,0.1638441004485703,0.127215164122258,0.0366289363263123,2612,2612,1.0,91420.0,91420.0,0.0015,AGRI|C,,,,,False,0,,,,,,,False,0.45,0.00075,0.2539742147195656,,False,3413884.0000000005,15479464.0,0.3099863936970605,27184807.299999997,1307.0000000000002,20799,False,monthly,0,,,,,,,,,,,,,,,,,,
2025-10-27,CS,DCE,DCE.cs2601-C-3000,C,2025-12-16,50,-0.021095334685598433,0.0129565542515424,3453.0,789.0,1.0,3000.0,2413.0,C,l4_diff02_delta04_l3eff015,,0.2553677769615733,0.2553677769615733,,,6094,6094,1.0,60940.0,60940.0,0.001,AGRI|C,,,,,False,0,,,,,,,False,0.45,0.00075,0.3099863936970605,,False,7413351.0,18893348.0,0.431618512138985,23770923.299999997,1216.5,19540,False,monthly,0,,,,,,,,,,,,,,,,,,
2025-10-27,AU,SHFE,SHFE.au2512C1080,C,2025-11-24,28,,0.04953905056958722,3661.0,4545.0,1.76,1080.0,915.64,C,iv_extreme_high_iv_pressure,0.30118058093887157,0.3938842172599735,0.3938842172599735,0.30118058093887157,0.09270363632110196,6,6,1.0,10560.0,10560.0,0.0002,METAL|C,,,,,False,0,,,,,,,False,0.45,0.00075,0.431618512138985,,False,450067.19999999995,26306699.0,0.4390028417056311,16357572.299999997,75011.2,218,False,iv_extreme_overlay,0,,,,,0.21756461851638492,0.9465101108936725,1533.0,24.0,t4_p95_pullback_3d,2025-10-22,0.22589378464496157,0.23434716593481575,0.2397518137817401,0.2454041957568195,0.956266318537859,0.969301110385369,0.9745098039215686,0.9790712884238064
2025-10-28,AL,SHFE,SHFE.al2512C23000,C,2025-11-24,27,0.02805320435308345,0.0608828523777283,1971.0,1951.0,27.0,23000.0,21255.0,C,l4_diff02_delta04_l3eff015,0.1262085349777578,0.1934177913320593,0.1934177913320593,0.1262085349777578,0.0672092563543014,677,677,1.0,91395.0,91395.0,0.0015,METAL|C,,,,,False,0,,,,,,,False,0.45,0.00075,0.43867064827520447,,False,4332800.0,26756766.2,0.5097058462748344,15939813.599999998,6400.0,2490,False,monthly,0,,,,,,,,,,,,,,,,,,
2025-10-28,CU,SHFE,SHFE.cu2512P80000,P,2025-11-24,27,0.07495720224993896,-0.0531724288142422,6506.0,5641.0,122.0,80000.0,87910.0,P,l4_diff02_delta04_l3eff015,0.2327577837588884,,0.2327577837588884,,,99,99,1.0,60390.0,60390.0,0.001,METAL|P,,,,,False,0,,,,,,,False,0.45,0.00075,0.5097058462748344,,False,2454210.0,31089566.2,0.5499420199460566,11607013.599999998,24790.0,468,False,monthly,0,,,,,,,,,,,,,,,,,,
2025-10-28,NI,SHFE,SHFE.ni2512C142000,C,2025-11-24,27,0.0003309888291269658,0.0244418715127043,1305.0,611.0,86.0,142000.0,120890.0,C,l4_diff02_delta04_l3eff015,0.2104208005205731,0.2988728017188571,0.2988728017188571,0.2104208005205731,0.088452001198284,531,531,1.0,45666.0,45666.0,0.0015,METAL|C,,,,,False,0,,,,,,,False,0.45,0.00075,0.5499420199460566,45746.3355,True,3255295.5,33543776.2,0.6033117947775293,9152803.599999998,6130.5,1492,False,monthly,0,,,,,,,,,,,,,,,,,,
2025-10-28,ZN,SHFE,SHFE.zn2512C24000,C,2025-11-24,27,0.03222836095764281,0.0739768662020199,1124.0,1028.0,33.0,24000.0,22420.0,C,l4_diff02_delta04_l3eff015,,0.1666924804886347,0.1666924804886347,,,277,277,1.0,45705.0,45705.0,0.001,METAL|C,,,,,False,0,,,,,,,False,0.45,0.00075,0.6033117947775293,45746.3355,True,2056725.0,36799071.7,0.6370312989332227,5897508.099999994,7425.0,794,False,monthly,0,,,,,,,,,,,,,,,,,,
2025-11-07,LH,DCE,DCE.lh2601-C-15000,C,2025-12-16,39,,0.02881333861538199,1887.0,371.0,15.0,15000.0,11865.0,C,iv_extreme_high_iv_pressure,0.2166744958300387,0.40238249061770437,0.40238249061770437,0.2166744958300387,0.18570799478766567,51,51,1.0,12240.0,12240.0,0.0002,AGRI|C,,,,,False,0,,,,,,,False,0.45,0.00075,0.6332854528496703,46016.922375,False,496332.0,38855796.7,0.6413748465072139,4093330.849999994,9732.0,420,False,iv_extreme_overlay,0,,,,,0.22211432352036137,0.8357664233576643,274.0,12.0,t4_p95_pullback_3d,2025-11-03,0.22743010084218207,0.23718343581713988,0.24478239154503503,0.2487111304773577,0.8864468864468864,0.9301470588235294,0.9520295202952029,0.9592592592592593
2025-11-13,PK,CZCE,CZCE.PK601C8500,C,2025-12-11,28,0.0,0.0796041365231804,6824.0,2662.0,12.5,8500.0,7966.0,C,l4_diff02_delta04_l3eff015,0.1509274291734637,0.1905719776261034,0.1905719776261034,0.1509274291734637,0.0396445484526397,1472,1472,1.0,92000.0,92000.0,0.0015,AGRI|C,,,,,False,0,,,,,,,False,0.45,0.00075,0.3891648721286573,,False,3989856.0,23872664.7,0.454206283280876,19067658.249999996,2710.5,7034,False,monthly,0,,,,,,,,,,,,,,,,,,
2025-11-13,SR,CZCE,CZCE.SR601C5800,C,2025-12-11,28,0.014952925973786169,0.0494971170475075,15725.0,2918.0,3.5,5800.0,5498.0,C,l4_diff02_delta04_l3eff015,0.1352341019951246,0.1839321486827888,0.1839321486827888,0.1352341019951246,0.0486980466876642,2628,2628,1.0,91980.0,91980.0,0.0015,SOFT|C,,,,,False,0,,,,,,,False,0.45,0.00075,0.454206283280876,,False,10572444.000000002,27862520.7,0.6265550289719002,15077802.249999996,4023.000000000001,3747,False,monthly,0,,,,,,,,,,,,,,,,,,
2025-11-13,TA,CZCE,CZCE.TA601C5200,C,2025-12-11,28,0.061711711711711636,0.0719207783200684,4899.0,3241.0,9.5,5200.0,4714.0,C,l4_diff02_delta04_l3eff015,0.2207541192942041,0.2660288220692306,0.2660288220692306,0.2207541192942041,0.0452747027750264,1937,1937,1.0,92007.5,92007.5,0.0015,CHEM|C,,,,,False,0,,,,,,,False,0.45,0.00075,0.6265550289719002,,False,2374762.0,38434964.7,0.6652676721426475,4505358.249999993,1226.0,3674,False,monthly,0,,,,,,,,,,,,,,,,,,
2025-11-17,PF,CZCE,CZCE.PF601P5900,P,2025-12-11,24,0.032119205298013265,-0.0780662235338482,1193.0,801.0,9.0,5900.0,6234.0,P,l4_diff02_delta04_l3eff015,0.1572731642411355,,0.1572731642411355,,,972,1367,0.7110460863204097,43740.0,61515.0,0.001,CHEM|P,,,,,False,0,,,,,,,False,0.45,0.00075,0.6632318852887512,,False,2261844.0000000005,40809726.7,0.6999909420542318,2262401.349999994,2327.0000000000005,972,True,monthly,0,,,,,,,,,,,,,,,,,,
2025-12-01,AU,SHFE,SHFE.au2601C1168,C,2025-12-25,24,0.04890167364016729,0.036803175779551,1268.0,3967.0,1.42,1168.0,962.64,C,l4_diff02_delta04_l3eff015,,0.4067809939285835,0.4067809939285835,,,65,65,1.0,92300.0,92300.0,0.0015,METAL|C,,,,,False,0,,,,,,,False,0.45,0.00075,0.4959725482262537,,False,5098028.0,30522473.0,0.5788125572284336,12555982.0,78431.2,160,False,monthly,0,,,,,,,,,,,,,,,,,,
2025-12-01,ZN,SHFE,SHFE.zn2601P21600,P,2025-12-25,24,0.0064301552106429405,-0.0566900715719085,1132.0,507.0,18.0,21600.0,22695.0,P,l4_diff02_delta04_l3eff015,0.1263435081830091,,0.1263435081830091,,,683,683,1.0,61470.0,61470.0,0.001,METAL|P,,,,,False,0,,,,,,,False,0.45,0.00075,0.5788125572284336,,False,5942100.0,35620501.0,0.6753682484666639,7457954.0,8700.0,857,False,monthly,0,,,,,,,,,,,,,,,,,,
2025-12-05,AU,SHFE,SHFE.au2601C1168,C,2025-12-25,20,,0.01794933580629034,1896.0,1760.0,0.54,1168.0,965.06,C,iv_extreme_high_iv_pressure,,0.37839723595835023,0.37839723595835023,,,20,22,0.9090909090909091,10800.0,11880.0,0.0002,METAL|C,,,,,False,0,,,,,,,False,0.45,0.00075,0.6745397976093394,46212.174375,False,1554896.0,41562601.0,0.6997749659556027,1568761.75,77744.8,20,True,iv_extreme_overlay,0,,,,,0.20109435117506813,0.8978940650925336,1567.0,46.0,t4_p95_pullback_3d,2025-12-01,0.1975504280732111,0.21206098200229095,0.21373308666352453,0.23248724288240571,0.8805874840357599,0.9303514376996805,0.9335038363171355,0.9667306461932181
2025-12-08,SI,GFEX,GFEX.si2602-C-9900,C,2026-01-09,32,-0.066200215285253,0.0735123924084636,1113.0,831.0,24.0,9900.0,8675.0,C,l4_diff02_delta04_l3eff015,,0.3139084691422816,0.3139084691422816,,,86,386,0.22279792746113988,10320.0,46320.0,0.0015,METAL|C,,,,,False,0,,,,,,,False,0.45,0.00075,0.6968039253734943,46409.214375,True,196832.5,43117497.0,0.699984853492793,197769.75,2288.75,86,True,monthly,0,,,,,,,,,,,,,,,,,,
2025-12-12,PF,CZCE,CZCE.PF602C6600,C,2026-01-13,32,-0.0224646983311938,0.0477637812722507,1311.0,1005.0,5.5,6600.0,6092.0,C,l4_diff02_delta04_l3eff015,,0.1644028897121105,0.1644028897121105,,,1690,1690,1.0,46475.0,46475.0,0.00075,CHEM|C,,,,,False,0,,,,,,,False,0.45,0.00075,0.3890328931496326,,False,3047915.0000000005,24115423.5,0.4382022220865332,19276271.0,1803.5000000000002,10688,False,monthly,0,,,,,,,,,,,,,,,,,,
2025-12-12,PK,CZCE,CZCE.PK603P7500,P,2026-02-11,61,0.02486047691527138,-0.0587641873681943,1374.0,467.0,10.5,7500.0,8080.0,P,l4_diff02_delta04_l3eff015,0.1273399547039569,,0.1273399547039569,,,885,885,1.0,46462.5,46462.5,0.00075,AGRI|P,,,,,False,0,,,,,,,False,0.45,0.00075,0.4382022220865332,,False,2338612.5,27163338.5,0.475928998347829,16228356.0,2642.5,6141,False,monthly,0,,,,,,,,,,,,,,,,,,
2025-12-17,SN,SHFE,SHFE.sn2601P300000,P,2025-12-25,8,,-0.021927494106498302,2708.0,5111.0,152.0,300000.0,334370.0,P,iv_extreme_high_iv_pressure,0.4289563804250463,,0.4289563804250463,,,81,81,1.0,12312.0,12312.0,0.0002,METAL|P,,,,,False,0,,,,,,,False,0.45,0.00075,0.2928214119483206,,False,2141243.1,18178384.0,0.3273130272572832,25277689.5,26435.1,956,False,iv_extreme_overlay,0,,,,,0.2608279774470088,0.9489247311827957,372.0,42.0,t4_p95_pullback_3d,2025-12-12,0.21223849094544467,0.25361628815350906,0.2621371729055747,0.27424301320382116,0.7115902964959568,0.9432432432432433,0.9539295392953929,0.9619565217391305
2025-12-26,AL,SHFE,SHFE.al2602P21000,P,2026-01-26,31,0.024058102587380947,-0.0550492974062865,1667.0,3330.0,25.0,21000.0,22560.0,P,l4_diff02_delta04_l3eff015,0.1797581277212462,,0.1797581277212462,,,491,491,1.0,61375.0,61375.0,0.001,METAL|P,,,,,False,0,,,,,,,False,0.45,0.00075,0.0908454101831285,,False,3684955.0,5583360.0,0.15080236235554265,37438648.4,7505.0,4988,False,monthly,0,,,,,,,,,,,,,,,,,,
2025-12-26,CU,SHFE,SHFE.cu2602P88000,P,2026-01-26,31,0.11231764834923763,-0.0564566052885517,4407.0,4957.0,236.0,88000.0,101410.0,P,l4_diff02_delta04_l3eff015,0.3488193797624949,,0.3488193797624949,,,78,78,1.0,92040.0,92040.0,0.0015,METAL|P,,,,,False,0,,,,,,,False,0.45,0.00075,0.15080236235554265,,False,2069535.0,9268315.0,0.18447523244870176,33753693.4,26532.5,1272,False,monthly,0,,,,,,,,,,,,,,,,,,
2025-12-26,NI,SHFE,SHFE.ni2602P100000,P,2026-01-26,31,0.09811256589015471,-0.0153406701611973,1374.0,837.0,90.0,100000.0,129160.0,P,l4_diff02_delta04_l3eff015,0.4209112070035513,,0.4209112070035513,,,1024,1024,1.0,92160.0,92160.0,0.0015,METAL|P,,,,,False,0,,,,,,,False,0.45,0.00075,0.18447523244870176,,False,6705152.0,11337850.0,0.2935730308676152,31684158.4,6548.0,4838,False,monthly,0,,,,,,,,,,,,,,,,,,
2025-12-31,PX,CZCE,CZCE.PX603P6600,P,2026-01-28,28,,-0.047014715311872735,4221.0,1827.0,8.5,6600.0,7260.0,P,iv_extreme_high_iv_pressure,0.2511280811706774,,0.2511280811706774,,,290,290,1.0,12325.0,12325.0,0.0002,CHEM|P,,,,,False,0,,,,,,,False,0.45,0.00075,0.29200056584307776,,False,1112875.0,18043002.0,0.31001087974276115,25210686.099999994,3837.5,6569,False,iv_extreme_overlay,0,,,,,0.21716313697223164,0.8113207547169812,477.0,29.0,t4_p95_pullback_3d,2025-12-25,0.23266666830006227,0.24104256252294687,0.24506676544411074,0.26395423742207635,0.9159663865546218,0.9431578947368421,0.9535864978902954,0.9873150105708245
2025-12-31,CU,SHFE,SHFE.cu2602P86000,P,2026-01-26,26,,-0.043732554510346855,2163.0,949.0,146.0,86000.0,98240.0,P,iv_extreme_high_iv_pressure,0.3401225560593963,,0.3401225560593963,,,16,16,1.0,11680.0,11680.0,0.0002,METAL|P,,,,,False,0,,,,,,,False,0.45,0.00075,0.31001087974276115,,False,404640.0,19155877.0,0.31655940802883814,24097811.099999994,25290.0,952,False,iv_extreme_overlay,0,,,,,0.25919896669947745,0.9691629955947136,1589.0,30.0,t4_p95_pullback_3d,2025-12-26,0.2593686885760671,0.27181480366920857,0.36026649018471735,0.37610681429365617,0.9697732997481109,0.982356647763075,0.9955863808322825,0.9987381703470032
2026-01-13,BR,SHFE,SHFE.br2602P11200,P,2026-01-26,13,,-0.03680500421432997,1685.0,1999.0,9.0,11200.0,12210.0,P,iv_extreme_high_iv_pressure,0.276954994457961,,0.276954994457961,,,277,277,1.0,12465.0,12465.0,0.0002,CHEM|P,,,,,False,0,,,,,,,False,0.45,0.00075,0.26174263831611827,,False,1680559.0,16315769.5,0.2887026873966043,27318843.199999996,6067.0,4502,False,iv_extreme_overlay,0,,,,,0.29278579290445256,0.9386281588447654,554.0,25.0,t4_p95_pullback_3d,2026-01-07,0.2648100600296822,0.2659322366920698,0.27722912851831494,0.2996940995710746,0.8209764918625678,0.8315217391304348,0.9019963702359347,0.9509090909090909
2026-01-14,PF,CZCE,CZCE.PF603P5800,P,2026-02-11,28,0.07128777923784502,-0.0152333889097819,1034.0,70.0,2.0,5800.0,6522.0,P,l4_diff02_delta04_l3eff015,0.2261527130942504,,0.2261527130942504,,,6235,6235,1.0,62350.0,62350.0,0.001,CHEM|P,,,,,False,0,,,,,,,False,0.45,0.00075,0.28860063456822593,,False,10228517.5,17996328.5,0.45263168352313937,25653713.949999996,1640.5,15637,False,monthly,0,,,,,,,,,,,,,,,,,,
2026-01-14,TA,CZCE,CZCE.TA603P4700,P,2026-02-11,28,0.10333048676345014,-0.0740338208325631,3220.0,2246.0,12.0,4700.0,5168.0,P,l4_diff02_delta04_l3eff015,0.2540531529482208,,0.2540531529482208,,,779,779,1.0,46740.0,46740.0,0.001,CHEM|P,,,,,False,0,,,,,,,False,0.45,0.00075,0.45263168352313937,46767.902625,True,1148246.0000000005,28224846.0,0.4710456908158173,15425196.449999996,1474.0000000000005,10464,False,monthly,0,,,,,,,,,,,,,,,,,,
2026-01-16,LC,GFEX,GFEX.lc2603-P-110000,P,2026-02-06,21,,-0.04356622123197207,6184.0,6410.0,490.0,110000.0,146200.0,P,iv_extreme_high_iv_pressure,0.8950933961981664,,0.8950933961981664,,,25,25,1.0,12250.0,12250.0,0.0002,AGRI|P,,,,,False,0,,,,,,,False,0.45,0.00075,0.4715747236771905,46715.436375,False,286375.0,29373092.0,0.47617237418987934,14227981.949999996,11455.0,1242,False,iv_extreme_overlay,0,,,,,0.6429596128321778,0.9771528998242531,569.0,29.0,t4_p95_pullback_3d,2026-01-12,0.6615970757966383,0.7038082793186039,0.7249624274703987,0.7695360461263367,0.9806338028169014,0.9858906525573192,0.9893992932862191,0.9964601769911504
2026-01-16,AU,SHFE,SHFE.au2602C1208,C,2026-01-26,10,,0.011697319019496324,6701.0,3180.0,0.28,1208.0,1030.38,C,iv_extreme_high_iv_pressure,0.30561233538658716,0.42885404537779825,0.42885404537779825,0.30561233538658716,0.12324170999121109,44,44,1.0,12320.0,12320.0,0.0002,METAL|C,,,,,False,0,,,,,,,False,0.45,0.00075,0.47617237418987934,,False,3639257.6000000006,29659467.0,0.5345993827291954,13941606.949999996,82710.40000000001,168,False,iv_extreme_overlay,0,,,,,0.2145943345474731,0.92375,1600.0,60.0,t4_p95_pullback_3d,2026-01-12,0.22677151389255826,0.24489970080884815,0.25035545119818825,0.2551781633308269,0.9480925578486554,0.9755944931163955,0.9812147777082029,0.9837092731829574
2026-01-17,AL,SHFE,SHFE.al2602C26800,C,2026-01-26,9,,0.04377977385915127,2889.0,37.0,27.0,26800.0,23945.0,C,iv_extreme_high_iv_pressure,0.2922073581099997,0.4259145210142862,0.4259145210142862,0.2922073581099997,0.13370716290428647,92,92,1.0,12420.0,12420.0,0.0002,METAL|C,,,,,False,0,,,,,,,False,0.45,0.00075,0.5345726400429075,46717.773375000004,False,563155.0,33298724.6,0.5436134444196422,10304530.549999997,6121.25,1683,False,iv_extreme_overlay,0,,,,,0.2271644793241706,0.8268370607028754,1565.0,55.0,t4_p95_pullback_3d,2026-01-13,0.22698462904466743,0.2729350105182358,0.305112513715514,0.31251336606158786,0.8267263427109974,0.9558541266794626,0.9827144686299616,0.985906470211403
2026-01-19,AG,SHFE,SHFE.ag2602P19500,P,2026-01-26,7,,-0.03607149233333562,1936.0,1989.0,35.0,19500.0,23261.0,P,iv_extreme_high_iv_pressure,1.4445128441037198,0.8324435866508615,1.4445128441037198,0.8324435866508615,0.6120692574528583,23,23,1.0,12075.0,12075.0,0.0002,METAL|P,,,,,False,0,,,,,,,False,0.45,0.00075,0.542890047011412,46780.0245,False,654078.6,33861879.6,0.55337655178013,9799476.599999994,28438.2,344,False,iv_extreme_overlay,0,,,,,0.7107574543178009,0.9920634920634921,882.0,124.0,t4_p95_pullback_3d,2026-01-14,0.7495081599586286,0.7657457706176723,0.828652582170632,0.8640305402825171,0.9943246311010215,0.9954545454545455,0.9988623435722411,1.0
2026-01-19,NI,SHFE,SHFE.ni2602P130000,P,2026-01-26,7,,-0.04871483519350883,11386.0,24310.0,180.0,130000.0,143400.0,P,iv_extreme_high_iv_pressure,0.5914023750353339,,0.5914023750353339,,,69,69,1.0,12420.0,12420.0,0.0002,METAL|P,,,,,False,0,,,,,,,False,0.45,0.00075,0.55337655178013,46780.0245,False,539580.0,34515958.2,0.5620273595624132,9145397.999999993,7820.0,1169,False,iv_extreme_overlay,0,,,,,0.4183591470924103,0.9697732997481109,397.0,42.0,t4_p95_pullback_3d,2026-01-14,0.44376111539801016,0.45732245472518607,0.5898360872225541,0.7049062917818938,0.9747474747474747,0.9772151898734177,0.9974619289340102,1.0
2026-01-19,SN,SHFE,SHFE.sn2602C505000,C,2026-01-26,7,,0.018752006342333784,4192.0,11207.0,298.0,505000.0,395080.0,C,iv_extreme_high_iv_pressure,0.6119610044748355,0.8279383579212769,0.8279383579212769,0.6119610044748355,0.21597735344644142,41,41,1.0,12218.0,12218.0,0.0002,METAL|C,,,,,False,0,,,,,,,False,0.45,0.00075,0.5620273595624132,46780.0245,False,1065106.2,35055538.2,0.579103657801633,8605817.999999993,25978.2,331,False,iv_extreme_overlay,0,,,,,0.41231874845945826,0.9874055415617129,397.0,42.0,t4_p95_pullback_3d,2026-01-14,0.4093027835159017,0.4364875802322251,0.6490528678278957,0.8081059162060755,0.9848484848484849,0.9898734177215189,0.9974619289340102,1.0
2026-01-27,CU,SHFE,SHFE.cu2603P92000,P,2026-02-13,17,0.03287866449511401,-0.0476900780947235,1577.0,1013.0,124.0,92000.0,101470.0,P,l4_diff02_delta04_l3eff015,0.3264836581400783,,0.3264836581400783,,,151,151,1.0,93620.0,93620.0,0.0015,METAL|P,,,,,False,0,,,,,,,False,0.45,0.00075,0.24130317796485867,,False,4179680.0,15114626.0,0.3080312641825501,28731618.75,27680.0,1037,False,monthly,0,,,,,,,,,,,,,,,,,,
2026-01-27,ZN,SHFE,SHFE.zn2603P23000,P,2026-02-13,17,0.07325456498388827,-0.0262012065173981,1308.0,555.0,11.0,23000.0,24980.0,P,l4_diff02_delta04_l3eff015,0.2017514723193908,,0.2017514723193908,,,1138,1138,1.0,62590.0,62590.0,0.001,METAL|P,,,,,False,0,,,,,,,False,0.45,0.00075,0.3080312641825501,,False,8643110.0,19294306.0,0.446017471085708,24551938.75,7595.0,3232,False,monthly,0,,,,,,,,,,,,,,,,,,
2026-01-28,EB,DCE,DCE.eb2603-P-6900,P,2026-02-25,28,,-0.04246984574991475,2405.0,1817.0,10.0,6900.0,7783.0,P,iv_extreme_high_iv_pressure,0.2808605128954139,,0.2808605128954139,,,250,250,1.0,12500.0,12500.0,0.0002,CHEM|P,,,,,False,0,,,,,,,False,0.45,0.00075,0.42783593690376576,,False,1406375.0000000002,26824541.0,0.4502668059263907,17064195.5,5625.500000000001,3033,False,iv_extreme_overlay,0,,,,,0.2899534217916519,0.9635811836115327,659.0,29.0,t4_p95_pullback_3d,2026-01-22,0.2782921523305982,0.297397685467131,0.3035055099847657,0.3071210258385047,0.9407294832826748,0.9680365296803652,0.9725609756097561,0.9786259541984733
2026-02-03,NI,SHFE,SHFE.ni2603C170000,C,2026-02-13,10,,0.04206369132478664,6182.0,10233.0,280.0,170000.0,135500.0,C,iv_extreme_high_iv_pressure,0.607440894753254,0.7635481707468152,0.7635481707468152,0.607440894753254,0.15610727599356122,44,44,1.0,12320.0,12320.0,0.0002,METAL|C,,,,,False,0,,,,,,,False,0.45,0.00075,0.45101304899930833,,False,310420.0,28230916.0,0.4559722742214147,15585202.5,7055.0,2209,False,iv_extreme_overlay,0,,,,,0.43297756052132175,0.948780487804878,410.0,40.0,t4_p95_pullback_3d,2026-01-29,0.4391718692017523,0.4462857047383848,0.4507076263165688,0.5144645573762973,0.9535452322738386,0.9607843137254902,0.9631449631449631,0.9802955665024631
2026-02-04,PF,CZCE,CZCE.PF603C7500,C,2026-02-11,7,,0.008604518523763436,1109.0,693.0,1.0,7500.0,6586.0,C,iv_extreme_high_iv_pressure,0.27210581719469706,0.3883804984290369,0.3883804984290369,0.27210581719469706,0.11627468123433982,2505,2505,1.0,12525.0,12525.0,0.0002,CHEM|C,,,,,False,0,,,,,,,False,0.45,0.00075,0.455577880593519,,False,4137007.5,28541336.0,0.5216129501799425,15312714.099999994,1651.5,9272,False,iv_extreme_overlay,0,,,,,0.18890967802467182,0.8924731182795699,558.0,33.0,t4_p95_pullback_3d,2026-01-29,0.18545518664902838,0.20249799319534065,0.20945327264006317,0.21628359278306578,0.881508078994614,0.935251798561151,0.9513513513513514,0.9675090252707581
2026-02-04,PR,CZCE,CZCE.PR603P5100,P,2026-02-11,7,,-0.003664176819462628,1474.0,4.0,0.5,5100.0,6148.0,P,iv_extreme_high_iv_pressure,0.5110337316400252,,0.5110337316400252,,,1670,1670,1.0,12525.0,12525.0,0.0002,PR|P,,,,,False,0,,,,,,,False,0.45,0.00075,0.5216129501799425,,False,7712895.000000002,32678343.5,0.6447264707712823,11175706.599999994,4618.500000000001,2419,False,iv_extreme_overlay,0,,,,,0.21096881405144438,0.9477611940298507,268.0,28.0,t4_p95_pullback_3d,2026-01-29,0.20452511942023907,0.21324184158442938,0.2413697624473322,0.2469379934515354,0.9288389513108615,0.9586466165413534,0.9811320754716981,0.9924242424242424
2026-02-05,PB,SHFE,SHFE.pb2603C18000,C,2026-02-13,8,,0.02642077555726481,2384.0,2539.0,7.0,18000.0,16550.0,C,iv_extreme_high_iv_pressure,,0.36707022185084726,0.36707022185084726,,,357,357,1.0,12495.0,12495.0,0.0002,METAL|C,,,,,False,0,,,,,,,False,0.45,0.00075,0.6460766816881154,46888.287000000004,False,1672545.0,40391238.5,0.6728298183510095,3371162.6999999955,4685.0,719,False,iv_extreme_overlay,0,,,,,0.16901513906401702,0.8248175182481752,411.0,28.0,t4_p95_pullback_3d,2026-01-31,0.1857031558745943,0.20411444541022666,0.22872776707582862,0.23093501816226675,0.9195121951219513,0.9755501222493888,0.9901960784313726,0.9926289926289926
2026-02-05,ZN,SHFE,SHFE.zn2603C26500,C,2026-02-13,8,,0.0446981664979127,2386.0,3025.0,20.0,26500.0,24505.0,C,iv_extreme_high_iv_pressure,,0.34411899665641976,0.34411899665641976,,,125,125,1.0,12500.0,12500.0,0.0002,METAL|C,,,,,False,0,,,,,,,False,0.45,0.00075,0.6728298183510095,46888.287000000004,False,920625.0,42063783.5,0.6875556442273099,1698617.6999999955,7365.0,230,False,iv_extreme_overlay,0,,,,,0.19761850516041038,0.5692599620493358,1581.0,52.0,t4_p95_pullback_3d,2026-01-31,0.21254733250802985,0.22822882156555488,0.27960182480055407,0.3251655551151536,0.6822784810126582,0.7713742875237493,0.944233206590621,0.9866835764109068
2026-02-06,AL,SHFE,SHFE.al2603C25800,C,2026-02-13,7,,0.044358111717458175,1277.0,513.0,22.0,25800.0,23560.0,C,iv_extreme_high_iv_pressure,0.3372757510665759,0.4491702322146982,0.4491702322146982,0.3372757510665759,0.11189448114812228,113,113,1.0,12430.0,12430.0,0.0002,METAL|C,,,,,False,0,,,,,,,False,0.45,0.00075,0.6812068129689755,47009.9895,False,710770.0,42698033.5,0.6925464772758565,1177956.6999999955,6290.0,187,False,iv_extreme_overlay,0,,,,,0.206173202633023,0.7281921618204804,1582.0,57.0,t4_p95_pullback_3d,2026-02-02,0.2116922907067701,0.24053580149802406,0.269858312458975,0.28586838186209834,0.7495256166982922,0.8696202531645569,0.9493350221659278,0.9689480354879595
2026-02-06,BR,SHFE,SHFE.br2603C14800,C,2026-02-13,7,,0.027082063565119403,6433.0,6726.0,10.0,14800.0,12685.0,C,iv_extreme_high_iv_pressure,0.47498297957503877,0.5696292147186881,0.5696292147186881,0.47498297957503877,0.09464623514364934,104,250,0.416,5200.0,12500.0,0.0002,CHEM|C,,,,,False,0,,,,,,,False,0.45,0.00075,0.6925464772758565,47009.9895,False,466934.0,43408803.5,0.6999959684100759,467186.69999999553,4489.75,104,True,iv_extreme_overlay,0,,,,,0.3523545961233542,0.9685314685314685,572.0,26.0,t4_p95_pullback_3d,2026-02-02,0.3377939279507384,0.3505035730111023,0.4109666907857753,0.4190458319900034,0.9632224168126094,0.9666666666666667,0.9859402460456942,0.9894366197183099
2026-02-10,LC,GFEX,GFEX.lc2604-P-100000,P,2026-03-06,24,,-0.04676327384524748,2856.0,3439.0,580.0,100000.0,137340.0,P,iv_extreme_high_iv_pressure,0.7883808665737672,,0.7883808665737672,,,8,21,0.38095238095238093,4640.0,12180.0,0.0002,AGRI|P,,,,,False,0,,,,,,,False,0.45,0.00075,0.6984617647085277,47113.249125,False,87044.0,43875737.5,0.6998474258805432,96628.34999999404,10880.5,8,True,iv_extreme_overlay,0,,,,,0.5796154907907953,0.9300341296928327,586.0,28.0,t4_p95_pullback_3d,2026-02-04,0.6025133474410502,0.6230538697831386,0.6347824562998647,0.6595663937361581,0.9452991452991453,0.9537671232876712,0.9554030874785592,0.9604810996563574
2026-02-11,LH,DCE,DCE.lh2603-P-10000,P,2026-02-25,14,,-0.0330934746257,1040.0,755.0,12.5,10000.0,11555.0,P,iv_extreme_high_iv_pressure,0.41292226423991785,0.29229751230326534,0.41292226423991785,0.29229751230326534,0.12062475193665251,62,62,1.0,12400.0,12400.0,0.0002,AGRI|P,,,,,False,0,,,,,,,False,0.45,0.00075,0.29254613325352946,,False,585528.0,18397503.0,0.3018568507085924,25623766.25,9444.0,2713,False,iv_extreme_overlay,0,,,,,0.21497452235798148,0.75,340.0,21.0,t4_p95_pullback_3d,2026-02-05,0.22253877303291256,0.23351056060404804,0.23494639659055047,0.2509302702590517,0.8230088495575221,0.9023668639053254,0.913946587537092,0.9702380952380952
2026-02-12,SR,CZCE,CZCE.SR605MSC5800,C,2026-03-11,27,-0.005687203791469142,0.0292127213044594,1538.0,390.0,3.0,5800.0,5245.0,C,l4_diff02_delta04_l3eff015,0.1315911864589665,0.1899462131669708,0.1899462131669708,0.1315911864589665,0.0583550267080043,3144,3144,1.0,94320.0,94320.0,0.0015,SOFT|C,,,,,False,0,,,,,,,False,0.45,0.00075,0.30180431482483727,,False,8339460.0,18983031.0,0.4343903602940323,25045901.15,2652.5,9442,False,monthly,0,,,,,,,,,,,,,,,,,,
2026-02-13,AG,SHFE,SHFE.ag2604P12000,P,2026-03-25,40,,-0.047933936644529496,1318.0,949.0,150.5,12000.0,19782.0,P,iv_extreme_high_iv_pressure,1.1615652199526096,,1.1615652199526096,,,5,5,1.0,11287.5,11287.5,0.0002,METAL|P,,,,,False,0,,,,,,,False,0.45,0.00075,0.16556641529539987,,False,129979.49999999999,10418407.0,0.1676320132200047,33629686.25,25995.899999999998,1293,False,iv_extreme_overlay,0,,,,,0.8574439300681513,0.9856194690265486,904.0,63.0,t4_p95_pullback_3d,2026-02-09,0.7718484523707055,0.7867524002080695,0.849346166749755,0.8710976427497027,0.9778516057585825,0.9800443458980045,0.9855715871254163,0.9877777777777778
2026-02-26,A,DCE,DCE.a2605-P-4200,P,2026-04-17,50,0.09512761020881677,-0.0765466971337447,6728.0,447.0,14.5,4200.0,4720.0,P,l4_diff02_delta04_l3eff015,0.2470083169054847,,0.2470083169054847,,,434,434,1.0,62930.0,62930.0,0.001,AGRI|P,,,,,False,0,,,,,,,False,0.45,0.00075,0.13580370965534652,,False,1087170.0,8556483.5,0.153058662466978,35547896.75,2505.0,14190,False,monthly,0,,,,,,,,,,,,,,,,,,
2026-02-27,AU,SHFE,SHFE.au2604P904,P,2026-03-25,26,,-0.01611876406364232,1831.0,809.0,0.84,904.0,1160.34,P,iv_extreme_high_iv_pressure,0.6602232433318815,0.5392693432762361,0.6602232433318815,0.5392693432762361,0.12095390005564544,15,15,1.0,12600.0,12600.0,0.0002,METAL|P,,,,,False,0,,,,,,,False,0.45,0.00075,0.1530617476910062,,False,1405008.0,9643653.5,0.17536169656410136,34459837.75,93667.2,367,False,iv_extreme_overlay,0,,,,,0.31014906570449113,0.9883292383292384,1628.0,113.0,t4_p95_pullback_3d,2026-02-13,0.28693765428664875,0.30881512216422163,0.31819480718878523,0.32652234139901337,0.9803318992009834,0.9870848708487084,0.992,0.9926108374384236
2026-03-02,BR,SHFE,SHFE.br2604P11000,P,2026-03-25,23,,-0.021784148836305306,1424.0,1141.0,11.0,11000.0,13340.0,P,iv_extreme_high_iv_pressure,0.3927817888222356,,0.3927817888222356,,,229,229,1.0,12595.0,12595.0,0.0002,CHEM|P,,,,,False,0,,,,,,,False,0.45,0.00075,0.1754372469497413,,False,1081796.0,11048661.5,0.1926146500226151,33035837.0,4724.0,6993,False,iv_extreme_overlay,0,,,,,0.34051922017632374,0.9621993127147767,582.0,36.0,t4_p95_pullback_3d,2026-02-24,0.2642705107464343,0.2672377902759206,0.3081754146377932,0.33328691048173786,0.7848537005163512,0.8155172413793104,0.9326424870466321,0.9584775086505191
2026-03-04,CU,SHFE,SHFE.cu2604P80000,P,2026-03-25,21,,-0.016552832269979945,1257.0,1121.0,72.0,80000.0,101430.0,P,iv_extreme_high_iv_pressure,0.47957175877091307,0.425186605048626,0.47957175877091307,0.425186605048626,0.05438515372228708,35,35,1.0,12600.0,12600.0,0.0002,METAL|P,,,,,False,0,,,,,,,False,0.45,0.00075,0.19249537554443252,,False,900112.5,12130457.5,0.20677904899366048,31981356.75,25717.5,1243,False,iv_extreme_overlay,0,,,,,0.2683599931016213,0.9607843137254902,1632.0,30.0,t4_p95_pullback_3d,2026-02-27,0.26465553728800306,0.2689329765485224,0.2821913354676141,0.28377331036135844,0.9570815450643777,0.9613496932515337,0.9705340699815838,0.9723587223587223
2026-03-07,SN,SHFE,SHFE.sn2604P280000,P,2026-03-25,18,,-0.0192095083134316,2202.0,324.0,502.0,280000.0,393190.0,P,iv_extreme_high_iv_pressure,0.7725867735533958,,0.7725867735533958,,,25,25,1.0,12550.0,12550.0,0.0002,METAL|P,,,,,False,0,,,,,,,False,0.45,0.00075,0.2053545087012125,,False,651483.75,12943526.0,0.21569057365044453,31177580.75,26059.350000000002,1196,False,iv_extreme_overlay,0,,,,,0.5509944498535772,0.9534883720930233,430.0,13.0,t4_p95_pullback_3d,2026-03-03,0.5555366791216375,0.5589229063346887,0.5637424369505801,0.5712556580660741,0.958041958041958,0.9626168224299065,0.9672131147540983,0.9788732394366197
2026-03-12,PF,CZCE,CZCE.PF605P6100,P,2026-04-13,32,0.269055572426359,-0.0172216746559594,1430.0,494.0,8.5,6100.0,8358.0,P,l4_diff02_delta04_l3eff015,0.5250273519162828,,0.5250273519162828,,,1484,1484,1.0,63070.0,63070.0,0.001,CHEM|P,,,,,False,0,,,,,,,False,0.45,0.00075,0.08331222277656616,,False,3163888.0,5255549.75,0.133466926743759,38902254.5,2132.0,18246,False,monthly,0,,,,,,,,,,,,,,,,,,
2026-03-12,PK,CZCE,CZCE.PK605C9100,C,2026-04-13,32,0.007970112079701108,0.0760021574859238,5706.0,3956.0,21.0,9100.0,8094.0,C,l4_diff02_delta04_l3eff015,0.1445456224523446,0.264820832264227,0.264820832264227,0.1445456224523446,0.1202752098118823,901,901,1.0,94605.0,94605.0,0.0015,AGRI|C,,,,,False,0,,,,,,,False,0.45,0.00075,0.133466926743759,,False,1917778.5,8419437.75,0.16386800697863052,35738366.5,2128.5,16790,False,monthly,0,,,,,,,,,,,,,,,,,,
2026-03-12,SR,CZCE,CZCE.SR605P5100,P,2026-04-13,32,0.04412046806061776,-0.0551830432295169,11716.0,2338.0,5.5,5100.0,5443.0,P,l4_diff02_delta04_l3eff015,0.193633110094072,,0.193633110094072,,,1146,1146,1.0,63030.0,63030.0,0.001,SOFT|P,,,,,False,0,,,,,,,False,0.45,0.00075,0.16386800697863052,,False,4335318.000000001,10337216.25,0.23259249750852365,33820588.0,3783.000000000001,8940,False,monthly,0,,,,,,,,,,,,,,,,,,
2026-03-13,AL,SHFE,SHFE.al2604C28000,C,2026-03-25,12,,0.04115871012902544,2313.0,2277.0,26.0,28000.0,24995.0,C,iv_extreme_high_iv_pressure,0.3412461104412601,0.39196789767937684,0.39196789767937684,0.3412461104412601,0.05072178723811677,97,97,1.0,12610.0,12610.0,0.0002,METAL|C,,,,,False,0,,,,,,,False,0.45,0.00075,0.23259767801557588,,False,618738.75,14672534.25,0.2424062900859999,29484286.5,6378.75,4622,False,iv_extreme_overlay,0,,,,,0.2460284272518048,0.8890274314214464,1604.0,55.0,t4_p95_pullback_3d,2026-03-09,0.2683850931416147,0.29123964208080416,0.292024829372787,0.324530890699599,0.9401122894572677,0.9725343320848939,0.9731417863835103,0.993125
2026-03-17,PX,CZCE,CZCE.PX605P8000,P,2026-03-27,10,,-0.025771664016163376,19375.0,23083.0,12.5,8000.0,10060.0,P,iv_extreme_high_iv_pressure,0.8627885645967766,,0.8627885645967766,,,202,202,1.0,12625.0,12625.0,0.0002,CHEM|P,,,,,False,0,,,,,,,False,0.45,0.00075,0.2419838427910109,,False,774670.0,15291273.0,0.25424296755419523,28942635.25,3835.0,7546,False,iv_extreme_overlay,0,,,,,0.6949352509362512,0.9923518164435946,523.0,20.0,t4_p95_pullback_3d,2026-03-11,0.6537710339208361,0.9446052053436693,1.1077801290132876,1.1158145558222394,0.9904214559386973,0.9961612284069098,0.9980769230769231,1.0
2026-03-26,AL,SHFE,SHFE.al2605C27000,C,2026-04-24,29,-0.0164507505654945,0.0796419163476017,2852.0,860.0,69.0,27000.0,23915.0,C,l4_diff02_delta04_l3eff015,0.2717075117859754,0.3364010523461999,0.3364010523461999,0.2717075117859754,0.0646935405602244,275,275,1.0,94875.0,94875.0,0.0015,METAL|C,,,,,False,0,,,,,,,False,0.45,0.00075,0.17820099042994125,,False,1739031.25,11278824.5,0.20567700010972828,33026076.0,6323.75,5222,False,monthly,0,,,,,,,,,,,,,,,,,,
2026-03-26,AU,SHFE,SHFE.au2605C1744,C,2026-04-24,29,-0.13115413540409604,0.0099806081735777,2153.0,1304.0,0.72,1744.0,993.56,C,l4_diff02_delta04_l3eff015,0.574172050842465,0.8151057033229933,0.8151057033229933,0.574172050842465,0.2409336524805282,87,87,1.0,62640.0,62640.0,0.001,METAL|C,,,,,False,0,,,,,,,False,0.45,0.00075,0.20567700010972828,,False,6977817.599999999,13017855.75,0.31592377337581423,31287044.75,80204.79999999999,390,False,monthly,0,,,,,,,,,,,,,,,,,,
2026-03-26,CU,SHFE,SHFE.cu2605P80000,P,2026-04-24,29,-0.05394684648948833,-0.0490563750531696,3526.0,4145.0,226.0,80000.0,95400.0,P,l4_diff02_delta04_l3eff015,0.4646909619909286,0.3292897596213929,0.4646909619909286,0.3292897596213929,0.1354012023695356,84,84,1.0,94920.0,94920.0,0.0015,METAL|P,,,,,False,0,,,,,,,False,0.45,0.00075,0.31592377337581423,,False,2098320.0,19995673.349999998,0.3490764039747702,24309227.150000002,24980.0,973,False,monthly,0,,,,,,,,,,,,,,,,,,
2026-03-26,ZN,SHFE,SHFE.zn2605C30000,C,2026-04-24,29,-0.050255362614913146,0.0261473644132907,1515.0,1143.0,28.0,30000.0,23245.0,C,l4_diff02_delta04_l3eff015,,0.4488166462246103,0.4488166462246103,,,678,678,1.0,94920.0,94920.0,0.0015,METAL|C,,,,,False,0,,,,,,,False,0.45,0.00075,0.3490764039747702,,False,4034947.5,22093993.349999998,0.41282698727649775,22210907.150000002,5951.25,3732,False,monthly,0,,,,,,,,,,,,,,,,,,
