entry_date,product,exchange,contract_code,option_type,target_expiry,dte,trend_20d,delta,close_oi,volume,entry_price,strike,spot_close,sell_side,side_rule,put_iv_pressure,call_iv_pressure,selected_side_iv_pressure,other_side_iv_pressure,side_iv_pressure_diff,qty,target_qty,qty_fill_ratio,premium_cash,target_premium_cash,target_premium_pct,budget_group,current_group_premium_cash_before,group_premium_budget_cash,group_premium_cap_cash,portfolio_group_premium_cap_pct_nav,capped_by_group_premium,corr_peer_count,corr_peer_products,current_corr_premium_cash_before,corr_premium_budget_cash,corr_premium_cap_cash,portfolio_corr_premium_cap_pct_nav,portfolio_corr_threshold,capped_by_corr_premium,portfolio_group_margin_trigger_pct_nav,portfolio_group_new_trade_cap_after_trigger_pct_nav,group_margin_trigger_margin_pct,group_margin_trigger_budget_cash,capped_by_group_margin_trigger,margin_cash,current_margin_cash_before,post_open_margin_pct_nav,margin_budget_cash,one_lot_margin_cash,max_qty_by_margin,capped_by_margin,entry_reason,strategy_layer,reentry_count,trigger_contract_code,trigger_entry_price,trigger_last_price,trigger_decay_ratio,overlay_atm_iv,overlay_iv_percentile,overlay_iv_prior_days,overlay_atm_option_obs,overlay_signal_rule,overlay_trigger_trade_date,overlay_atm_iv_lag1,overlay_atm_iv_lag2,overlay_atm_iv_lag3,overlay_atm_iv_lag4,overlay_iv_percentile_lag1,overlay_iv_percentile_lag2,overlay_iv_percentile_lag3,overlay_iv_percentile_lag4,overlay_trigger_iv_percentile,overlay_tier_threshold,overlay_tier_max_abs_delta,overlay_tier_target_premium_pct,overlay_iv_pullback_pct,overlay_entry_iv_rebound_pct,overlay_strategy,overlay_signal_family,overlay_side_rule,overlay_priority,forced_sell_side,risk_reversal_lag1,risk_reversal_lag2,risk_reversal_lag3,abs_risk_reversal_lag1,abs_risk_reversal_lag2,abs_risk_reversal_lag3,put_iv_lag1,call_iv_lag1,put_iv_lag2,call_iv_lag2,put_iv_lag3,call_iv_lag3,term_spread_lag1,term_spread_lag2,term_spread_lag3,near_atm_iv_lag1,next_atm_iv_lag1,near_atm_iv_lag2,next_atm_iv_lag2,near_atm_iv_lag3,next_atm_iv_lag3,t1_trend_20d,t1_side,t1_trend_conflict,t1_side_skip_reason
2022-01-25,AL,SHFE,SHFE.al2203P19000,P,2022-02-22,28,,-0.0506634823524168,1049.0,843.0,35.0,19000.0,21390.0,P,high_iv_pressure,0.2706656572809765,,0.2706656572809765,,,285,285,1.0,49875.0,49875.0,0.001,AL|P,,,,,False,0,,,,,,,False,,,0.0,,False,1573912.5,0.0,0.03147825,35000000.0,5522.5,6337,False,monthly,monthly,0,,,,,,,,,,,,,,,,,,,,,,,,,,,,,,,,,,,,,,,,,,,,,,,,,,,,,,
2022-02-10,SR,CZCE,CZCE.SR205C6500,C,2022-04-07,56,0.0076963442364876,0.0666795431222983,6187.0,1405.0,12.5,6500.0,5761.0,C,high_iv_pressure,0.1333961988756422,0.2125007277898868,0.2125007277898868,0.1333961988756422,0.0791045289142446,400,400,1.0,50000.0,50000.0,0.001,SR|C,,,,,False,0,,,,,,,False,,,0.031450463515484,,False,1202200.0,1573912.5,0.0554732393929962,33457010.0,3005.5,11131,False,monthly,monthly,0,,,,,,,,,,,,,,,,,,,,,,,,,,,,,,,,,,,,,,,,,,,,,,,,,,,,,,
2022-02-18,CF,CZCE,CZCE.CF205P17000,P,2022-04-07,48,,-0.0288838441879619,2976.0,488.0,31.0,17000.0,21325.0,P,risk_reversal_t1_forced_rich_side,,,,,,80,80,1.0,12400.0,12400.0,0.00025,CF|P,,,,,False,0,,,,,,,False,,,0.0554390636849407,,False,438900.0,2776112.5,0.0642039120299989,32276405.0,5486.25,5883,False,iv_extreme_overlay,overlay2_risk_reversal_same_sign,0,,,,,0.1284509664307946,0.98050139275766,362.0,33.0,t3_p95_rr_2d_repair_same_sign,2022-02-15,0.1153030976042915,0.1167584746017494,0.1233507824852733,0.1198297098445267,0.9584487534626038,0.9638888888888888,0.98050139275766,0.9748603351955308,0.98050139275766,0.95,0.03,0.00025,,,overlay2_risk_reversal_same_sign,overlay2_risk_reversal_same_sign,risk_reversal_t1_forced_rich_side,2.0,P,-0.1153030976042915,-0.1167584746017494,-0.1233507824852733,0.1153030976042915,0.1167584746017494,0.1233507824852733,0.2986927773630735,0.1833896797587819,0.3031033766479328,0.1863449020461833,0.3078064617992616,0.1844556793139883,,,,,,,,,,,,,
2022-02-23,AL,SHFE,SHFE.al2204P20000,P,2022-03-25,30,0.0702167766258246,-0.0324015851856704,2088.0,453.0,21.0,20000.0,22710.0,P,high_iv_pressure,0.2479044908452642,,0.2479044908452642,,,476,476,1.0,49980.0,49980.0,0.001,AL|P,,,,,False,0,,,,,,,False,,,0.0327665099154581,,False,2752470.0,1641100.0,0.087722841368143,33418172.5,5782.5,5779,False,monthly,monthly,0,,,,,,,,,,,,,,,,,,,,,,,,,,,,,,,,,,,,,,,,,,,,,,,,,,,,,,
2022-02-23,AU,SHFE,SHFE.au2204C424,C,2022-03-25,30,0.0327207054074152,0.0682391964208249,2895.0,1723.0,0.64,424.0,388.84,C,high_iv_pressure,,0.1952594163184167,0.1952594163184167,,,78,78,1.0,49920.0,49920.0,0.001,AU|C,,,,,False,0,,,,,,,False,,,0.087722841368143,,False,3531403.199999999,4393570.0,0.1582314989565171,30665702.5,45274.39999999999,677,False,monthly,monthly,0,,,,,,,,,,,,,,,,,,,,,,,,,,,,,,,,,,,,,,,,,,,,,,,,,,,,,,
2022-03-08,CU,SHFE,SHFE.cu2204P62000,P,2022-03-25,17,,-0.0217678572773351,1831.0,470.0,50.0,62000.0,72920.0,P,term_structure_t1_high_iv_pressure,,,,,,49,49,1.0,12250.0,12250.0,0.00025,CU|P,,,,,False,0,,,,,,,False,,,0.1614033852870693,,False,905520.0,7924973.199999999,0.1798455919364429,26445317.3,18480.0,1431,False,iv_extreme_overlay,overlay3_term_structure_cluster_cap2,0,,,,,0.0193949417611922,0.9934497816593888,461.0,28.0,t3_p95_term_2d_repair_t1_no_trend_conflict_cluster_cap2,2022-03-04,0.0106347105842447,0.0316343446718898,0.0386552906889914,0.0077790147835521,0.758695652173913,0.9782135076252724,0.9934497816593888,0.6827133479212254,0.9934497816593888,0.95,0.03,0.00025,,,overlay3_term_structure_cluster_cap2,overlay3_term_structure_cluster_cap2,term_structure_t1_high_iv_pressure,3.0,P,,,,,,,,,,,,,0.0106347105842447,0.0316343446718898,0.0386552906889914,0.2420766274577262,0.2314419168734815,0.2546256091515095,0.2229912644796197,0.2551551902922768,0.2164998996032854,0.0215250422059651,P,False,
2022-03-11,TA,CZCE,CZCE.TA205P4750,P,2022-04-07,27,,-0.035803386408877,1035.0,281.0,12.5,4750.0,6030.0,P,,0.5429169143792576,,0.5429169143792576,,,199,199,1.0,12437.5,12437.5,0.00025,TA|P,,,,,False,0,,,,,,,False,,,0.1771764921395113,,False,312430.0,8830493.2,0.1834451399019203,26057573.3,1570.0,16597,False,iv_extreme_overlay,overlay1_high_iv_pullback,0,,,,,0.4324968748702898,1.0,402.0,36.0,t4_p95_pullback_3d,2022-03-07,0.4748810757228101,0.4988157581804567,0.5032676430582445,0.5134733159794684,0.9925187032418952,0.995,0.9974937343358397,1.0,1.0,0.95,0.04,0.00025,,,overlay1_high_iv_pullback,overlay1_high_iv_pullback,,1.0,,,,,,,,,,,,,,,,,,,,,,,,,,
2022-03-14,RM,CZCE,CZCE.RM205P3200,P,2022-04-07,24,,-0.0381729341607679,2554.0,865.0,9.0,3200.0,4044.0,P,,0.6458535942176086,,0.6458535942176086,,,138,138,1.0,12420.0,12420.0,0.00025,RM|P,,,,,False,0,,,,,,,False,,,0.1829769507244416,,False,291456.0,9142923.2,0.1888098478169538,25834412.55,2112.0,12232,False,iv_extreme_overlay,overlay1_high_iv_pullback,0,,,,,0.3770008415366598,1.0,403.0,30.0,t4_p95_pullback_3d,2022-03-08,0.368603610337252,0.4286507440825398,0.4404255596319831,0.4677220860493516,0.9850746268656716,0.9950124688279302,0.9975,1.0,1.0,0.95,0.04,0.00025,,,overlay1_high_iv_pullback,overlay1_high_iv_pullback,,1.0,,,,,,,,,,,,,,,,,,,,,,,,,,
2022-03-14,MA,CZCE,CZCE.MA205C3850,C,2022-04-07,24,,0.0378918821790655,12188.0,5811.0,6.0,3850.0,2970.0,C,,0.4811780289835123,0.517041451026533,0.517041451026533,0.4811780289835123,0.0358634220430206,208,208,1.0,12480.0,12480.0,0.00025,MA|C,,,,,False,0,,,,,,,False,,,0.1888098478169538,,False,321360.0,9434379.2,0.1952412124471201,25542956.55,1545.0,16532,False,iv_extreme_overlay,overlay1_high_iv_pullback,0,,,,,0.3555662995935152,0.9774436090225564,403.0,36.0,t4_p95_pullback_3d,2022-03-08,0.386275852677945,0.4350570624671787,0.4649208882090718,0.4850839890277477,0.8980099502487562,0.945137157107232,0.9675,0.9774436090225564,0.9774436090225564,0.95,0.04,0.00025,,,overlay1_high_iv_pullback,overlay1_high_iv_pullback,,1.0,,,,,,,,,,,,,,,,,,,,,,,,,,
2022-03-14,AL,SHFE,SHFE.al2204C26000,C,2022-03-25,11,,0.0174392560128844,2070.0,570.0,11.0,26000.0,21760.0,C,risk_reversal_t1_forced_rich_side,,,,,,227,227,1.0,12485.0,12485.0,0.00025,AL|C,,,,,False,0,,,,,,,False,,,0.1952412124471201,,False,1247365.0,9755739.2,0.2202046775389403,25221596.55,5495.0,4589,False,iv_extreme_overlay,overlay2_risk_reversal_same_sign,0,,,,,0.0387773812944437,0.9932885906040269,450.0,41.0,t3_p95_rr_2d_repair_same_sign,2022-03-10,0.0718117848489724,0.0747402418521036,0.1242112805741198,0.1009567300733551,0.933184855233853,0.9441964285714286,0.9932885906040269,0.984304932735426,0.9932885906040269,0.95,0.03,0.00025,,,overlay2_risk_reversal_same_sign,overlay2_risk_reversal_same_sign,risk_reversal_t1_forced_rich_side,2.0,C,0.0718117848489724,0.0747402418521036,0.1242112805741198,0.0718117848489724,0.0747402418521036,0.1242112805741198,0.3419192642455859,0.4137310490945584,0.3663007006528592,0.4410409425049628,0.3962987417154304,0.5205100222895502,,,,,,,,,,,,,
2022-03-15,PP,DCE,DCE.pp2205-C-11000,C,2022-04-11,27,,0.0202160538082533,1477.0,664.0,7.0,11000.0,8660.0,C,,,0.4150394177279684,0.4150394177279684,,,357,357,1.0,12495.0,12495.0,0.00025,PP|C,,,,,False,0,,,,,,,False,,,0.2198081286785312,,False,553528.5,11003104.2,0.2308659230557974,24037333.05,1550.5,15502,False,iv_extreme_overlay,overlay1_high_iv_pullback,0,,,,,0.2632483945421175,0.9973753280839897,385.0,17.0,t4_p95_pullback_3d,2022-03-09,0.2791977755687845,0.3077803481000806,0.3543708188149528,0.3733393615423478,0.9192708333333334,0.9530026109660574,0.9842931937172776,0.9973753280839897,0.9973753280839897,0.95,0.04,0.00025,,,overlay1_high_iv_pullback,overlay1_high_iv_pullback,,1.0,,,,,,,,,,,,,,,,,,,,,,,,,,
2022-03-15,L,DCE,DCE.l2205-C-10800,C,2022-04-11,27,,0.0394173056735227,4191.0,2505.0,15.0,10800.0,8808.0,C,,,0.4104109133698595,0.4104109133698595,,,166,166,1.0,12450.0,12450.0,0.00025,L|C,,,,,False,0,,,,,,,False,,,0.2308659230557974,,False,268322.4,11556632.7,0.2362261780851493,23483804.55,1616.4,14528,False,iv_extreme_overlay,overlay1_high_iv_pullback,0,,,,,0.2503029432437255,0.984126984126984,382.0,17.0,t4_p95_pullback_3d,2022-03-09,0.2580336135257353,0.2830202987915035,0.3255076209723314,0.3325698838458691,0.8556430446194225,0.9210526315789472,0.9736147757255936,0.984126984126984,0.984126984126984,0.95,0.04,0.00025,,,overlay1_high_iv_pullback,overlay1_high_iv_pullback,,1.0,,,,,,,,,,,,,,,,,,,,,,,,,,
2022-03-18,M,DCE,DCE.m2205-P-3550,P,2022-04-11,24,,-0.0325706702873007,8092.0,568.0,5.5,3550.0,4230.0,P,,0.5281952713588282,,0.5281952713588282,,,228,228,1.0,12540.0,12540.0,0.00025,M|P,,,,,False,0,,,,,,,False,,,0.2354960536586517,,False,494760.0,11824955.1,0.2453492857870472,23324120.4,2170.0,10748,False,iv_extreme_overlay,overlay1_high_iv_pullback,0,,,,,0.2749151780304519,0.964467005076142,398.0,32.0,t4_p95_pullback_3d,2022-03-14,0.2737769825193188,0.2750240590789743,0.2979421302489206,0.3124843117023566,0.9168765743073048,0.9242424242424242,0.9468354430379748,0.964467005076142,0.964467005076142,0.95,0.04,0.00025,,,overlay1_high_iv_pullback,overlay1_high_iv_pullback,,1.0,,,,,,,,,,,,,,,,,,,,,,,,,,
2022-03-21,IO,CFFEX,CFFEX.IO2204-P-3550,P,2022-04-15,25,,-0.0282679636266148,1654.0,676.0,4.4,3550.0,4215.0,P,,0.3554712395189168,0.2583410087196799,0.3554712395189168,0.2583410087196799,0.0971302307992369,28,28,1.0,12320.000000000002,12320.000000000002,0.00025,IO|P,,,,,False,0,,,,,,,False,,,0.245226411216581,,False,608720.0,12319715.1,0.2573431054602456,22846972.4,21740.0,1050,False,iv_extreme_overlay,overlay1_high_iv_pullback,0,,,,,0.2209433820643807,1.0,423.0,48.0,t4_p95_pullback_3d,2022-03-15,0.2233778449703135,0.2366971858349538,0.2480833718519424,0.3296736943446015,0.7156398104265402,0.8052256532066508,0.8452380952380952,1.0,1.0,0.95,0.04,0.00025,,,overlay1_high_iv_pullback,overlay1_high_iv_pullback,,1.0,,,,,,,,,,,,,,,,,,,,,,,,,,
2022-03-28,AL,SHFE,SHFE.al2205P20000,P,2022-04-25,28,-0.0260538021605591,-0.0412839262875374,1955.0,228.0,33.0,20000.0,22990.0,P,high_iv_pressure,0.300151438732622,,0.300151438732622,,,304,304,1.0,50160.0,50160.0,0.001,AL|P,,,,,False,0,,,,,,,False,,,0.089306451324284,,False,1797400.0,4491676.9,0.1250435310795684,30714893.1,5912.5,5194,False,monthly,monthly,0,,,,,,,,,,,,,,,,,,,,,,,,,,,,,,,,,,,,,,,,,,,,,,,,,,,,,,
2022-03-29,PG,DCE,DCE.pg2205-C-7500,C,2022-04-11,13,,0.0171531788588677,3218.0,2847.0,3.6,7500.0,6040.0,C,,,0.5278239435853267,0.5278239435853267,,,174,174,1.0,12528.0,12528.0,0.00025,PG|C,,,,,False,0,,,,,,,False,,,0.1250225076029662,,False,2114448.0,6289076.9,0.1670562743002818,28923413.35,12152.0,2380,False,iv_extreme_overlay,overlay1_high_iv_pullback,0,,,,,0.4333762969850648,0.9705159705159704,411.0,39.0,t4_p95_pullback_3d,2022-03-23,0.4551067722156525,0.4661082840576787,0.4995032551900749,0.5089691221288257,0.9073170731707316,0.9144254278728606,0.9632352941176472,0.9705159705159704,0.9705159705159704,0.95,0.04,0.00025,,,overlay1_high_iv_pullback,overlay1_high_iv_pullback,,1.0,,,,,,,,,,,,,,,,,,,,,,,,,,
2022-03-30,AU,SHFE,SHFE.au2206C472,C,2022-05-25,56,-0.0135699373695199,0.0732356761538229,2850.0,1546.0,1.4,472.0,396.9,C,high_iv_pressure,,0.2880876878166827,0.2880876878166827,,,35,35,1.0,49000.0,49000.0,0.001,AU|C,,,,,False,0,,,,,,,False,,,0.1670183907005405,,False,1160320.0,8403524.9,0.1900795205720842,26816952.35,33152.0,808,False,monthly,monthly,0,,,,,,,,,,,,,,,,,,,,,,,,,,,,,,,,,,,,,,,,,,,,,,,,,,,,,,
2022-04-08,SR,CZCE,CZCE.SR207P5600,P,2022-06-06,59,0.0295777055906991,-0.0766890894409392,2518.0,1300.0,11.5,5600.0,6022.0,P,high_iv_pressure,0.1382908621889116,,0.1382908621889116,,,437,437,1.0,50255.0,50255.0,0.001,SR|P,,,,,False,0,,,,,,,False,,,0.1389850409964721,,False,1759799.0000000002,6997498.9,0.1739383492650237,28245497.0,4027.000000000001,7014,False,monthly,monthly,0,,,,,,,,,,,,,,,,,,,,,,,,,,,,,,,,,,,,,,,,,,,,,,,,,,,,,,
2022-04-18,IO,CFFEX,CFFEX.IO2205-P-3550,P,2022-05-20,32,,-0.02830939786349,2119.0,533.0,4.0,3550.0,4158.2,P,risk_reversal_t1_forced_rich_side,,,,,,31,31,1.0,12400.0,12400.0,0.00025,IO|P,,,,,False,0,,,,,,,False,,,0.093552414390689,,False,672700.0,4717519.0,0.1068926275749107,30581017.349999998,21700.0,1409,False,iv_extreme_overlay,overlay2_risk_reversal_same_sign,0,,,,,0.0671495913935293,0.9676674364896074,436.0,23.0,t3_p95_rr_2d_repair_same_sign,2022-04-13,0.0545317216051151,0.0603832908233628,0.0671297890959876,0.0738036906069006,0.9149425287356322,0.9493087557603688,0.9676674364896074,0.9791666666666666,0.9676674364896074,0.95,0.03,0.00025,,,overlay2_risk_reversal_same_sign,overlay2_risk_reversal_same_sign,risk_reversal_t1_forced_rich_side,2.0,P,-0.0545317216051151,-0.0603832908233628,-0.0671297890959876,0.0545317216051151,0.0603832908233628,0.0671297890959876,0.2555056975686969,0.2009739759635817,0.2571092647335229,0.19672597391016,0.2656385955411099,0.1985088064451222,,,,,,,,,,,,,
2022-04-26,AU,SHFE,SHFE.au2206P332,P,2022-05-25,29,0.0132527084908038,-0.0087572751672266,1153.0,17.0,0.1,332.0,402.16,P,high_iv_pressure,0.2937840469247693,0.2479917328538968,0.2937840469247693,0.2479917328538968,0.0457923140708724,502,502,1.0,50200.0,50200.0,0.001,AU|P,,,,,False,0,,,,,,,False,,,0.0580803413505104,,False,16200945.6,2920119.0,0.3803125690950132,32273945.85,32272.800000000003,1000,False,monthly,monthly,0,,,,,,,,,,,,,,,,,,,,,,,,,,,,,,,,,,,,,,,,,,,,,,,,,,,,,,
2022-05-10,C,DCE,DCE.c2207-P-2760,P,2022-06-08,29,,-0.0309408415364922,3043.0,344.0,1.5,2760.0,2974.0,P,,0.192641816826075,0.1840752014934229,0.192641816826075,0.1840752014934229,0.0085666153326521,838,838,1.0,12570.0,12570.0,0.00025,C|P,,,,,False,0,,,,,,,False,,,0.3799652309440485,,False,1608122.0000000005,19121064.6,0.4119211110113228,16105172.25,1919.0000000000005,8392,False,iv_extreme_overlay,overlay1_high_iv_pullback,0,,,,,0.1372488807766476,0.9930555555555556,436.0,42.0,t4_p95_pullback_3d,2022-04-29,0.143010246787151,0.1514329600224845,0.1696895677074131,0.1823181026884694,0.6229885057471264,0.7695852534562212,0.928406466512702,0.9930555555555556,0.9930555555555556,0.95,0.04,0.00025,,,overlay1_high_iv_pullback,overlay1_high_iv_pullback,,1.0,,,,,,,,,,,,,,,,,,,,,,,,,,
2022-05-19,TA,CZCE,CZCE.TA207P5900,P,2022-06-06,18,,-0.0367199165209087,3715.0,13306.0,7.5,5900.0,6714.0,P,,0.3940641641396583,,0.3940641641396583,,,335,335,1.0,12562.5,12562.5,0.00025,TA|P,,,,,False,0,,,,,,,False,,,0.411302031240121,,False,574860.0000000001,20729186.6,0.4227082234000534,14550071.749999993,1716.0000000000002,8479,False,iv_extreme_overlay,overlay1_high_iv_pullback,0,,,,,0.329475429841194,0.9502262443438914,446.0,42.0,t4_p95_pullback_3d,2022-05-13,0.3289020089145682,0.3433931485637767,0.3555238432090971,0.363720915274475,0.8853932584269663,0.9256756756756755,0.9367945823927766,0.9502262443438914,0.9502262443438914,0.95,0.04,0.00025,,,overlay1_high_iv_pullback,overlay1_high_iv_pullback,,1.0,,,,,,,,,,,,,,,,,,,,,,,,,,
2022-05-23,IO,CFFEX,CFFEX.IO2206-P-3450,P,2022-06-17,25,,-0.0278201709277784,1397.0,468.0,3.6,3450.0,4015.0,P,risk_reversal_t1_forced_rich_side,,,,,,35,35,1.0,12600.0,12600.0,0.00025,IO|P,,,,,False,0,,,,,,,False,,,0.4226294399266566,,False,737100.0,21304046.6,0.4372520215431434,13981788.249999993,21060.0,663,False,iv_extreme_overlay,overlay2_risk_reversal_same_sign,0,,,,,0.0385860139800115,0.9956043956043956,458.0,24.0,t3_p95_rr_2d_repair_same_sign,2022-05-18,0.0568153691421413,0.0577548950988717,0.0847010437975914,0.078993640264206,0.8971553610503282,0.9035087719298246,0.9956043956043956,0.9889867841409692,0.9956043956043956,0.95,0.03,0.00025,,,overlay2_risk_reversal_same_sign,overlay2_risk_reversal_same_sign,risk_reversal_t1_forced_rich_side,2.0,P,-0.0568153691421413,-0.0577548950988717,-0.0847010437975914,0.0568153691421413,0.0577548950988717,0.0847010437975914,0.2703075753154362,0.2134922061732949,0.2722365805687429,0.2144816854698711,0.2917678333240967,0.2070667895265053,,,,,,,,,,,,,
2022-05-26,AL,SHFE,SHFE.al2207C23000,C,2022-06-24,29,-0.0028922631959508,0.0482225110968134,1220.0,389.0,25.0,23000.0,20685.0,C,high_iv_pressure,0.205426081157651,0.2189482564636377,0.2189482564636377,0.205426081157651,0.0135221753059866,403,403,1.0,50375.0,50375.0,0.001,AL|C,,,,,False,0,,,,,,,False,,,0.0928051512452081,,False,2134388.75,4679881.000000001,0.1351314990219615,30618986.099999998,5296.25,5781,False,monthly,monthly,0,,,,,,,,,,,,,,,,,,,,,,,,,,,,,,,,,,,,,,,,,,,,,,,,,,,,,,
2022-05-28,AU,SHFE,SHFE.au2208P340,P,2022-07-25,58,-0.0043180464562238,-0.0179501699633721,1344.0,2.0,0.22,340.0,401.22,P,high_iv_pressure,0.2057852053691019,0.2045353388201453,0.2057852053691019,0.2045353388201453,0.0012498665489566,229,229,1.0,50380.0,50380.0,0.001,AU|P,,,,,False,0,,,,,,,False,,,0.1351056979811657,,False,7741390.799999996,6814269.750000001,0.2885933123185604,28491338.349999998,33805.19999999998,842,False,monthly,monthly,0,,,,,,,,,,,,,,,,,,,,,,,,,,,,,,,,,,,,,,,,,,,,,,,,,,,,,,
2022-06-07,SR,CZCE,CZCE.SR209C6700,C,2022-08-03,57,0.0405916752665977,0.0720206470170325,31307.0,10354.0,12.5,6700.0,6050.0,C,high_iv_pressure,0.134620652422768,0.1675578791274113,0.1675578791274113,0.134620652422768,0.0329372267046433,403,403,1.0,50375.0,50375.0,0.001,SR|C,,,,,False,0,,,,,,,False,,,0.2421542277921407,,False,1269450.0,12221001.549999995,0.2673078686957157,23106488.55,3150.0,7335,False,monthly,monthly,0,,,,,,,,,,,,,,,,,,,,,,,,,,,,,,,,,,,,,,,,,,,,,,,,,,,,,,
2022-06-13,TA,CZCE,CZCE.TA208P6100,P,2022-07-05,22,,-0.0337657268336957,1953.0,1025.0,9.0,6100.0,7170.0,P,,0.3762676806478046,,0.3762676806478046,,,280,280,1.0,12600.0,12600.0,0.00025,TA|P,,,,,False,0,,,,,,,False,,,0.235202237633262,,False,514500.0,11882329.549999995,0.2453863981342063,23481410.05,1837.5,12778,False,iv_extreme_overlay,overlay1_high_iv_pullback,0,,,,,0.3463211040588186,0.9694323144104804,462.0,42.0,t4_p95_pullback_3d,2022-06-07,0.3559107629467002,0.3616989188346817,0.370107218036444,0.3906485632117162,0.9349240780911064,0.9456521739130436,0.954248366013072,0.9694323144104804,0.9694323144104804,0.95,0.04,0.00025,,,overlay1_high_iv_pullback,overlay1_high_iv_pullback,,1.0,,,,,,,,,,,,,,,,,,,,,,,,,,
2022-06-25,AU,SHFE,SHFE.au2208P340,P,2022-07-25,30,-0.0080490995069926,-0.0371653670490317,1951.0,66.0,0.52,340.0,394.36,P,high_iv_pressure,0.3003588907641303,0.2589021706497481,0.3003588907641303,0.2589021706497481,0.0414567201143821,96,96,1.0,49920.0,49920.0,0.001,AU|P,,,,,False,0,,,,,,,False,,,0.1889863340091824,,False,3498009.600000001,9525340.799999995,0.2583881564230247,25756250.3,36437.600000000006,706,False,monthly,monthly,0,,,,,,,,,,,,,,,,,,,,,,,,,,,,,,,,,,,,,,,,,,,,,,,,,,,,,,
2022-06-28,CU,SHFE,SHFE.cu2208C75000,C,2022-07-25,27,,0.0181286826062192,1586.0,379.0,30.0,75000.0,64120.0,C,term_structure_t1_high_iv_pressure,,,,,,83,83,1.0,12450.0,12450.0,0.00025,CU|C,,,,,False,0,,,,,,,False,,,0.2584896244107674,,False,1342940.0,13023350.4,0.2851445208501811,22244391.2,16180.0,1374,False,iv_extreme_overlay,overlay3_term_structure_cluster_cap2,0,,,,,0.0428339733242875,1.0,548.0,28.0,t3_p95_term_2d_repair_t1_no_trend_conflict_cluster_cap2,2022-06-24,0.0319609216836497,0.0403393066232118,0.0594618415997054,0.04681239389381,0.9707495429616088,0.989010989010989,1.0,0.9963235294117648,1.0,0.95,0.03,0.00025,,,overlay3_term_structure_cluster_cap2,overlay3_term_structure_cluster_cap2,term_structure_t1_high_iv_pressure,3.0,C,,,,,,,,,,,,,0.0319609216836497,0.0403393066232118,0.0594618415997054,0.2795351165873045,0.2475741949036547,0.3236932266474643,0.2833539200242524,0.2921722552362056,0.2327104136365001,-0.110029211295034,C,False,
2022-06-30,AL,SHFE,SHFE.al2208C21000,C,2022-07-25,25,-0.0855358000961076,0.0607860931695653,2160.0,965.0,30.0,21000.0,19030.0,C,high_iv_pressure,,0.2350623011753279,0.2350623011753279,,,336,336,1.0,50400.0,50400.0,0.001,AL|C,,,,,False,0,,,,,,,False,,,0.284849282759801,,False,1648920.0,14366290.4,0.3175434345728739,20938005.2,4907.5,4266,False,monthly,monthly,0,,,,,,,,,,,,,,,,,,,,,,,,,,,,,,,,,,,,,,,,,,,,,,,,,,,,,,
2022-07-01,CF,CZCE,CZCE.CF209C20400,C,2022-08-03,33,,0.0322555353962315,3815.0,1196.0,18.0,20400.0,17350.0,C,,,0.3661443578204945,0.3661443578204945,,,140,140,1.0,12600.0,12600.0,0.00025,CF|C,,,,,False,0,,,,,,,False,,,0.3176590105933474,,False,619850.0,16015210.4,0.3299536313194221,19276240.2,4427.5,4353,False,iv_extreme_overlay,overlay1_high_iv_pullback,0,,,,,0.2892391870214799,0.9703389830508474,476.0,18.0,t4_p95_pullback_3d,2022-06-27,0.2835564830658771,0.2949803713323869,0.30197445212386,0.3548306336888528,0.9305263157894736,0.938818565400844,0.945031712473573,0.9703389830508474,0.9703389830508474,0.95,0.04,0.00025,,,overlay1_high_iv_pullback,overlay1_high_iv_pullback,,1.0,,,,,,,,,,,,,,,,,,,,,,,,,,
2022-07-05,TA,CZCE,CZCE.TA209P4400,P,2022-08-03,29,,-0.0263290127444559,1032.0,188.0,12.5,4400.0,6212.0,P,risk_reversal_t1_forced_rich_side,,,,,,202,202,1.0,12625.0,12625.0,0.00025,TA|P,,,,,False,0,,,,,,,False,,,0.3191468590329417,,False,326331.0,16120560.4,0.3256073983114075,19237432.2,1615.5,11908,False,iv_extreme_overlay,overlay2_risk_reversal_same_sign,0,,,,,0.2035152912973634,0.9934065934065934,458.0,39.0,t3_p95_rr_2d_repair_same_sign,2022-06-30,0.1627789873239452,0.1705742604950118,0.184108428072694,0.1817911916830707,0.975929978118162,0.9802631578947368,0.9934065934065934,0.9911894273127754,0.9934065934065934,0.95,0.03,0.00025,,,overlay2_risk_reversal_same_sign,overlay2_risk_reversal_same_sign,risk_reversal_t1_forced_rich_side,2.0,P,-0.1627789873239452,-0.1705742604950118,-0.184108428072694,0.1627789873239452,0.1705742604950118,0.184108428072694,0.5705265067406027,0.4077475194166575,0.5591791314057906,0.3886048709107788,0.5698537334047247,0.3857453053320306,,,,,,,,,,,,,
2022-07-11,RM,CZCE,CZCE.RM209C4300,C,2022-08-03,23,,0.0123092203497007,1045.0,26.0,2.0,4300.0,2875.0,C,risk_reversal_t1_forced_rich_side,,,,,,632,632,1.0,12640.0,12640.0,0.00025,RM|C,,,,,False,0,,,,,,,False,,,0.3248946248578169,,False,921140.0,16446891.4,0.3430909774367321,18988671.7,1457.5,13028,False,iv_extreme_overlay,overlay2_risk_reversal_same_sign,0,,,,,0.4983491521054629,0.9978540772532188,469.0,26.0,t3_p95_rr_2d_repair_same_sign,2022-07-06,0.4120080502712359,0.4537972726025475,0.546190039192344,0.5106957078849157,0.9850427350427352,0.9935760171306208,0.9978540772532188,0.9978494623655914,0.9978540772532188,0.95,0.03,0.00025,,,overlay2_risk_reversal_same_sign,overlay2_risk_reversal_same_sign,risk_reversal_t1_forced_rich_side,2.0,C,0.4120080502712359,0.4537972726025475,0.546190039192344,0.4120080502712359,0.4537972726025475,0.546190039192344,0.2566616094887062,0.6686696597599422,0.2168390448437717,0.6706363174463192,0.1917693289589851,0.7379593681513292,,,,,,,,,,,,,
2022-07-18,C,DCE,DCE.c2209-P-2240,P,2022-08-05,18,,-0.0170372958710252,5371.0,237.0,1.5,2240.0,2688.0,P,risk_reversal_t1_forced_rich_side,,,,,,845,845,1.0,12675.0,12675.0,0.00025,C|P,,,,,False,0,,,,,,,False,,,0.3425605463034,,False,1148355.0,17368031.4,0.3652102702180079,18122401.2,1359.0,13335,False,iv_extreme_overlay,overlay2_risk_reversal_same_sign,0,,,,,0.0428995160938842,0.9680851063829788,473.0,32.0,t3_p95_rr_2d_repair_same_sign,2022-07-13,0.0448832317880778,0.0643727113805254,0.0796779279306072,0.0448251136917881,0.826271186440678,0.9278131634819532,0.9680851063829788,0.8294243070362474,0.9680851063829788,0.95,0.03,0.00025,,,overlay2_risk_reversal_same_sign,overlay2_risk_reversal_same_sign,risk_reversal_t1_forced_rich_side,2.0,P,-0.0448832317880778,-0.0643727113805254,-0.0796779279306072,0.0448832317880778,0.0643727113805254,0.0796779279306072,0.2485204939250991,0.2036372621370212,0.2458260316763053,0.1814533202957798,0.2847441052041755,0.2050661772735683,,,,,,,,,,,,,
2022-07-20,I,DCE,DCE.i2209-P-520,P,2022-08-05,16,,-0.0391885986954855,1121.0,2650.0,1.6,520.0,663.5,P,,0.7430570412312312,0.6566076045289136,0.7430570412312312,0.6566076045289136,0.0864494367023175,79,79,1.0,12640.0,12640.0,0.00025,I|P,,,,,False,0,,,,,,,False,,,0.3649929688674551,,False,300930.75,18516386.4,0.370924882659555,16995175.699999996,3809.25,4461,False,iv_extreme_overlay,overlay1_high_iv_pullback,0,,,,,0.5331950931871514,0.9725158562367864,477.0,24.0,t4_p95_pullback_3d,2022-07-14,0.5747502742959404,0.6167922629280623,0.6506766191642077,0.6557610141079049,0.9096638655462184,0.9494736842105264,0.9704641350210972,0.9725158562367864,0.9725158562367864,0.95,0.04,0.00025,,,overlay1_high_iv_pullback,overlay1_high_iv_pullback,,1.0,,,,,,,,,,,,,,,,,,,,,,,,,,
2022-07-20,PG,DCE,DCE.pg2209-P-3600,P,2022-08-05,16,,-0.0070117676202299,4118.0,1194.0,2.2,3600.0,5377.0,P,risk_reversal_t1_forced_rich_side,,,,,,288,288,1.0,12672.0,12672.0,0.00025,PG|P,,,,,False,0,,,,,,,False,,,0.370924882659555,,False,3109824.0000000005,18817317.15,0.4322253907551985,16694244.949999996,10798.000000000002,1546,False,iv_extreme_overlay,overlay2_risk_reversal_same_sign,0,,,,,0.2853525023719818,0.967948717948718,471.0,35.0,t3_p95_rr_2d_repair_same_sign,2022-07-15,0.2718052321862889,0.3142988064164829,0.3684411585271369,0.3036228274650273,0.9404255319148936,0.953091684434968,0.967948717948718,0.9528907922912204,0.967948717948718,0.95,0.03,0.00025,,,overlay2_risk_reversal_same_sign,overlay2_risk_reversal_same_sign,risk_reversal_t1_forced_rich_side,2.0,P,-0.2718052321862889,-0.3142988064164829,-0.3684411585271369,0.2718052321862889,0.3142988064164829,0.3684411585271369,0.6312088954324657,0.3594036632461768,0.6729968608796127,0.3586980544631298,0.7062119735110497,0.3377708149839127,,,,,,,,,,,,,
2022-07-27,AU,SHFE,SHFE.au2210C472,C,2022-09-26,61,-0.0346859309355467,0.0270805352176093,2458.0,269.0,0.42,472.0,376.82,C,high_iv_pressure,,0.2738906545143612,0.2738906545143612,,,120,120,1.0,50400.0,50400.0,0.001,AU|C,,,,,False,0,,,,,,,False,,,0.1515499590822554,,False,3667872.000000001,7695880.75,0.223778969584913,27850922.15,30565.6,911,False,monthly,monthly,0,,,,,,,,,,,,,,,,,,,,,,,,,,,,,,,,,,,,,,,,,,,,,,,,,,,,,,
2022-07-28,AL,SHFE,SHFE.al2209P16000,P,2022-08-25,28,0.0260345300082214,-0.0576205532453294,3516.0,1592.0,50.0,16000.0,18720.0,P,high_iv_pressure,0.3758334295255082,,0.3758334295255082,,,203,203,1.0,50750.0,50750.0,0.001,AL|P,,,,,False,0,,,,,,,False,,,0.2237860646504122,,False,1000790.0,11363752.75,0.2434945940921044,24181923.15,4930.0,4905,False,monthly,monthly,0,,,,,,,,,,,,,,,,,,,,,,,,,,,,,,,,,,,,,,,,,,,,,,,,,,,,,,
2022-07-29,CU,SHFE,SHFE.cu2209P50000,P,2022-08-25,27,,-0.0325880074404589,2817.0,2556.0,90.0,50000.0,60910.0,P,,0.4112599287341055,,0.4112599287341055,,,28,28,1.0,12600.0,12600.0,0.00025,CU|P,,,,,False,0,,,,,,,False,,,0.2434506019083413,,False,438970.0,12364542.75,0.2520936639997158,23187556.349999998,15677.5,1479,False,iv_extreme_overlay,overlay1_high_iv_pullback,0,,,,,0.22382803960288,0.9732441471571908,602.0,36.0,t4_p95_pullback_3d,2022-07-25,0.2174802862165483,0.2366507623517104,0.2547788379372894,0.2918559616015687,0.7637271214642263,0.875,0.9282136894824708,0.9732441471571908,0.9732441471571908,0.95,0.04,0.00025,,,overlay1_high_iv_pullback,overlay1_high_iv_pullback,,1.0,,,,,,,,,,,,,,,,,,,,,,,,,,
2022-08-04,SR,CZCE,CZCE.SR211C6200,C,2022-10-12,69,-0.0358193459075965,0.066014670069508,3678.0,1125.0,10.5,6200.0,5572.0,C,high_iv_pressure,,0.1728415386953892,0.1728415386953892,,,483,483,1.0,50715.0,50715.0,0.001,SR|C,,,,,False,0,,,,,,,False,,,0.1903181851866085,,False,1396353.0,9666741.75,0.2178094925694582,25888027.849999998,2891.0,8954,False,monthly,monthly,0,,,,,,,,,,,,,,,,,,,,,,,,,,,,,,,,,,,,,,,,,,,,,,,,,,,,,,
2022-08-04,TA,CZCE,CZCE.TA210C7000,C,2022-09-05,32,,0.0297812354269108,1562.0,1604.0,6.5,7000.0,5738.0,C,term_structure_t1_high_iv_pressure,,,,,,390,390,1.0,12675.0,12675.0,0.00025,TA|C,,,,,False,0,,,,,,,False,,,0.2178094925694582,,False,572130.0000000001,11063094.75,0.2290735509364684,24491674.849999998,1467.0000000000002,16695,False,iv_extreme_overlay,overlay3_term_structure_cluster_cap2,0,,,,,0.0126565478178256,0.9869565217391304,463.0,24.0,t3_p95_term_2d_repair_t1_no_trend_conflict_cluster_cap2,2022-08-01,0.0146892471226396,0.0866003701548021,0.1127430101480577,0.1002410783967671,0.4458874458874459,0.9436008676789588,0.9869565217391304,0.9738562091503268,0.9869565217391304,0.95,0.03,0.00025,,,overlay3_term_structure_cluster_cap2,overlay3_term_structure_cluster_cap2,term_structure_t1_high_iv_pressure,3.0,C,,,,,,,,,,,,,0.0146892471226396,0.0866003701548021,0.1127430101480577,0.3531958865741074,0.3385066394514677,0.4538729499449037,0.3672725797901015,0.4001214769879743,0.2873784668399166,-0.0315300365084633,C,False,
2022-08-09,ZN,SHFE,SHFE.zn2209P20000,P,2022-08-25,16,,-0.0117962617753107,1754.0,657.0,10.0,20000.0,24735.0,P,term_structure_t1_high_iv_pressure,,,,,,254,254,1.0,12700.0,12700.0,0.00025,ZN|P,,,,,False,0,,,,,,,False,,,0.139126431547605,,False,1583372.5,7076115.0,0.1702577749098327,28526613.0,6233.75,4576,False,iv_extreme_overlay,overlay3_term_structure_cluster_cap2,0,,,,,0.0277916876160972,0.9746376811594204,555.0,36.0,t3_p95_term_2d_repair_t1_no_trend_conflict_cluster_cap2,2022-08-04,0.0212942534281432,0.0302253112124935,0.0636028570816358,0.0105199699877866,0.8231046931407943,0.9095840867992768,0.9746376811594204,0.6279491833030852,0.9746376811594204,0.95,0.03,0.00025,,,overlay3_term_structure_cluster_cap2,overlay3_term_structure_cluster_cap2,term_structure_t1_high_iv_pressure,3.0,P,,,,,,,,,,,,,0.0212942534281432,0.0302253112124935,0.0636028570816358,0.2946898849827835,0.2733956315546402,0.3061847713373212,0.2759594601248276,0.2956436231544518,0.2320407660728159,0.0789121711992866,P,False,
2022-08-26,AU,SHFE,SHFE.au2210C472,C,2022-09-26,31,0.0076787381965341,0.0096388920334781,3389.0,149.0,0.1,472.0,388.44,C,high_iv_pressure,0.1595345672670045,0.2600452657118894,0.2600452657118894,0.1595345672670045,0.1005106984448849,509,509,1.0,50900.0,50900.0,0.001,AU|C,,,,,False,0,,,,,,,False,,,0.1106311594940376,,False,15868176.8,5636355.0,0.4220939396844953,30026730.5,31175.2,963,False,monthly,monthly,0,,,,,,,,,,,,,,,,,,,,,,,,,,,,,,,,,,,,,,,,,,,,,,,,,,,,,,
2022-08-30,AL,SHFE,SHFE.al2210C20000,C,2022-09-26,27,-0.0099945975148568,0.0788199800660525,1628.0,2551.0,38.0,20000.0,18325.0,C,high_iv_pressure,,0.2191157969983158,0.2191157969983158,,,268,268,1.0,50920.0,50920.0,0.001,AL|C,,,,,False,0,,,,,,,False,,,0.4218775243558405,,False,1384220.0,21504531.8,0.4490332565612653,14176848.2,5165.0,2744,False,monthly,monthly,0,,,,,,,,,,,,,,,,,,,,,,,,,,,,,,,,,,,,,,,,,,,,,,,,,,,,,,
2022-09-09,CU,SHFE,SHFE.cu2210P55000,P,2022-09-26,17,,-0.0198391936607076,7668.0,6343.0,32.0,55000.0,63070.0,P,risk_reversal_t1_forced_rich_side,,,,,,79,79,1.0,12640.0,12640.0,0.00025,CU|P,,,,,False,0,,,,,,,False,,,0.4374742817533456,,False,1258272.5,22316621.8,0.4621402846600886,13392072.2,15927.5,840,False,iv_extreme_overlay,overlay2_risk_reversal_same_sign,0,,,,,0.047245336893581,0.9741100323624596,621.0,17.0,t3_p95_rr_2d_repair_same_sign,2022-09-06,0.089644396265864,0.0902778724652916,0.1096270027722165,0.0970817997211087,0.932258064516129,0.9353796445880452,0.9741100323624596,0.9546191247974068,0.9741100323624596,0.95,0.03,0.00025,,,overlay2_risk_reversal_same_sign,overlay2_risk_reversal_same_sign,risk_reversal_t1_forced_rich_side,2.0,P,-0.089644396265864,-0.0902778724652916,-0.1096270027722165,0.089644396265864,0.0902778724652916,0.1096270027722165,0.3012582099963769,0.2116138137305129,0.3183048950776264,0.2280270226123347,0.3312879857183076,0.2216609829460911,,,,,,,,,,,,,
2022-09-15,SC,INE,INE.sc2211P500,P,2022-10-13,28,,-0.0148358748097521,1443.0,941.0,0.5,500.0,665.7,P,,0.4933111205126823,,0.4933111205126823,,,25,25,1.0,12500.0,12500.0,0.00025,SC|P,,,,,False,0,,,,,,,False,,,0.4619167170711664,,False,1843175.0,23574894.3,0.4980311248031089,12151082.7,73727.0,164,False,iv_extreme_overlay,overlay1_high_iv_pullback,0,,,,,0.3545811026825463,0.9548022598870056,358.0,24.0,t4_p95_pullback_3d,2022-09-08,0.3475238200612662,0.3624464826114422,0.6283288022760612,0.6357314151754437,0.4089635854341736,0.5252808988764045,0.943661971830986,0.9548022598870056,0.9548022598870056,0.95,0.04,0.00025,,,overlay1_high_iv_pullback,overlay1_high_iv_pullback,,1.0,,,,,,,,,,,,,,,,,,,,,,,,,,
2022-09-26,I,DCE,DCE.i2211-C-900,C,2022-10-14,18,,0.0215736646687435,4761.0,859.0,0.6,900.0,718.0,C,term_structure_t1_high_iv_pressure,,,,,,212,212,1.0,12720.0,12720.0,0.00025,I|C,,,,,False,0,,,,,,,False,,,0.0634146833232765,,False,849908.0000000001,3239528.0,0.0800518745048064,32519849.5,4009.000000000001,8111,False,iv_extreme_overlay,overlay3_term_structure_cluster_cap2,0,,,,,0.4217654213564878,0.9565217391304348,440.0,12.0,t3_p95_term_2d_repair_t1_no_trend_conflict_cluster_cap2,2022-09-21,0.1082474129181891,0.2764109943283628,0.5388714357463141,-0.1815501597042715,0.7722095671981777,0.8972602739726028,0.9565217391304348,0.0779816513761468,0.9565217391304348,0.95,0.03,0.00025,,,overlay3_term_structure_cluster_cap2,overlay3_term_structure_cluster_cap2,term_structure_t1_high_iv_pressure,3.0,C,,,,,,,,,,,,,0.1082474129181891,0.2764109943283628,0.5388714357463141,0.3701992608951778,0.2619518479769886,0.6352239581117737,0.3588129637834108,0.6670019282841511,0.1281304925378369,-0.0097289784572619,C,False,
2022-09-28,CU,SHFE,SHFE.cu2211P48000,P,2022-10-25,27,,-0.0221044135410398,3881.0,2790.0,64.0,48000.0,60880.0,P,risk_reversal_t1_forced_rich_side,,,,,,39,39,1.0,12480.0,12480.0,0.00025,CU|P,,,,,False,0,,,,,,,False,,,0.0800262459667031,,False,606060.0,4089436.0,0.0918862449080192,31681393.5,15540.0,2038,False,iv_extreme_overlay,overlay2_risk_reversal_same_sign,0,,,,,0.1067513446915141,0.9936708860759492,635.0,20.0,t3_p95_rr_2d_repair_same_sign,2022-09-24,0.0993594665007191,0.1224658959961588,0.1532281544983713,0.1471200159842742,0.94794952681388,0.9826224328593997,0.9936708860759492,0.9920760697305864,0.9936708860759492,0.95,0.03,0.00025,,,overlay2_risk_reversal_same_sign,overlay2_risk_reversal_same_sign,risk_reversal_t1_forced_rich_side,2.0,P,-0.0993594665007191,-0.1224658959961588,-0.1532281544983713,0.0993594665007191,0.1224658959961588,0.1532281544983713,0.3632708343809668,0.2639113678802477,0.3750752291677961,0.2526093331716373,0.3718288014674891,0.2186006469691178,,,,,,,,,,,,,
2022-09-29,AL,SHFE,SHFE.al2211C20000,C,2022-10-25,26,-0.0010961907371882,0.0760871400429746,1336.0,1262.0,38.0,20000.0,18225.0,C,high_iv_pressure,,0.2343422360177692,0.2343422360177692,,,269,269,1.0,51110.0,51110.0,0.001,AL|C,,,,,False,0,,,,,,,False,,,0.0918675482280582,,False,1308685.0,4695496.0,0.1174720173518391,31082613.5,4865.0,6389,False,monthly,monthly,0,,,,,,,,,,,,,,,,,,,,,,,,,,,,,,,,,,,,,,,,,,,,,,,,,,,,,,
2022-09-29,CF,CZCE,CZCE.CF211C15600,C,2022-10-12,13,,0.0275035697030497,1901.0,1858.0,10.0,15600.0,13545.0,C,risk_reversal_t1_forced_rich_side,,,,,,255,255,1.0,12750.0,12750.0,0.00025,CF|C,,,,,False,0,,,,,,,False,,,0.1174720173518391,,False,876243.75,6004181.0,0.1346157578560712,29773928.5,3436.25,8664,False,iv_extreme_overlay,overlay2_risk_reversal_same_sign,0,,,,,0.0941038777805768,0.998019801980198,508.0,18.0,t3_p95_rr_2d_repair_same_sign,2022-09-26,0.0899618076018663,0.1484242165016576,0.1983380887317917,0.1506848849751662,0.8698224852071006,0.9881422924901184,0.998019801980198,0.9940476190476192,0.998019801980198,0.95,0.03,0.00025,,,overlay2_risk_reversal_same_sign,overlay2_risk_reversal_same_sign,risk_reversal_t1_forced_rich_side,2.0,C,0.0899618076018663,0.1484242165016576,0.1983380887317917,0.0899618076018663,0.1484242165016576,0.1983380887317917,0.3361353805005064,0.4260971881023727,0.2717882500446952,0.4202124665463529,0.248923369214141,0.4472614579459328,,,,,,,,,,,,,
2022-10-12,TA,CZCE,CZCE.TA212C6500,C,2022-11-03,22,,0.0283665361477292,1705.0,5028.0,5.0,6500.0,5490.0,C,term_structure_t1_high_iv_pressure,,,,,,511,511,1.0,12775.0,12775.0,0.00025,TA|C,,,,,False,0,,,,,,,False,,,0.0900428843289732,,False,714122.5,4607828.0,0.1039977562695528,31213765.5,1397.5,22335,False,iv_extreme_overlay,overlay3_term_structure_cluster_cap2,0,,,,,0.0077328264758093,0.9821073558648112,506.0,20.0,t3_p95_term_2d_repair_t1_no_trend_conflict_cluster_cap2,2022-09-30,0.0135524092448283,0.016452241040543,0.3132380551890288,0.2778143682125356,0.401980198019802,0.4424603174603174,0.9821073558648112,0.9820717131474104,0.9821073558648112,0.95,0.03,0.00025,,,overlay3_term_structure_cluster_cap2,overlay3_term_structure_cluster_cap2,term_structure_t1_high_iv_pressure,3.0,C,,,,,,,,,,,,,0.0135524092448283,0.016452241040543,0.3132380551890288,0.3368698599727213,0.323317450727893,0.3493501369999759,0.3328978959594328,0.6694219861493357,0.3561839309603068,-0.0328212290502792,C,False,
2022-10-13,SR,CZCE,CZCE.SR301C6200,C,2022-12-05,53,0.0238441936658173,0.0601624433214,3746.0,3444.0,8.5,6200.0,5625.0,C,high_iv_pressure,0.1484427802603443,0.1882180808032141,0.1882180808032141,0.1484427802603443,0.0397753005428698,602,602,1.0,51170.0,51170.0,0.001,SR|C,,,,,False,0,,,,,,,False,,,0.0679688155596305,,False,1744295.0,3478775.5,0.1020491018950338,32348579.0,2897.5,11164,False,monthly,monthly,0,,,,,,,,,,,,,,,,,,,,,,,,,,,,,,,,,,,,,,,,,,,,,,,,,,,,,,
2022-10-13,RM,CZCE,CZCE.RM301P2325,P,2022-12-05,53,,-0.0163262621726587,2258.0,725.0,3.0,2325.0,3179.0,P,,0.4023029650531859,,0.4023029650531859,,,426,426,1.0,12780.0,12780.0,0.00025,RM|P,,,,,False,0,,,,,,,False,,,0.1020491018950338,,False,689907.0000000001,5223070.5,0.1155286039888878,30604284.0,1619.5000000000002,18897,False,iv_extreme_overlay,overlay1_high_iv_pullback,0,,,,,0.3008485288057102,0.9777777777777776,544.0,12.0,t4_p95_pullback_3d,2022-09-30,0.3058628616955456,0.3246032130041129,0.3403480691755676,0.3697725596730545,0.9023941068139965,0.933579335793358,0.9500924214417744,0.9777777777777776,0.9777777777777776,0.95,0.04,0.00025,,,overlay1_high_iv_pullback,overlay1_high_iv_pullback,,1.0,,,,,,,,,,,,,,,,,,,,,,,,,,
2022-10-17,A,DCE,DCE.a2301-P-5000,P,2022-12-07,51,0.0253342716396902,-0.0371182640144153,1728.0,298.0,8.0,5000.0,5828.0,P,high_iv_pressure,0.2398504341143691,0.130841738212335,0.2398504341143691,0.130841738212335,0.109008695902034,640,640,1.0,51200.0,51200.0,0.001,A|P,,,,,False,0,,,,,,,False,,,0.0988631190270815,,False,1916160.0,5063069.5,0.1362786737918211,30785978.0,2994.0000000000005,10282,False,monthly,monthly,0,,,,,,,,,,,,,,,,,,,,,,,,,,,,,,,,,,,,,,,,,,,,,,,,,,,,,,
2022-10-17,M,DCE,DCE.m2212-C-5200,C,2022-11-07,21,,0.0229079619530803,1503.0,2740.0,4.0,5200.0,4059.0,C,risk_reversal_t1_forced_rich_side,,,,,,320,320,1.0,12800.0,12800.0,0.00025,M|C,,,,,False,0,,,,,,,False,,,0.1362786737918211,,False,662240.0,6979229.5,0.1492097844440637,28869818.0,2069.5,13950,False,iv_extreme_overlay,overlay2_risk_reversal_same_sign,0,,,,,0.4078526174566779,0.9900398406374502,505.0,22.0,t3_p95_rr_2d_repair_same_sign,2022-10-12,0.3480866131798424,0.473040826699233,0.4825123747571728,0.471813245756588,0.9702380952380952,0.9860834990059644,0.9900398406374502,0.9880239520958084,0.9900398406374502,0.95,0.03,0.00025,,,overlay2_risk_reversal_same_sign,overlay2_risk_reversal_same_sign,risk_reversal_t1_forced_rich_side,2.0,C,0.3480866131798424,0.473040826699233,0.4825123747571728,0.3480866131798424,0.473040826699233,0.4825123747571728,0.2407982906882853,0.5888849038681278,0.1758357232467973,0.6488765499460303,0.1379395119198412,0.620451886677014,,,,,,,,,,,,,
2022-10-26,AL,SHFE,SHFE.al2212P17000,P,2022-11-24,29,0.0156883959967542,-0.0498437276815116,1186.0,1459.0,25.0,17000.0,18775.0,P,high_iv_pressure,0.2216348756014651,,0.2216348756014651,,,410,410,1.0,51250.0,51250.0,0.001,AL|P,,,,,False,0,,,,,,,False,,,0.1117251008893322,,False,2080750.0,5726724.5,0.1523193365078744,30153369.75,5075.0,5941,False,monthly,monthly,0,,,,,,,,,,,,,,,,,,,,,,,,,,,,,,,,,,,,,,,,,,,,,,,,,,,,,,
2022-10-26,AU,SHFE,SHFE.au2212P360,P,2022-11-24,29,0.0198575661485678,-0.0238608302811871,1269.0,553.0,0.16,360.0,392.38,P,high_iv_pressure,0.1987960159296912,0.1899591404815476,0.1987960159296912,0.1899591404815476,0.0088368754481435,320,320,1.0,51200.0,51200.0,0.001,AU|P,,,,,False,0,,,,,,,False,,,0.1523193365078744,,False,14960255.999999998,7807474.5,0.4441853256837529,28072619.75,46750.8,600,False,monthly,monthly,0,,,,,,,,,,,,,,,,,,,,,,,,,,,,,,,,,,,,,,,,,,,,,,,,,,,,,,
2022-10-28,PG,DCE,DCE.pg2212-P-4400,P,2022-11-07,10,,-0.0066526136681189,1198.0,3.0,0.8,4400.0,5211.0,P,,0.4200955796609715,,0.4200955796609715,,,798,798,1.0,12768.0,12768.0,0.00025,PG|P,,,,,False,0,,,,,,,False,,,0.4454285248522097,,False,10174500.0,22767730.5,0.6444827312479156,13012221.75,12750.0,1020,False,iv_extreme_overlay,overlay1_high_iv_pullback,0,,,,,0.2501498549035164,0.9743589743589745,550.0,20.0,t4_p95_pullback_3d,2022-10-24,0.2546031174996488,0.2783295710116292,0.2907543309878654,0.5049990573844308,0.0928961748633879,0.2372262773722627,0.3254113345521023,0.9743589743589745,0.9743589743589745,0.95,0.04,0.00025,,,overlay1_high_iv_pullback,overlay1_high_iv_pullback,,1.0,,,,,,,,,,,,,,,,,,,,,,,,,,
2022-11-04,PK,CZCE,CZCE.PK301C12200,C,2022-12-05,31,-0.0113845023870731,0.0640694121030623,1132.0,1008.0,23.0,12200.0,10768.0,C,high_iv_pressure,0.2704115253211366,0.2849856187506242,0.2849856187506242,0.2704115253211366,0.0145740934294875,446,446,1.0,51290.0,51290.0,0.001,PK|C,,,,,False,0,,,,,,,False,,,0.6280114091604748,,False,1251922.0,32228108.0,0.6524069243852283,3694289.699999996,2807.0,1316,False,monthly,monthly,0,,,,,,,,,,,,,,,,,,,,,,,,,,,,,,,,,,,,,,,,,,,,,,,,,,,,,,
2022-11-05,CU,SHFE,SHFE.cu2212P57000,P,2022-11-24,19,,-0.0279814539458159,1444.0,142.0,60.0,57000.0,66360.0,P,risk_reversal_t1_forced_rich_side,,,,,,42,42,1.0,12600.0,12600.0,0.00025,CU|P,,,,,False,0,,,,,,,False,,,0.6524069243852283,,False,709380.0,33480030.0,0.6662302221546865,2442367.6999999955,16890.0,144,False,iv_extreme_overlay,overlay2_risk_reversal_same_sign,0,,,,,0.0715346727006314,0.9680851063829788,661.0,20.0,t3_p95_rr_2d_repair_same_sign,2022-11-02,0.029576257593031,0.0691752418859747,0.1168346963337543,0.111745578036298,0.4772727272727273,0.8133535660091047,0.9680851063829788,0.958904109589041,0.9680851063829788,0.95,0.03,0.00025,,,overlay2_risk_reversal_same_sign,overlay2_risk_reversal_same_sign,risk_reversal_t1_forced_rich_side,2.0,P,-0.029576257593031,-0.0691752418859747,-0.1168346963337543,0.029576257593031,0.0691752418859747,0.1168346963337543,0.2972419186717516,0.2676656610787206,0.2818592134528445,0.2126839715668698,0.339035181258445,0.2222004849246907,,,,,,,,,,,,,
2022-11-28,AU,SHFE,SHFE.au2302C448,C,2023-01-18,51,0.0393146703380755,0.0602729618945126,1879.0,912.0,0.6,448.0,407.64,C,high_iv_pressure,,0.1685015328053927,0.1685015328053927,,,85,85,1.0,51000.0,51000.0,0.001,AU|C,,,,,False,0,,,,,,,False,,,0.1087546279280655,,False,3879603.999999999,5602284.0,0.1840676412505309,30456860.099999998,45642.39999999999,667,False,monthly,monthly,0,,,,,,,,,,,,,,,,,,,,,,,,,,,,,,,,,,,,,,,,,,,,,,,,,,,,,,
2022-11-30,AL,SHFE,SHFE.al2301P17000,P,2022-12-26,26,0.0382217403090268,-0.0272528603005856,1075.0,464.0,13.0,17000.0,19150.0,P,high_iv_pressure,0.238793266781462,,0.238793266781462,,,792,792,1.0,51480.0,51480.0,0.001,AL|P,,,,,False,0,,,,,,,False,,,0.1839907954616413,,False,3843180.0,9481888.0,0.2585655790176452,26592316.599999998,4852.5,5480,False,monthly,monthly,0,,,,,,,,,,,,,,,,,,,,,,,,,,,,,,,,,,,,,,,,,,,,,,,,,,,,,,
2022-12-06,SR,CZCE,CZCE.SR303C6100,C,2023-02-03,59,-0.0076909318547665,0.0690634187853661,9168.0,1736.0,10.0,6100.0,5548.0,C,high_iv_pressure,0.1197177884699372,0.1806319736484034,0.1806319736484034,0.1197177884699372,0.0609141851784661,515,515,1.0,51500.0,51500.0,0.001,SR|C,,,,,False,0,,,,,,,False,,,0.1868802913976809,,False,1487320.0000000005,9638944.0,0.2157165202420023,26465777.099999998,2888.000000000001,9164,False,monthly,monthly,0,,,,,,,,,,,,,,,,,,,,,,,,,,,,,,,,,,,,,,,,,,,,,,,,,,,,,,
2022-12-08,A,DCE,DCE.a2303-P-5000,P,2023-02-07,61,-0.0103946441155743,-0.0654090662869792,5186.0,2918.0,13.5,5000.0,5617.0,P,high_iv_pressure,0.1991660785560954,0.1034358260271308,0.1991660785560954,0.1034358260271308,0.0957302525289646,382,382,1.0,51570.0,51570.0,0.001,A|P,,,,,False,0,,,,,,,False,,,0.1785359280985587,,False,1124417.0,9210104.0,0.2003325150496721,26900682.599999998,2943.5,9139,False,monthly,monthly,0,,,,,,,,,,,,,,,,,,,,,,,,,,,,,,,,,,,,,,,,,,,,,,,,,,,,,,
2022-12-20,M,DCE,DCE.m2303-P-2950,P,2023-02-07,49,,-0.0103030654230257,1110.0,20.0,1.5,2950.0,3770.0,P,,0.299405529837342,0.2805067392786799,0.299405529837342,0.2805067392786799,0.018898790558662,859,859,1.0,12885.0,12885.0,0.00025,M|P,,,,,False,0,,,,,,,False,,,0.2004069875721353,,False,1632100.0,10334521.0,0.2320566638770634,25762846.599999998,1900.0,13559,False,iv_extreme_overlay,overlay1_high_iv_pullback,0,,,,,0.2594469315235728,1.0,583.0,10.0,t4_p95_pullback_3d,2022-12-14,0.1005669410238229,0.2473417519797942,0.395698029003369,0.4555523269074926,0.0,0.7865748709122203,0.996551724137931,1.0,1.0,0.95,0.04,0.00025,,,overlay1_high_iv_pullback,overlay1_high_iv_pullback,,1.0,,,,,,,,,,,,,,,,,,,,,,,,,,
2022-12-27,AL,SHFE,SHFE.al2302P18000,P,2023-01-18,22,-0.0134749935216377,-0.0710015231808725,1554.0,1349.0,24.0,18000.0,19035.0,P,high_iv_pressure,0.1605847823711823,,0.1605847823711823,,,430,430,1.0,51600.0,51600.0,0.001,AL|P,,,,,False,0,,,,,,,False,,,0.1573202840178995,,False,3031500.0,8123441.0,0.2160289569805348,28021985.099999998,7050.0,3974,False,monthly,monthly,0,,,,,,,,,,,,,,,,,,,,,,,,,,,,,,,,,,,,,,,,,,,,,,,,,,,,,,
2022-12-27,AU,SHFE,SHFE.au2302C432,C,2023-01-18,22,0.0065621939275219,0.0667895019717435,2040.0,1844.0,0.38,432.0,411.08,C,high_iv_pressure,,0.157067264971024,0.157067264971024,,,135,135,1.0,51300.0,51300.0,0.001,AU|C,,,,,False,0,,,,,,,False,,,0.2160289569805348,,False,7518527.999999999,11154941.0,0.361634367342539,24990485.099999998,55692.8,448,False,monthly,monthly,0,,,,,,,,,,,,,,,,,,,,,,,,,,,,,,,,,,,,,,,,,,,,,,,,,,,,,,
2023-01-19,AL,SHFE,SHFE.al2303P17500,P,2023-02-22,34,0.0230996508192318,-0.0456690692675011,1032.0,798.0,19.0,17500.0,19045.0,P,high_iv_pressure,0.1704226513780188,,0.1704226513780188,,,545,545,1.0,51775.0,51775.0,0.001,AL|P,,,,,False,0,,,,,,,False,,,0.0818772441260515,,False,3136475.0,4243837.0,0.1423899191581646,32038355.099999998,5755.0,5567,False,monthly,monthly,0,,,,,,,,,,,,,,,,,,,,,,,,,,,,,,,,,,,,,,,,,,,,,,,,,,,,,,
2023-02-06,PK,CZCE,CZCE.PK304C11400,C,2023-03-03,25,0.0460644902864009,0.0631348964192317,1558.0,1858.0,15.5,11400.0,10446.0,C,high_iv_pressure,0.1960843850618036,0.2480348306514143,0.2480348306514143,0.1960843850618036,0.0519504455896107,669,669,1.0,51847.5,51847.5,0.001,PK|C,,,,,False,0,,,,,,,False,,,0.1136075919046278,,False,1950469.5000000007,5892992.0,0.1512095677733246,30417032.099999998,2915.500000000001,10432,False,monthly,monthly,0,,,,,,,,,,,,,,,,,,,,,,,,,,,,,,,,,,,,,,,,,,,,,,,,,,,,,,
2023-02-06,SR,CZCE,CZCE.SR305P5500,P,2023-04-06,59,0.0176379042019712,-0.0618382859998266,5072.0,2367.0,7.5,5500.0,5885.0,P,high_iv_pressure,0.1345897457752093,0.116625621331949,0.1345897457752093,0.116625621331949,0.0179641244432602,691,691,1.0,51825.0,51825.0,0.001,SR|P,,,,,False,0,,,,,,,False,,,0.1512095677733246,,False,2788185.0,7843461.500000001,0.2049613773183918,28466562.599999998,4035.0,7054,False,monthly,monthly,0,,,,,,,,,,,,,,,,,,,,,,,,,,,,,,,,,,,,,,,,,,,,,,,,,,,,,,
2023-02-08,A,DCE,DCE.a2305-P-5100,P,2023-04-10,61,0.0733501064447454,-0.0716531020432169,1603.0,1139.0,11.0,5100.0,5546.0,P,high_iv_pressure,0.1785749032042338,0.1120005057433774,0.1785749032042338,0.1120005057433774,0.0665743974608564,471,471,1.0,51810.0,51810.0,0.001,A|P,,,,,False,0,,,,,,,False,,,0.1517639459811718,,False,1613646.0,7875129.500000001,0.1828609945283396,28448324.099999998,3426.0,8303,False,monthly,monthly,0,,,,,,,,,,,,,,,,,,,,,,,,,,,,,,,,,,,,,,,,,,,,,,,,,,,,,,
2023-02-23,AL,SHFE,SHFE.al2304C20000,C,2023-03-27,32,-0.0272322597538622,0.0779504482956612,2816.0,2772.0,32.0,20000.0,18575.0,C,high_iv_pressure,,0.1687796711095578,0.1687796711095578,,,323,323,1.0,51680.0,51680.0,0.001,AL|C,,,,,False,0,,,,,,,False,,,0.1227059188298179,,False,1900855.0,6352300.500000001,0.1594242950050719,29885644.599999998,5885.0,5078,False,monthly,monthly,0,,,,,,,,,,,,,,,,,,,,,,,,,,,,,,,,,,,,,,,,,,,,,,,,,,,,,,
2023-02-23,AU,SHFE,SHFE.au2304P388,P,2023-03-27,32,-0.0249300914735296,-0.0357250332219357,1223.0,185.0,0.2,388.0,411.46,P,high_iv_pressure,0.1889681735155811,0.1731617756344695,0.1889681735155811,0.1731617756344695,0.0158063978811115,258,258,1.0,51600.0,51600.0,0.001,AU|P,,,,,False,0,,,,,,,False,,,0.1594242950050719,,False,14010328.800000004,8253155.500000001,0.4300585744305905,27984789.599999998,54303.60000000002,515,False,monthly,monthly,0,,,,,,,,,,,,,,,,,,,,,,,,,,,,,,,,,,,,,,,,,,,,,,,,,,,,,,
2023-02-23,PG,DCE,DCE.pg2304-C-5450,C,2023-03-07,12,,0.0279072041794341,1089.0,2422.0,2.8,5450.0,4901.0,C,risk_reversal_t1_forced_rich_side,,,,,,231,231,1.0,12936.0,12936.0,0.00025,PG|C,,,,,False,0,,,,,,,False,,,0.4300585744305905,,False,3273270.0,22263484.300000004,0.4932875735826423,13974460.79999999,14170.0,986,False,iv_extreme_overlay,overlay2_risk_reversal_same_sign,0,,,,,0.0228256659272579,0.983249581239531,600.0,20.0,t3_p95_rr_2d_repair_same_sign,2023-02-20,0.0047607984937974,0.0088627870468682,0.4947649202098994,0.371452961165508,0.0651085141903172,0.1254180602006689,0.983249581239531,0.971476510067114,0.983249581239531,0.95,0.03,0.00025,,,overlay2_risk_reversal_same_sign,overlay2_risk_reversal_same_sign,risk_reversal_t1_forced_rich_side,2.0,C,0.0047607984937974,0.0088627870468682,0.4947649202098994,0.0047607984937974,0.0088627870468682,0.4947649202098994,0.2778530411613714,0.2826138396551688,0.2782676395576585,0.2871304266045268,0.0749011796083813,0.5696660998182808,,,,,,,,,,,,,
2023-03-08,PK,CZCE,CZCE.PK310C12800,C,2023-09-05,181,0.0166951242648454,0.0741921685616145,1503.0,1092.0,38.0,12800.0,10718.0,C,high_iv_pressure,,0.1585557372942779,0.1585557372942779,,,273,273,1.0,51870.0,51870.0,0.001,PK|C,,,,,False,0,,,,,,,False,,,0.391546118173787,,False,783373.5,20313014.800000004,0.4066461343961555,16002273.999999993,2869.5,5576,False,monthly,monthly,0,,,,,,,,,,,,,,,,,,,,,,,,,,,,,,,,,,,,,,,,,,,,,,,,,,,,,,
2023-03-24,C,DCE,DCE.c2305-P-2500,P,2023-04-10,17,,-0.0211574135422371,1057.0,181.0,1.0,2500.0,2739.0,P,risk_reversal_t1_forced_rich_side,,,,,,1297,1297,1.0,12970.0,12970.0,0.00025,C|P,,,,,False,0,,,,,,,False,,,0.4064243514601243,,False,2015538.0000000007,21096388.300000004,0.445253923273288,15238717.499999993,1554.0000000000005,9806,False,iv_extreme_overlay,overlay2_risk_reversal_same_sign,0,,,,,0.0362730283799194,0.9905808477237048,640.0,26.0,t3_p95_rr_2d_repair_same_sign,2023-03-21,0.0367651122260755,0.0928133845465895,0.0984325746594696,0.0640415353733185,0.6964006259780907,0.9843260188087776,0.9905808477237048,0.9339622641509434,0.9905808477237048,0.95,0.03,0.00025,,,overlay2_risk_reversal_same_sign,overlay2_risk_reversal_same_sign,risk_reversal_t1_forced_rich_side,2.0,P,-0.0367651122260755,-0.0928133845465895,-0.0984325746594696,0.0367651122260755,0.0928133845465895,0.0984325746594696,0.1767386768134689,0.1399735645873934,0.2215417413480309,0.1287283568014414,0.2260146881289285,0.1275821134694588,,,,,,,,,,,,,
2023-03-28,AL,SHFE,SHFE.al2305P17000,P,2023-04-24,27,0.0021413276231263,-0.0375115209954377,1852.0,648.0,16.0,17000.0,18720.0,P,high_iv_pressure,0.2053192507057813,,0.2053192507057813,,,649,649,1.0,51920.0,51920.0,0.001,AL|P,,,,,False,0,,,,,,,False,,,0.1386821229673897,,False,3335860.0,7200742.500000001,0.2029288512349255,29145108.3,5140.0,5670,False,monthly,monthly,0,,,,,,,,,,,,,,,,,,,,,,,,,,,,,,,,,,,,,,,,,,,,,,,,,,,,,,
2023-03-28,CU,SHFE,SHFE.cu2305P59000,P,2023-04-24,27,,-0.0284910308916793,1087.0,897.0,70.0,59000.0,69520.0,P,risk_reversal_t1_forced_rich_side,,,,,,37,37,1.0,12950.0,12950.0,0.00025,CU|P,,,,,False,0,,,,,,,False,,,0.2029288512349255,,False,656010.0,10536602.5,0.2155632232441784,25809248.3,17730.0,1455,False,iv_extreme_overlay,overlay2_risk_reversal_same_sign,0,,,,,0.0741213825248094,0.96757457846952,774.0,22.0,t3_p95_rr_2d_repair_same_sign,2023-03-24,0.101969911602292,0.1104335353512874,0.1155585702941532,0.0868379402903884,0.9340232858990944,0.9507772020725388,0.96757457846952,0.8805194805194805,0.96757457846952,0.95,0.03,0.00025,,,overlay2_risk_reversal_same_sign,overlay2_risk_reversal_same_sign,risk_reversal_t1_forced_rich_side,2.0,P,-0.101969911602292,-0.1104335353512874,-0.1155585702941532,0.101969911602292,0.1104335353512874,0.1155585702941532,0.3311288005051161,0.2291588889028241,0.3224397397740975,0.2120062044228101,0.3280082513117126,0.2124496810175594,,,,,,,,,,,,,
2023-04-07,SR,CZCE,CZCE.SR307P6000,P,2023-06-05,59,0.0717688154969831,-0.0741874934102005,16205.0,11617.0,20.0,6000.0,6750.0,P,high_iv_pressure,0.2473668506024796,,0.2473668506024796,,,259,259,1.0,51800.0,51800.0,0.001,SR|P,,,,,False,0,,,,,,,False,,,0.1616577901742453,,False,925925.0,8404427.5,0.1794678063076569,27987875.3,3575.0,7828,False,monthly,monthly,0,,,,,,,,,,,,,,,,,,,,,,,,,,,,,,,,,,,,,,,,,,,,,,,,,,,,,,
2023-04-08,ZN,SHFE,SHFE.zn2305P20000,P,2023-04-24,16,,-0.0162792955081182,1312.0,11.0,7.0,20000.0,22340.0,P,risk_reversal_t1_forced_rich_side,,,,,,371,371,1.0,12985.0,12985.0,0.00025,ZN|P,,,,,False,0,,,,,,,False,,,0.1794678063076569,,False,2085020.0,9330352.5,0.2195728254382407,27061950.3,5620.0,4815,False,iv_extreme_overlay,overlay2_risk_reversal_same_sign,0,,,,,0.0486131927335987,0.9630118890356671,760.0,18.0,t3_p95_rr_2d_repair_same_sign,2023-04-04,0.052365632471929,0.1263137944721227,0.1300911351513152,0.0876221538963191,0.7193675889328063,0.9577836411609498,0.9630118890356671,0.8783068783068783,0.9630118890356671,0.95,0.03,0.00025,,,overlay2_risk_reversal_same_sign,overlay2_risk_reversal_same_sign,risk_reversal_t1_forced_rich_side,2.0,P,-0.052365632471929,-0.1263137944721227,-0.1300911351513152,0.052365632471929,0.1263137944721227,0.1300911351513152,0.2121401087748684,0.1597744763029394,0.2963053941979063,0.1699915997257836,0.298186920511825,0.1680957853605098,,,,,,,,,,,,,
2023-04-11,A,DCE,DCE.a2307-C-5600,C,2023-06-07,57,-0.0841915085817525,0.040935788788434,2141.0,2282.0,4.5,5600.0,5069.0,C,high_iv_pressure,,0.138178945038883,0.138178945038883,,,1155,1155,1.0,51975.0,51975.0,0.001,A|C,,,,,False,0,,,,,,,False,,,0.1496880154142241,,False,2979322.5000000005,7786188.5,0.2069649323940718,28625089.55,2579.5000000000005,11097,False,monthly,monthly,0,,,,,,,,,,,,,,,,,,,,,,,,,,,,,,,,,,,,,,,,,,,,,,,,,,,,,,
2023-04-24,TA,CZCE,CZCE.TA306C6700,C,2023-05-08,14,,0.0220843813353907,30215.0,22785.0,3.5,6700.0,5724.0,C,risk_reversal_t1_forced_rich_side,,,,,,743,743,1.0,13002.5,13002.5,0.00025,TA|C,,,,,False,0,,,,,,,False,,,0.0900345388810511,,False,1076235.5,4688621.0,0.1107012481266731,31764441.8,1448.5,21929,False,iv_extreme_overlay,overlay2_risk_reversal_same_sign,0,,,,,0.2135923067337229,0.9722650231124808,652.0,14.0,t3_p95_rr_2d_repair_same_sign,2023-04-19,0.1670549364403194,0.1846001993212461,0.1921160609360033,0.1632236071459946,0.9416282642089092,0.96,0.9722650231124808,0.9429012345679012,0.9722650231124808,0.95,0.03,0.00025,,,overlay2_risk_reversal_same_sign,overlay2_risk_reversal_same_sign,risk_reversal_t1_forced_rich_side,2.0,C,0.1670549364403194,0.1846001993212461,0.1921160609360033,0.1670549364403194,0.1846001993212461,0.1921160609360033,0.1797979499329977,0.3468528863733171,0.1741762194099868,0.358776418731233,0.1741403439703982,0.3662564049064016,,,,,,,,,,,,,
2023-04-25,AL,SHFE,SHFE.al2306P17300,P,2023-05-25,30,-0.0063931806073521,-0.0667148890835113,1487.0,559.0,29.0,17300.0,18650.0,P,high_iv_pressure,0.1816168148908264,0.1631235964367791,0.1816168148908264,0.1631235964367791,0.0184932184540472,359,359,1.0,52055.0,52055.0,0.001,AL|P,,,,,False,0,,,,,,,False,,,0.1106666035860922,,False,2188105.0,5764856.5,0.1526711441396596,30699618.05,6095.0,5036,False,monthly,monthly,0,,,,,,,,,,,,,,,,,,,,,,,,,,,,,,,,,,,,,,,,,,,,,,,,,,,,,,
2023-04-25,AU,SHFE,SHFE.au2306C488,C,2023-05-25,30,0.0135018411601581,0.0592597388667927,1520.0,1207.0,0.62,488.0,445.88,C,high_iv_pressure,0.2082822680713346,0.2098801350692122,0.2098801350692122,0.2082822680713346,0.0015978669978775,84,84,1.0,52080.0,52080.0,0.001,AU|C,,,,,False,0,,,,,,,False,,,0.1526711441396596,,False,4275667.199999999,7952961.5,0.2347501286015377,28511513.05,50900.8,560,False,monthly,monthly,0,,,,,,,,,,,,,,,,,,,,,,,,,,,,,,,,,,,,,,,,,,,,,,,,,,,,,,
2023-05-08,TA,CZCE,CZCE.TA307C6600,C,2023-06-05,28,,0.0244258424966998,8654.0,8809.0,4.5,6600.0,5472.0,C,risk_reversal_t1_forced_rich_side,,,,,,577,577,1.0,12982.5,12982.5,0.00025,TA|C,,,,,False,0,,,,,,,False,,,0.2143873277258055,,False,802318.5,11152393.2,0.2298106468390498,25261490.6,1390.5,18167,False,iv_extreme_overlay,overlay2_risk_reversal_same_sign,0,,,,,0.0971616261378849,0.9954268292682928,659.0,19.0,t3_p95_rr_2d_repair_same_sign,2023-04-28,0.0868902749808266,0.1027654603456549,0.2805147090817756,0.2689050748504669,0.7917933130699089,0.8356164383561644,0.9954268292682928,0.9954198473282444,0.9954268292682928,0.95,0.03,0.00025,,,overlay2_risk_reversal_same_sign,overlay2_risk_reversal_same_sign,risk_reversal_t1_forced_rich_side,2.0,C,0.0868902749808266,0.1027654603456549,0.2805147090817756,0.0868902749808266,0.1027654603456549,0.2805147090817756,0.2171802670920095,0.3040705420728361,0.2191896526477177,0.3219551129933726,0.1233520704850856,0.4038667795668612,,,,,,,,,,,,,
2023-05-26,AL,SHFE,SHFE.al2307C19400,C,2023-06-26,31,-0.0192203573362208,0.063009334683997,1262.0,748.0,21.0,19400.0,18115.0,C,high_iv_pressure,,0.1478098944594017,0.1478098944594017,,,497,497,1.0,52185.0,52185.0,0.001,AL|C,,,,,False,0,,,,,,,False,,,0.1050556930452728,,False,2957150.0,5490939.5,0.1616335232487978,31095917.8,5950.0,5226,False,monthly,monthly,0,,,,,,,,,,,,,,,,,,,,,,,,,,,,,,,,,,,,,,,,,,,,,,,,,,,,,,
2023-05-27,AU,SHFE,SHFE.au2308C496,C,2023-07-25,59,-0.0287895310796073,0.0763496059619563,2135.0,99.0,1.06,496.0,445.3,C,high_iv_pressure,0.1624475328444071,0.1841625885607306,0.1841625885607306,0.1624475328444071,0.0217150557163235,49,49,1.0,51940.0,51940.0,0.001,AU|C,,,,,False,0,,,,,,,False,,,0.1616335232487978,,False,2300942.000000001,8448089.5,0.2056564188692971,28138767.8,46958.000000000015,599,False,monthly,monthly,0,,,,,,,,,,,,,,,,,,,,,,,,,,,,,,,,,,,,,,,,,,,,,,,,,,,,,,
2023-06-06,SR,CZCE,CZCE.SR309P5900,P,2023-08-03,58,-0.0094052959050788,-0.0649484767381525,9806.0,9704.0,21.0,5900.0,6846.0,P,high_iv_pressure,0.2998080646571198,,0.2998080646571198,,,249,249,1.0,52290.0,52290.0,0.001,SR|P,,,,,False,0,,,,,,,False,,,0.1724642805481835,,False,904617.0,9020788.0,0.1897592352768232,27592889.8,3633.0,7595,False,monthly,monthly,0,,,,,,,,,,,,,,,,,,,,,,,,,,,,,,,,,,,,,,,,,,,,,,,,,,,,,,
2023-06-12,A,DCE,DCE.a2309-C-5800,C,2023-08-07,56,0.0007950705625123,0.0139309921783152,1285.0,2360.0,1.5,5800.0,5035.0,C,high_iv_pressure,,0.1623191927464076,0.1623191927464076,,,3490,3490,1.0,52350.0,52350.0,0.001,A|C,,,,,False,0,,,,,,,False,,,0.1326628958205267,,False,8838425.0,6946082.500000001,0.3014675500976014,29705143.3,2532.5,11729,False,monthly,monthly,0,,,,,,,,,,,,,,,,,,,,,,,,,,,,,,,,,,,,,,,,,,,,,,,,,,,,,,
2023-06-27,AL,SHFE,SHFE.al2308P16500,P,2023-07-25,28,-0.0030353200883002,-0.0573881206572585,4042.0,3376.0,27.0,16500.0,18065.0,P,high_iv_pressure,0.2232946689087475,0.1405397306602025,0.2232946689087475,0.1405397306602025,0.0827549382485449,387,387,1.0,52245.0,52245.0,0.001,AL|P,,,,,False,0,,,,,,,False,,,0.245461981372563,,False,2033685.0,12827357.5,0.2843782078508273,23753257.55,5255.0,4520,False,monthly,monthly,0,,,,,,,,,,,,,,,,,,,,,,,,,,,,,,,,,,,,,,,,,,,,,,,,,,,,,,
2023-06-27,AU,SHFE,SHFE.au2308P416,P,2023-07-25,28,-0.0136030386008302,-0.047956005318113,2794.0,4631.0,0.4,416.0,446.68,P,high_iv_pressure,0.1764879329158694,0.1663320696686177,0.1764879329158694,0.1663320696686177,0.0101558632472516,130,130,1.0,52000.0,52000.0,0.001,AU|P,,,,,False,0,,,,,,,False,,,0.2843782078508273,,False,7348743.999999999,14861042.5,0.4250024371856481,21719572.55,56528.8,384,False,monthly,monthly,0,,,,,,,,,,,,,,,,,,,,,,,,,,,,,,,,,,,,,,,,,,,,,,,,,,,,,,
2023-06-29,CU,SHFE,SHFE.cu2308P56000,P,2023-07-25,26,,-0.009892147367073,1344.0,188.0,18.0,56000.0,66920.0,P,risk_reversal_t1_forced_rich_side,,,,,,145,145,1.0,13050.0,13050.0,0.00025,CU|P,,,,,False,0,,,,,,,False,,,0.4241091447833267,,False,2438900.0,22209786.5,0.4706813976598708,14447877.549999995,16820.0,858,False,iv_extreme_overlay,overlay2_risk_reversal_same_sign,0,,,,,0.0471883555674959,0.9596678529062872,846.0,17.0,t3_p95_rr_2d_repair_same_sign,2023-06-26,0.072003790720191,0.0873232432145719,0.1129544463774131,0.080401505800981,0.770414201183432,0.8518957345971564,0.9596678529062872,0.8230403800475059,0.9596678529062872,0.95,0.03,0.00025,,,overlay2_risk_reversal_same_sign,overlay2_risk_reversal_same_sign,risk_reversal_t1_forced_rich_side,2.0,P,-0.072003790720191,-0.0873232432145719,-0.1129544463774131,0.072003790720191,0.0873232432145719,0.1129544463774131,0.2267619283387993,0.1547581376186082,0.2463820333754083,0.1590587901608364,0.2669141789338808,0.1539597325564676,,,,,,,,,,,,,
2023-06-30,SR,CZCE,CZCE.SR309P5800,P,2023-08-03,34,,-0.0272320686480443,8148.0,5173.0,6.0,5800.0,6765.0,P,risk_reversal_t1_forced_rich_side,,,,,,218,218,1.0,13080.0,13080.0,0.00025,SR|P,,,,,False,0,,,,,,,False,,,0.4706164013419754,,False,750465.0,24648686.5,0.4849450000538421,12014040.299999995,3442.5,3489,False,iv_extreme_overlay,overlay2_risk_reversal_same_sign,0,,,,,0.0645713487992455,0.956338028169014,713.0,19.0,t3_p95_rr_2d_repair_same_sign,2023-06-27,0.0604573545353466,0.0677932420117674,0.0938551111031761,0.0910817345244329,0.8764044943820225,0.90014064697609,0.956338028169014,0.9520451339915372,0.956338028169014,0.95,0.03,0.00025,,,overlay2_risk_reversal_same_sign,overlay2_risk_reversal_same_sign,risk_reversal_t1_forced_rich_side,2.0,P,-0.0604573545353466,-0.0677932420117674,-0.0938551111031761,0.0604573545353466,0.0677932420117674,0.0938551111031761,0.2594002790795511,0.1989429245442044,0.2683424961504626,0.2005492541386951,0.2874732298220233,0.1936181187188471,,,,,,,,,,,,,
2023-07-10,SI,GFEX,GFEX.si2309-C-15200,C,2023-08-07,28,0.0442616529573052,0.0777815861200268,1277.0,411.0,40.0,15200.0,13330.0,C,high_iv_pressure,0.2646907299008042,0.3570979895409011,0.3570979895409011,0.2646907299008042,0.0924072596400969,262,262,1.0,52400.0,52400.0,0.001,SI|C,,,,,False,0,,,,,,,False,,,0.4841779698278994,,False,925515.0,25399151.5,0.5018208416279778,11321656.049999995,3532.5,3204,False,monthly,monthly,0,,,,,,,,,,,,,,,,,,,,,,,,,,,,,,,,,,,,,,,,,,,,,,,,,,,,,,
2023-07-26,AL,SHFE,SHFE.al2309P17400,P,2023-08-25,30,0.0121647774398672,-0.0685830039382846,1001.0,639.0,20.0,17400.0,18305.0,P,high_iv_pressure,0.1423930538584416,,0.1423930538584416,,,526,526,1.0,52600.0,52600.0,0.001,AL|P,,,,,False,0,,,,,,,False,,,0.2317213359629428,,False,3676740.0,12202395.5,0.3015419793594292,24659453.3,6990.0,3527,False,monthly,monthly,0,,,,,,,,,,,,,,,,,,,,,,,,,,,,,,,,,,,,,,,,,,,,,,,,,,,,,,
2023-08-03,RM,CZCE,CZCE.RM311P2900,P,2023-10-11,69,,-0.0365982641270927,1364.0,2121.0,9.0,2900.0,3767.0,P,,0.3560215449570563,,0.3560215449570563,,,146,146,1.0,13140.0,13140.0,0.00025,RM|P,,,,,False,0,,,,,,,False,,,0.2698881553651316,,False,288131.00000000006,14224053.5,0.2753551724916849,22668404.55,1973.5,11486,False,iv_extreme_overlay,overlay1_high_iv_pullback,0,,,,,0.4236234944144553,0.9905149051490516,742.0,7.0,t4_p95_pullback_3d,2023-07-28,0.2730237870666316,0.2794226638763893,0.2900524616731867,0.3887645723552577,0.8016194331983806,0.8283783783783784,0.8673883626522327,0.9905149051490516,0.9905149051490516,0.95,0.04,0.00025,,,overlay1_high_iv_pullback,overlay1_high_iv_pullback,,1.0,,,,,,,,,,,,,,,,,,,,,,,,,,
2023-08-04,SR,CZCE,CZCE.SR311P6200,P,2023-10-11,68,-0.0159057437407953,-0.0794434536298069,4877.0,3035.0,14.0,6200.0,6682.0,P,high_iv_pressure,0.1757183307953785,0.1568555240945872,0.1757183307953785,0.1568555240945872,0.0188628067007912,376,376,1.0,52640.0,52640.0,0.001,SR|P,,,,,False,0,,,,,,,False,,,0.2753490598363639,,False,1658912.0,14512184.5,0.3068246698350695,22381092.55,4412.0,5072,False,monthly,monthly,0,,,,,,,,,,,,,,,,,,,,,,,,,,,,,,,,,,,,,,,,,,,,,,,,,,,,,,
2023-08-08,SI,GFEX,GFEX.si2310-C-15000,C,2023-09-07,30,-0.0097159940209267,0.0591190285675963,4571.0,1753.0,25.0,15000.0,13250.0,C,high_iv_pressure,,0.2876231458367527,0.2876231458367527,,,421,421,1.0,52625.0,52625.0,0.001,SI|C,,,,,False,0,,,,,,,False,,,0.1214893836430192,,False,1447187.5,6407156.5,0.1489302487742021,30509728.05,3437.5,8875,False,monthly,monthly,0,,,,,,,,,,,,,,,,,,,,,,,,,,,,,,,,,,,,,,,,,,,,,,,,,,,,,,
2023-08-09,A,DCE,DCE.a2311-C-5600,C,2023-10-13,65,-0.0100951271597747,0.0713198336140417,1463.0,5225.0,9.5,5600.0,5099.0,C,high_iv_pressure,0.1397472276061006,0.1626873671282191,0.1626873671282191,0.1397472276061006,0.0229401395221185,555,555,1.0,52725.0,52725.0,0.001,A|C,,,,,False,0,,,,,,,False,,,0.1489396530978769,,False,1492395.0000000002,7854344.0,0.1772395077496474,29060209.55,2689.0000000000005,10807,False,monthly,monthly,0,,,,,,,,,,,,,,,,,,,,,,,,,,,,,,,,,,,,,,,,,,,,,,,,,,,,,,
2023-08-09,C,DCE,DCE.c2311-P-2440,P,2023-10-13,65,,-0.0297415703796372,2098.0,135.0,2.0,2440.0,2729.0,P,risk_reversal_t1_forced_rich_side,,,,,,659,659,1.0,13180.0,13180.0,0.00025,C|P,,,,,False,0,,,,,,,False,,,0.1772395077496474,,False,912385.5,9346739.0,0.1945408100431977,27567814.55,1384.5000000000002,19911,False,iv_extreme_overlay,overlay2_risk_reversal_same_sign,0,,,,,0.0041899209519151,0.9945130315500684,732.0,38.0,t3_p95_rr_2d_repair_same_sign,2023-08-04,0.0660818050440606,0.0680927453498895,0.1051988234844666,0.0900576300410146,0.9247606019151848,0.9356164383561644,0.9945130315500684,0.978021978021978,0.9945130315500684,0.95,0.03,0.00025,,,overlay2_risk_reversal_same_sign,overlay2_risk_reversal_same_sign,risk_reversal_t1_forced_rich_side,2.0,P,-0.0660818050440606,-0.0680927453498895,-0.1051988234844666,0.0660818050440606,0.0680927453498895,0.1051988234844666,0.1794357792852019,0.1133539742411412,0.1861566366372619,0.1180638912873724,0.1918378260796145,0.0866390025951479,,,,,,,,,,,,,
2023-08-10,PG,DCE,DCE.pg2310-C-6100,C,2023-09-07,28,,0.0106558243267979,1883.0,2586.0,2.2,6100.0,4288.0,C,risk_reversal_t1_forced_rich_side,,,,,,299,299,1.0,13156.0,13156.0,0.00025,PG|C,,,,,False,0,,,,,,,False,,,0.1945554750074773,,False,2577380.0,10259124.5,0.2434332705907916,26652646.55,8620.0,3091,False,iv_extreme_overlay,overlay2_risk_reversal_same_sign,0,,,,,0.4910816789786033,0.9971671388101984,709.0,27.0,t3_p95_rr_2d_repair_same_sign,2023-08-02,0.5517868799338906,0.565238629489932,0.6702291034933926,0.4912784544717536,0.9887005649717514,0.99009900990099,0.9971671388101984,0.9829787234042552,0.9971671388101984,0.95,0.03,0.00025,,,overlay2_risk_reversal_same_sign,overlay2_risk_reversal_same_sign,risk_reversal_t1_forced_rich_side,2.0,C,0.5517868799338906,0.565238629489932,0.6702291034933926,0.5517868799338906,0.565238629489932,0.6702291034933926,0.045305161452772,0.5970920413866627,0.0746135099451406,0.6398521394350727,0.0502263967954158,0.7204555002888084,,,,,,,,,,,,,
2023-08-21,IO,CFFEX,CFFEX.IO2309-C-4300,C,2023-09-15,25,,0.0264597852681371,4193.0,1406.0,2.6,4300.0,3734.8,C,term_structure_t1_high_iv_pressure,,,,,,50,50,1.0,13000.0,13000.0,0.00025,IO|C,,,,,False,0,,,,,,,False,,,0.2431971833128653,,False,1133440.0,12836504.5,0.2646710522663747,24111099.2,22668.8,1063,False,iv_extreme_overlay,overlay3_term_structure_cluster_cap2,0,,,,,0.0298997149167529,0.9598930481283422,751.0,32.0,t3_p95_term_2d_repair_t1_no_trend_conflict_cluster_cap2,2023-08-16,0.0159259328740982,0.0210630784236182,0.0226725593709975,0.0211082311980518,0.9093333333333332,0.9532710280373832,0.9598930481283422,0.9558232931726908,0.9598930481283422,0.95,0.03,0.00025,,,overlay3_term_structure_cluster_cap2,overlay3_term_structure_cluster_cap2,term_structure_t1_high_iv_pressure,3.0,C,,,,,,,,,,,,,0.0159259328740982,0.0210630784236182,0.0226725593709975,0.1890998305719387,0.1731738976978404,0.1812198477364102,0.160156769312792,0.1790701558941121,0.1563975965231146,-0.0116327595200834,C,False,
2023-08-25,I,DCE,DCE.i2310-C-980,C,2023-09-07,13,,0.0234456888564259,2734.0,3151.0,0.6,980.0,823.5,C,risk_reversal_t1_forced_rich_side,,,,,,219,219,1.0,13140.0,13140.0,0.00025,I|C,,,,,False,0,,,,,,,False,,,0.195088026344946,,False,1005045.75,10293204.5,0.2141367484172488,26640088.05,4589.25,5804,False,iv_extreme_overlay,overlay2_risk_reversal_same_sign,0,,,,,0.2534144570381223,0.953551912568306,735.0,24.0,t3_p95_rr_2d_repair_same_sign,2023-08-22,0.2516885557135999,0.3223460042403944,0.3481599709840969,0.2558129152136964,0.8542234332425068,0.9331514324693042,0.953551912568306,0.86593707250342,0.953551912568306,0.95,0.03,0.00025,,,overlay2_risk_reversal_same_sign,overlay2_risk_reversal_same_sign,risk_reversal_t1_forced_rich_side,2.0,C,0.2516885557135999,0.3223460042403944,0.3481599709840969,0.2516885557135999,0.3223460042403944,0.3481599709840969,0.2392169444129098,0.4909055001265098,0.230885418040597,0.5532314222809914,0.2142728303252548,0.5624328013093517,,,,,,,,,,,,,
2023-08-26,AL,SHFE,SHFE.al2310P17800,P,2023-09-22,27,0.0054141851651325,-0.0605750282986887,1803.0,69.0,14.0,17800.0,18570.0,P,high_iv_pressure,0.1149876592161497,,0.1149876592161497,,,753,753,1.0,52710.0,52710.0,0.001,AL|P,,,,,False,0,,,,,,,False,,,0.2141367484172488,,False,5594790.0,11298250.25,0.3201753041376214,25635042.3,7430.0,3450,False,monthly,monthly,0,,,,,,,,,,,,,,,,,,,,,,,,,,,,,,,,,,,,,,,,,,,,,,,,,,,,,,
2023-08-26,AU,SHFE,SHFE.au2310C488,C,2023-09-22,27,0.009909711517287,0.0534738926153348,3747.0,159.0,0.38,488.0,458.6,C,high_iv_pressure,0.1332697349345135,0.1580249199606601,0.1580249199606601,0.1332697349345135,0.0247551850261465,138,138,1.0,52440.0,52440.0,0.001,AU|C,,,,,False,0,,,,,,,False,,,0.3201753041376214,,False,8149728.000000003,16893040.25,0.4746378284922231,20040252.3,59056.00000000002,339,False,monthly,monthly,0,,,,,,,,,,,,,,,,,,,,,,,,,,,,,,,,,,,,,,,,,,,,,,,,,,,,,,
2023-08-30,Y,DCE,DCE.y2311-P-7400,P,2023-10-13,44,,-0.0148634941446642,2526.0,82.0,3.0,7400.0,8496.0,P,,0.1914849033447343,,0.1914849033447343,,,440,440,1.0,13200.0,13200.0,0.00025,Y|P,,,,,False,0,,,,,,,False,,,0.4737110805731971,,False,1882320.0,25042768.250000004,0.5093172017608794,11962778.999999996,4278.0,2796,False,iv_extreme_overlay,overlay1_high_iv_pullback,0,,,,,0.2795756927648363,1.0,259.0,17.0,t4_p95_pullback_3d,2023-08-24,0.2550656481598505,0.2670848727256698,0.3357203559184573,0.3395068787756823,0.9302325581395348,0.9455252918287936,0.99609375,1.0,1.0,0.95,0.04,0.00025,,,overlay1_high_iv_pullback,overlay1_high_iv_pullback,,1.0,,,,,,,,,,,,,,,,,,,,,,,,,,
2023-08-31,M,DCE,DCE.m2311-P-3750,P,2023-10-13,43,,-0.0292772991445111,2744.0,230.0,2.5,3750.0,4127.0,P,,0.1900117008337211,,0.1900117008337211,,,528,528,1.0,13200.0,13200.0,0.00025,M|P,,,,,False,0,,,,,,,False,,,0.5090264990386616,,False,1196976.0000000002,26925088.250000004,0.5316556728803964,10101592.699999992,2267.0000000000005,4455,False,iv_extreme_overlay,overlay1_high_iv_pullback,0,,,,,0.1321174584224386,0.9546061415220294,753.0,21.0,t4_p95_pullback_3d,2023-08-25,0.1266114557261398,0.1325099737035894,0.3132753527323163,0.318877930270925,0.0239361702127659,0.0346205059920106,0.948,0.9546061415220294,0.9546061415220294,0.95,0.04,0.00025,,,overlay1_high_iv_pullback,overlay1_high_iv_pullback,,1.0,,,,,,,,,,,,,,,,,,,,,,,,,,
2023-09-04,MO,CFFEX,CFFEX.MO2309-C-6700,C,2023-09-15,11,,0.019305939362707,2876.0,640.0,1.6,6700.0,6198.0,C,term_structure_t1_high_iv_pressure,,,,,,82,82,1.0,13120.0,13120.0,0.00025,MO|C,,,,,False,0,,,,,,,False,,,0.5314168956115793,,False,3062536.0,28122064.250000004,0.5892890119452409,8921253.59999999,37348.0,238,False,iv_extreme_overlay,overlay3_term_structure_cluster_cap2,0,,,,,0.0155060621245691,0.9777777777777776,273.0,26.0,t3_p95_term_2d_repair_t1_no_trend_conflict_cluster_cap2,2023-08-30,0.0144978531221731,0.0187956323668233,0.0292086554458994,0.0252426392030545,0.8235294117647058,0.8892988929889298,0.9777777777777776,0.9553903345724908,0.9777777777777776,0.95,0.03,0.00025,,,overlay3_term_structure_cluster_cap2,overlay3_term_structure_cluster_cap2,term_structure_t1_high_iv_pressure,3.0,C,,,,,,,,,,,,,0.0144978531221731,0.0187956323668233,0.0292086554458994,0.1689771695001248,0.1544793163779517,0.1841838958847242,0.1653882635179009,0.1917619783473854,0.162553322901486,-0.0660484191840358,C,False,
2023-09-06,PK,CZCE,CZCE.PK311C11200,C,2023-10-11,35,-0.0136093540348859,0.0696062464915796,2202.0,1738.0,17.0,11200.0,10292.0,C,high_iv_pressure,0.2206094502929329,0.2262479206962304,0.2262479206962304,0.2206094502929329,0.0056384704032975,623,623,1.0,52955.0,52955.0,0.001,PK|C,,,,,False,0,,,,,,,False,,,0.5740248805953697,,False,1844703.0,30401226.750000004,0.6088558901469472,6671833.049999993,2961.0,2253,False,monthly,monthly,0,,,,,,,,,,,,,,,,,,,,,,,,,,,,,,,,,,,,,,,,,,,,,,,,,,,,,,
2023-09-08,SI,GFEX,GFEX.si2311-C-20600,C,2023-10-13,35,0.0436057163796261,0.0110769944378253,1308.0,822.0,8.0,20600.0,14240.0,C,high_iv_pressure,0.2026304297329287,0.5014842859067561,0.5014842859067561,0.2026304297329287,0.2988538561738274,1324,1324,1.0,52960.0,52960.0,0.001,SI|C,,,,,False,0,,,,,,,False,,,0.5137201425228385,,False,4766400.0,27216316.500000004,0.6036880736100911,9868897.749999996,3600.0,2741,False,monthly,monthly,0,,,,,,,,,,,,,,,,,,,,,,,,,,,,,,,,,,,,,,,,,,,,,,,,,,,,,,
2023-09-15,SR,CZCE,CZCE.SR311P6400,P,2023-10-11,26,,-0.0309068577744875,11973.0,3523.0,3.5,6400.0,6901.0,P,,0.2553948157868256,,0.2553948157868256,,,379,379,1.0,13265.0,13265.0,0.00025,SR|P,,,,,False,0,,,,,,,False,,,0.5236765862156829,,False,1679349.0,27786740.500000004,0.5553260613091981,9355875.499999996,4431.0,2111,False,iv_extreme_overlay,overlay1_high_iv_pullback,0,,,,,0.1532743106576992,0.9830949284785436,773.0,26.0,t4_p95_pullback_3d,2023-09-11,0.1510634136799068,0.2046413977152116,0.2309705687383335,0.2528268292139424,0.6139896373056994,0.9468223086900128,0.9688311688311688,0.9830949284785436,0.9830949284785436,0.95,0.04,0.00025,,,overlay1_high_iv_pullback,overlay1_high_iv_pullback,,1.0,,,,,,,,,,,,,,,,,,,,,,,,,,
2023-09-23,AL,SHFE,SHFE.al2311C21000,C,2023-10-25,32,0.0247694334650856,0.079615182829812,1500.0,42.0,36.0,21000.0,19445.0,C,high_iv_pressure,0.1442520717332202,0.1770742635974934,0.1770742635974934,0.1442520717332202,0.0328221918642731,295,295,1.0,53100.0,53100.0,0.001,AL|C,,,,,False,0,,,,,,,False,,,0.2957591354123981,,False,1774425.0,15721571.5,0.3291401752056621,21488099.25,6015.0,3572,False,monthly,monthly,0,,,,,,,,,,,,,,,,,,,,,,,,,,,,,,,,,,,,,,,,,,,,,,,,,,,,,,
2023-09-23,AU,SHFE,SHFE.au2312C520,C,2023-11-24,62,0.0188025301100425,0.0640419722977585,1919.0,130.0,0.8,520.0,470.32,C,high_iv_pressure,0.1290487556575037,0.1515827464519988,0.1515827464519988,0.1290487556575037,0.022533990794495,66,66,1.0,52800.0,52800.0,0.001,AU|C,,,,,False,0,,,,,,,False,,,0.3291401752056621,,False,3379939.1999999997,17495996.5,0.3927246518299278,19713674.25,51211.19999999999,384,False,monthly,monthly,0,,,,,,,,,,,,,,,,,,,,,,,,,,,,,,,,,,,,,,,,,,,,,,,,,,,,,,
2023-10-12,PK,CZCE,CZCE.PK312P9000,P,2023-11-03,22,-0.0520792848814612,-0.0466959517284786,1282.0,1360.0,9.5,9000.0,9756.0,P,high_iv_pressure,0.2017203270620725,0.1580509900462793,0.2017203270620725,0.1580509900462793,0.0436693370157931,1121,1121,1.0,53247.5,53247.5,0.001,PK|P,,,,,False,0,,,,,,,False,,,0.2891906567079926,,False,3402795.5,15404840.7,0.3530703607862049,21883322.8,3035.5,7209,False,monthly,monthly,0,,,,,,,,,,,,,,,,,,,,,,,,,,,,,,,,,,,,,,,,,,,,,,,,,,,,,,
2023-10-12,SR,CZCE,CZCE.SR401P6200,P,2023-12-13,62,-0.0440864773208986,-0.0749585827887546,12231.0,4902.0,15.0,6200.0,6765.0,P,high_iv_pressure,0.1995642554392616,0.1532556673624683,0.1995642554392616,0.1532556673624683,0.0463085880767932,355,355,1.0,53250.0,53250.0,0.001,SR|P,,,,,False,0,,,,,,,False,,,0.3530703607862049,,False,1451950.0,18807636.2,0.380327401750424,18480527.3,4090.0,4518,False,monthly,monthly,0,,,,,,,,,,,,,,,,,,,,,,,,,,,,,,,,,,,,,,,,,,,,,,,,,,,,,,
2023-10-16,A,DCE,DCE.a2401-C-5900,C,2023-12-07,52,-0.0200038842493688,0.0190995726417619,1378.0,1345.0,2.5,5900.0,5046.0,C,high_iv_pressure,,0.1928304799998984,0.1928304799998984,,,2131,2131,1.0,53275.0,53275.0,0.001,A|C,,,,,False,0,,,,,,,False,,,0.1878443163219326,,False,5429788.0,10009109.7,0.2897469675270676,27289739.3,2548.0,10710,False,monthly,monthly,0,,,,,,,,,,,,,,,,,,,,,,,,,,,,,,,,,,,,,,,,,,,,,,,,,,,,,,
2023-10-16,SI,GFEX,GFEX.si2312-P-13400,P,2023-11-07,22,0.0210674157303369,-0.0676422201240993,1347.0,991.0,25.0,13400.0,14540.0,P,high_iv_pressure,0.2303137018989314,,0.2303137018989314,,,426,426,1.0,53250.0,53250.0,0.001,SI|P,,,,,False,0,,,,,,,False,,,0.2897469675270676,,False,1936170.0,15438897.7,0.3260837188300368,21859951.3,4545.0,4809,False,monthly,monthly,0,,,,,,,,,,,,,,,,,,,,,,,,,,,,,,,,,,,,,,,,,,,,,,,,,,,,,,
2023-10-26,AL,SHFE,SHFE.al2312C20000,C,2023-11-24,29,-0.0280277706351247,0.0737878210041652,3109.0,2426.0,23.0,20000.0,18900.0,C,high_iv_pressure,0.109045814057425,0.1398712425640491,0.1398712425640491,0.109045814057425,0.0308254285066241,463,463,1.0,53245.0,53245.0,0.001,AL|C,,,,,False,0,,,,,,,False,,,0.2926812432493202,,False,3155345.0,15600642.7,0.3518781824549419,21711109.05,6815.0,3185,False,monthly,monthly,0,,,,,,,,,,,,,,,,,,,,,,,,,,,,,,,,,,,,,,,,,,,,,,,,,,,,,,
2023-10-26,AU,SHFE,SHFE.au2312P448,P,2023-11-24,29,0.0103759142711346,-0.0668830339814072,3029.0,2651.0,0.58,448.0,475.2,P,high_iv_pressure,0.1828659387162038,0.1698469778418675,0.1828659387162038,0.1698469778418675,0.0130189608743362,91,91,1.0,52780.0,52780.0,0.001,AU|P,,,,,False,0,,,,,,,False,,,0.3518781824549419,,False,5734092.0,18755987.7,0.4594545950258151,18555764.05,63012.0,294,False,monthly,monthly,0,,,,,,,,,,,,,,,,,,,,,,,,,,,,,,,,,,,,,,,,,,,,,,,,,,,,,,
2023-11-06,PK,CZCE,CZCE.PK401C10200,C,2023-12-13,37,-0.0561475409836065,0.0538724702590549,1423.0,2364.0,12.5,10200.0,9212.0,C,high_iv_pressure,0.1670003036008798,0.2154573466310615,0.2154573466310615,0.1670003036008798,0.0484570430301817,851,851,1.0,53187.5,53187.5,0.001,PK|C,,,,,False,0,,,,,,,False,,,0.3961022426660344,,False,2013040.5,21087284.2,0.4339150709593788,16178596.55,2365.5,6839,False,monthly,monthly,0,,,,,,,,,,,,,,,,,,,,,,,,,,,,,,,,,,,,,,,,,,,,,,,,,,,,,,
2023-11-10,SI,GFEX,GFEX.si2401-C-15200,C,2023-12-07,27,-0.0408441116405717,0.0738544548399424,1007.0,336.0,23.0,15200.0,14090.0,C,high_iv_pressure,,0.1855977981178384,0.1855977981178384,,,463,463,1.0,53245.0,53245.0,0.001,SI|C,,,,,False,0,,,,,,,False,,,0.3968490204338062,,False,2030255.0,21164154.7,0.4349183276847514,16167191.8,4385.0,3686,False,monthly,monthly,0,,,,,,,,,,,,,,,,,,,,,,,,,,,,,,,,,,,,,,,,,,,,,,,,,,,,,,
2023-11-25,AL,SHFE,SHFE.al2401C19700,C,2023-12-25,30,-0.0216597077244259,0.049323053446821,1255.0,57.0,11.0,19700.0,18745.0,C,high_iv_pressure,,0.1026718346087646,0.1026718346087646,,,971,971,1.0,53405.0,53405.0,0.001,AL|C,,,,,False,0,,,,,,,False,,,0.2044985806110576,,False,6835840.0,10925033.5,0.3324542136335369,26471428.75,7040.0,3760,False,monthly,monthly,0,,,,,,,,,,,,,,,,,,,,,,,,,,,,,,,,,,,,,,,,,,,,,,,,,,,,,,
2023-11-25,AU,SHFE,SHFE.au2402P432,P,2024-01-25,61,-0.0209450402144771,-0.0536014800627655,1916.0,55.0,0.56,432.0,467.44,P,high_iv_pressure,0.1639325059285048,0.148182157366079,0.1639325059285048,0.148182157366079,0.0157503485624258,95,95,1.0,53200.0,53200.0,0.001,AU|P,,,,,False,0,,,,,,,False,,,0.3324542136335369,,False,5474888.000000001,17760873.5,0.4349350733036251,19635588.75,57630.40000000001,340,False,monthly,monthly,0,,,,,,,,,,,,,,,,,,,,,,,,,,,,,,,,,,,,,,,,,,,,,,,,,,,,,,
2023-12-08,A,DCE,DCE.a2403-C-5500,C,2024-02-07,61,-0.0008121827411167,0.0417445649907117,1013.0,956.0,5.0,5500.0,4921.0,C,high_iv_pressure,,0.1498359231406673,0.1498359231406673,,,1070,1070,1.0,53500.0,53500.0,0.001,A|C,,,,,False,0,,,,,,,False,,,0.2948048179658488,,False,2686235.0,15775718.5,0.345003166788344,21682973.75,2510.5,8636,False,monthly,monthly,0,,,,,,,,,,,,,,,,,,,,,,,,,,,,,,,,,,,,,,,,,,,,,,,,,,,,,,
2023-12-09,AG,SHFE,SHFE.ag2401C6700,C,2023-12-25,16,,0.0188616957555664,6345.0,35.0,2.5,6700.0,5856.0,C,risk_reversal_t1_forced_rich_side,,,,,,356,356,1.0,13350.0,13350.0,0.00025,AG|C,,,,,False,0,,,,,,,False,,,0.3450712299968996,,False,2763236.4000000004,18461953.5,0.3967187104934898,18989350.25,7761.900000000001,2446,False,iv_extreme_overlay,overlay2_risk_reversal_same_sign,0,,,,,0.0255802930865771,0.966789667896679,274.0,14.0,t3_p95_rr_2d_repair_same_sign,2023-12-06,0.0493699320287006,0.0514119047268036,0.0578465581839015,0.0141025409330738,0.9230769230769232,0.9485294117647058,0.966789667896679,0.362962962962963,0.966789667896679,0.95,0.03,0.00025,,,overlay2_risk_reversal_same_sign,overlay2_risk_reversal_same_sign,risk_reversal_t1_forced_rich_side,2.0,C,0.0493699320287006,0.0514119047268036,0.0578465581839015,0.0493699320287006,0.0514119047268036,0.0578465581839015,0.210917746682757,0.2602876787114577,0.1913684130247358,0.2427803177515394,0.195555658554228,0.2534022167381295,,,,,,,,,,,,,
2023-12-11,SI,GFEX,GFEX.si2402-P-11400,P,2024-01-08,28,-0.0234042553191489,-0.020133288568917,1142.0,488.0,10.0,11400.0,13770.0,P,high_iv_pressure,0.3431458568826259,0.2049829386187487,0.3431458568826259,0.2049829386187487,0.1381629182638771,1070,1070,1.0,53500.0,53500.0,0.001,SI|P,,,,,False,0,,,,,,,False,,,0.3966006239887417,,False,3736975.0,21225189.9,0.4664274016907554,16237264.85,3492.5,4649,False,monthly,monthly,0,,,,,,,,,,,,,,,,,,,,,,,,,,,,,,,,,,,,,,,,,,,,,,,,,,,,,,
2023-12-14,PF,CZCE,CZCE.PF402C7600,C,2024-01-11,28,-0.0586985391766268,0.068509384430771,1565.0,631.0,9.5,7600.0,7088.0,C,high_iv_pressure,,0.2020696244216147,0.2020696244216147,,,1127,1127,1.0,53532.5,53532.5,0.001,PF|C,,,,,False,0,,,,,,,False,,,0.4012672453265354,,False,2605060.5000000005,21497174.4,0.4498934243439957,16004072.6,2311.5000000000005,6923,False,monthly,monthly,0,,,,,,,,,,,,,,,,,,,,,,,,,,,,,,,,,,,,,,,,,,,,,,,,,,,,,,
2023-12-14,PK,CZCE,CZCE.PK403C10000,C,2024-02-06,54,-0.0225763612217795,0.0749376683355074,3669.0,3704.0,23.5,10000.0,8832.0,C,high_iv_pressure,0.1925779547770199,0.2203211606931466,0.2203211606931466,0.1925779547770199,0.0277432059161267,455,455,1.0,53462.5,53462.5,0.001,PK|C,,,,,False,0,,,,,,,False,,,0.4498934243439957,,False,1058102.5,24102234.9,0.4696440142377132,13399012.1,2325.5,5761,False,monthly,monthly,0,,,,,,,,,,,,,,,,,,,,,,,,,,,,,,,,,,,,,,,,,,,,,,,,,,,,,,
2023-12-14,SR,CZCE,CZCE.SR403C6900,C,2024-02-06,54,-0.1022299449753837,0.0570140199877018,2798.0,2231.0,9.5,6900.0,6200.0,C,high_iv_pressure,,0.2043579592276634,0.2043579592276634,,,563,563,1.0,53485.0,53485.0,0.001,SR|C,,,,,False,0,,,,,,,False,,,0.4696440142377132,,False,1798785.0,25160337.4,0.5032202177170269,12340909.6,3195.0,3862,False,monthly,monthly,0,,,,,,,,,,,,,,,,,,,,,,,,,,,,,,,,,,,,,,,,,,,,,,,,,,,,,,
2023-12-15,V,DCE,DCE.v2402-C-7300,C,2024-01-08,24,,0.0095350660854331,4311.0,2386.0,1.5,7300.0,6036.0,C,risk_reversal_t1_forced_rich_side,,,,,,1786,1786,1.0,13395.0,13395.0,0.00025,V|C,,,,,False,0,,,,,,,False,,,0.5030804632577657,,False,1899946.8000000005,26959122.4,0.5385351083358677,10552542.35,1063.8000000000002,9919,False,iv_extreme_overlay,overlay2_risk_reversal_same_sign,0,,,,,0.0581167008771328,0.956845238095238,675.0,7.0,t3_p95_rr_2d_repair_same_sign,2023-12-12,0.0265006268104034,0.0280675163841749,0.1505428654450524,0.0528211895209509,0.3664688427299703,0.3818722139673105,0.956845238095238,0.6795827123695977,0.956845238095238,0.95,0.03,0.00025,,,overlay2_risk_reversal_same_sign,overlay2_risk_reversal_same_sign,risk_reversal_t1_forced_rich_side,2.0,C,0.0265006268104034,0.0280675163841749,0.1505428654450524,0.0265006268104034,0.0280675163841749,0.1505428654450524,0.1945170375249894,0.2210176643353928,0.1748068361443701,0.2028743525285451,0.1437001442903205,0.2942430097353729,,,,,,,,,,,,,
2023-12-20,PG,DCE,DCE.pg2402-C-5950,C,2024-01-08,19,,0.0062144296567875,9595.0,2090.0,0.8,5950.0,4782.0,C,term_structure_t1_high_iv_pressure,,,,,,837,837,1.0,13392.0,13392.0,0.00025,PG|C,,,,,False,0,,,,,,,False,,,0.5381512388949697,,False,8018460.000000002,28859069.2,0.6876759568657684,8679353.05,9580.000000000002,905,False,iv_extreme_overlay,overlay3_term_structure_cluster_cap2,0,,,,,0.1485040473055078,0.9691252144082332,586.0,20.0,t3_p95_term_2d_repair_t1_no_trend_conflict_cluster_cap2,2023-12-13,0.0798488782170743,0.0869151454856299,0.2815209948023123,0.2586729087526175,0.7367521367521368,0.7602739726027398,0.9691252144082332,0.9604810996563574,0.9691252144082332,0.95,0.03,0.00025,,,overlay3_term_structure_cluster_cap2,overlay3_term_structure_cluster_cap2,term_structure_t1_high_iv_pressure,3.0,C,,,,,,,,,,,,,0.0798488782170743,0.0869151454856299,0.2815209948023123,0.2722018874339604,0.192353009216886,0.3573759545493123,0.2704608090636823,0.4069528027685567,0.1254318079662444,-0.0510183504738858,C,False,
2023-12-26,AL,SHFE,SHFE.al2402C21000,C,2024-01-25,30,0.0291599785981808,0.0494337003761268,1929.0,3803.0,20.0,21000.0,19235.0,C,high_iv_pressure,0.1383202572178689,0.1792811018075617,0.1792811018075617,0.1383202572178689,0.0409608445896928,536,536,1.0,53600.0,53600.0,0.001,AL|C,,,,,False,0,,,,,,,False,,,0.5085271027648862,,False,2843480.0,27278452.800000004,0.5615354847567673,10271004.949999996,5305.0,1936,False,monthly,monthly,0,,,,,,,,,,,,,,,,,,,,,,,,,,,,,,,,,,,,,,,,,,,,,,,,,,,,,,
2023-12-26,AU,SHFE,SHFE.au2402C520,C,2024-01-25,30,0.0007085104609485,0.0543633401192767,2094.0,846.0,0.52,520.0,480.22,C,high_iv_pressure,0.1569484113903139,0.17237739588778,0.17237739588778,0.1569484113903139,0.015428984497466,103,103,1.0,53560.0,53560.0,0.001,AU|C,,,,,False,0,,,,,,,False,,,0.5615354847567673,,False,5918915.6000000015,30121932.800000004,0.6718763836210125,7427524.9499999955,57465.20000000002,129,False,monthly,monthly,0,,,,,,,,,,,,,,,,,,,,,,,,,,,,,,,,,,,,,,,,,,,,,,,,,,,,,,
2023-12-29,Y,DCE,DCE.y2403-C-8800,C,2024-02-07,40,,0.039554383699722,1229.0,811.0,10.0,8800.0,7522.0,C,,,0.2598250682840165,0.2598250682840165,,,134,134,1.0,13400.0,13400.0,0.00025,Y|C,,,,,False,0,,,,,,,False,,,0.671376050156497,,False,517374.0,36040848.400000006,0.6810137953260493,1536592.5499999896,3861.0,397,False,iv_extreme_overlay,overlay1_high_iv_pullback,0,,,,,0.1203058162647657,0.9732142857142856,340.0,8.0,t4_p95_pullback_3d,2023-12-25,0.1339301669916665,0.1928617203061203,0.2627775070379443,0.283736438706015,0.0088495575221238,0.3994082840236686,0.9436201780415432,0.9732142857142856,0.9732142857142856,0.95,0.04,0.00025,,,overlay1_high_iv_pullback,overlay1_high_iv_pullback,,1.0,,,,,,,,,,,,,,,,,,,,,,,,,,
2024-01-09,SI,GFEX,GFEX.si2403-P-13000,P,2024-02-07,29,0.0098039215686274,-0.074623312319032,1074.0,474.0,23.0,13000.0,13905.0,P,high_iv_pressure,0.1723633112173375,,0.1723633112173375,,,468,468,1.0,53820.0,53820.0,0.001,SI|P,,,,,False,0,,,,,,,False,,,0.4246501022802375,,False,2248740.0,22902840.6,0.4663448286104579,14850567.049999995,4805.0,3090,False,monthly,monthly,0,,,,,,,,,,,,,,,,,,,,,,,,,,,,,,,,,,,,,,,,,,,,,,,,,,,,,,
2024-01-17,PF,CZCE,CZCE.PF403P7100,P,2024-02-06,20,0.0318206972883232,-0.0723762774374545,1240.0,356.0,8.5,7100.0,7458.0,P,high_iv_pressure,0.1490990172878798,,0.1490990172878798,,,1267,1267,1.0,53847.5,53847.5,0.001,PF|P,,,,,False,0,,,,,,,False,,,0.418547258317878,,False,3644525.500000001,22546520.1,0.4862032047401639,15161441.799999995,2876.5000000000005,5270,False,monthly,monthly,0,,,,,,,,,,,,,,,,,,,,,,,,,,,,,,,,,,,,,,,,,,,,,,,,,,,,,,
2024-01-26,AL,SHFE,SHFE.al2403C21000,C,2024-02-23,28,-0.0028512182477967,0.0576082256201074,1284.0,548.0,25.0,21000.0,19235.0,C,high_iv_pressure,0.12537033508658,0.1943892444585149,0.1943892444585149,0.12537033508658,0.0690189093719348,432,432,1.0,54000.0,54000.0,0.001,AL|C,,,,,False,0,,,,,,,False,,,0.2212723545129135,,False,2302560.0,11953762.0,0.2638943234468152,25862229.15,5330.0,4852,False,monthly,monthly,0,,,,,,,,,,,,,,,,,,,,,,,,,,,,,,,,,,,,,,,,,,,,,,,,,,,,,,
2024-02-07,PK,CZCE,CZCE.PK404P8000,P,2024-03-13,35,-0.0081044574515983,-0.0660070498047962,3310.0,417.0,17.5,8000.0,8812.0,P,high_iv_pressure,0.216184120794589,0.1418548012056696,0.216184120794589,0.1418548012056696,0.0743293195889194,618,618,1.0,54075.0,54075.0,0.001,PK|P,,,,,False,0,,,,,,,False,,,0.0425136678803779,,False,1522443.0,2302560.0,0.0706235265024361,35609765.15,2463.5,14454,False,monthly,monthly,0,,,,,,,,,,,,,,,,,,,,,,,,,,,,,,,,,,,,,,,,,,,,,,,,,,,,,,
2024-02-07,SR,CZCE,CZCE.SR405P6000,P,2024-04-11,64,0.0564826700898588,-0.0777133035735269,21744.0,4998.0,16.5,6000.0,6584.0,P,high_iv_pressure,0.1908111978699562,0.1495867267410994,0.1908111978699562,0.1495867267410994,0.0412244711288567,328,328,1.0,54120.0,54120.0,0.001,SR|P,,,,,False,0,,,,,,,False,,,0.0706235265024361,,False,1255912.0000000002,3825003.0,0.0938122493391835,34087322.15,3829.000000000001,8902,False,monthly,monthly,0,,,,,,,,,,,,,,,,,,,,,,,,,,,,,,,,,,,,,,,,,,,,,,,,,,,,,,
2024-02-19,HO,CFFEX,CFFEX.HO2403-C-2700,C,2024-03-15,25,,0.0210821725562171,1385.0,502.0,1.2,2700.0,2347.4,C,,,0.3040518653825304,0.3040518653825304,,,112,112,1.0,13440.0,13440.0,0.00025,HO|C,,,,,False,0,,,,,,,False,,,0.0937898497582748,,False,1590892.7999999998,5080915.0,0.123156528140716,32840464.65,14204.399999999998,2311,False,iv_extreme_overlay,overlay1_high_iv_pullback,0,,,,,0.2028061331939573,1.0,280.0,34.0,t4_p95_pullback_3d,2024-02-05,0.2118655362638424,0.2148310532100549,0.2168616759737331,0.232222448762645,0.982078853046595,0.9892086330935252,0.9927797833935018,1.0,1.0,0.95,0.04,0.00025,,,overlay1_high_iv_pullback,overlay1_high_iv_pullback,,1.0,,,,,,,,,,,,,,,,,,,,,,,,,,
2024-02-24,AL,SHFE,SHFE.al2404C20000,C,2024-03-25,30,-0.008994708994709,0.0673731086199176,2485.0,52.0,23.0,20000.0,18730.0,C,high_iv_pressure,,0.14709534442863,0.14709534442863,,,470,470,1.0,54050.0,54050.0,0.001,AL|C,,,,,False,0,,,,,,,False,,,0.0807067254656349,,False,2963350.0,4369247.8,0.1354443567138761,33526893.35,6305.0,5317,False,monthly,monthly,0,,,,,,,,,,,,,,,,,,,,,,,,,,,,,,,,,,,,,,,,,,,,,,,,,,,,,,
2024-02-24,AU,SHFE,SHFE.au2404P464,P,2024-03-25,30,0.0069810216537078,-0.0648662487440698,2579.0,337.0,0.36,464.0,481.78,P,high_iv_pressure,0.1476122025909653,0.1438711313767258,0.1476122025909653,0.1438711313767258,0.0037410712142394,150,150,1.0,54000.0,54000.0,0.001,AU|P,,,,,False,0,,,,,,,False,,,0.1354443567138761,,False,10283220.000000002,7332597.8,0.3253912426384341,30563543.35,68554.80000000002,445,False,monthly,monthly,0,,,,,,,,,,,,,,,,,,,,,,,,,,,,,,,,,,,,,,,,,,,,,,,,,,,,,,
2024-02-28,MO,CFFEX,CFFEX.MO2403-P-4200,P,2024-03-15,16,,-0.0220794401240871,1507.0,778.0,4.4,4200.0,5117.6,P,term_structure_t1_high_iv_pressure,,,,,,30,30,1.0,13200.000000000002,13200.000000000002,0.00025,MO|P,,,,,False,0,,,,,,,False,,,0.3248160368587409,,False,769199.9999999999,17615817.8,0.3389992271249199,20347432.35,25640.0,793,False,iv_extreme_overlay,overlay3_term_structure_cluster_cap2,0,,,,,0.0427866942328639,0.9661458333333334,387.0,24.0,t3_p95_term_2d_repair_t1_no_trend_conflict_cluster_cap2,2024-02-23,0.0257251738239434,0.0286652023031555,0.0312211589260781,0.0317249286049228,0.927461139896373,0.9506493506493506,0.9661458333333334,0.9712793733681462,0.9661458333333334,0.95,0.03,0.00025,,,overlay3_term_structure_cluster_cap2,overlay3_term_structure_cluster_cap2,term_structure_t1_high_iv_pressure,3.0,P,,,,,,,,,,,,,0.0257251738239434,0.0286652023031555,0.0312211589260781,0.3188476238061959,0.2931224499822524,0.3220250298967948,0.2933598275936393,0.3312045623489984,0.2999834034229203,0.115021530308049,P,False,
2024-03-08,SI,GFEX,GFEX.si2405-C-15000,C,2024-04-09,32,0.0041635124905374,0.0610767767886986,1614.0,597.0,26.0,15000.0,13265.0,C,high_iv_pressure,0.1759791168194791,0.2583399116127415,0.2583399116127415,0.1759791168194791,0.0823607947932623,417,417,1.0,54210.0,54210.0,0.001,SI|C,,,,,False,0,,,,,,,False,,,0.3385775753815723,,False,1437086.25,18385017.8,0.3650428844409519,19625510.35,3446.25,5694,False,monthly,monthly,0,,,,,,,,,,,,,,,,,,,,,,,,,,,,,,,,,,,,,,,,,,,,,,,,,,,,,,
2024-03-19,MO,CFFEX,CFFEX.MO2404-P-4800,P,2024-04-19,31,,-0.0286670738652921,1362.0,432.0,5.2,4800.0,5581.6,P,risk_reversal_t1_forced_rich_side,,,,,,26,26,1.0,13520.0,13520.0,0.00025,MO|P,,,,,False,0,,,,,,,False,,,0.2931574732595302,,False,762320.0,15939568.250000002,0.3071779160663926,22120855.9,29320.0,754,False,iv_extreme_overlay,overlay2_risk_reversal_same_sign,0,,,,,0.0482076933164663,0.9772727272727272,399.0,18.0,t3_p95_rr_2d_repair_same_sign,2024-03-14,0.0424220343682218,0.0556047078642599,0.0940781701156581,0.0936286658723667,0.7286432160804021,0.8413098236775819,0.9772727272727272,0.9772151898734176,0.9772727272727272,0.95,0.03,0.00025,,,overlay2_risk_reversal_same_sign,overlay2_risk_reversal_same_sign,risk_reversal_t1_forced_rich_side,2.0,P,-0.0424220343682218,-0.0556047078642599,-0.0940781701156581,0.0424220343682218,0.0556047078642599,0.0940781701156581,0.2811311275894039,0.238709093221182,0.2872484380518851,0.2316437301876251,0.3174939644222913,0.2234157943066331,,,,,,,,,,,,,
2024-03-20,PP,DCE,DCE.pp2405-C-8300,C,2024-04-09,20,,0.0266696066541217,1821.0,824.0,3.5,8300.0,7575.0,C,risk_reversal_t1_forced_rich_side,,,,,,776,776,1.0,13580.0,13580.0,0.00025,PP|C,,,,,False,0,,,,,,,False,,,0.3071325850608898,,False,1042265.0,16701888.250000002,0.3262988936229464,21364153.4,1343.125,15906,False,iv_extreme_overlay,overlay2_risk_reversal_same_sign,0,,,,,0.0398763181360644,0.9743975903614458,667.0,17.0,t3_p95_rr_2d_repair_same_sign,2024-03-15,0.0652380474911545,0.0874394864407074,0.0954646568024518,0.0607361058100173,0.9264264264264264,0.9593984962406016,0.9743975903614458,0.9125188536953244,0.9743975903614458,0.95,0.03,0.00025,,,overlay2_risk_reversal_same_sign,overlay2_risk_reversal_same_sign,risk_reversal_t1_forced_rich_side,2.0,C,0.0652380474911545,0.0874394864407074,0.0954646568024518,0.0652380474911545,0.0874394864407074,0.0954646568024518,0.1390750718509427,0.2043131193420973,0.1459278908326879,0.2333673772733954,0.1226191602729772,0.218083817075429,,,,,,,,,,,,,
2024-03-21,L,DCE,DCE.l2405-C-9200,C,2024-04-09,19,,0.0206975153017921,1287.0,674.0,3.0,9200.0,8324.0,C,risk_reversal_t1_forced_rich_side,,,,,,906,906,1.0,13590.0,13590.0,0.00025,L|C,,,,,False,0,,,,,,,False,,,0.3260939607631529,,False,1333360.2000000002,17744153.25,0.3505978467821687,20345810.9,1471.7000000000005,13824,False,iv_extreme_overlay,overlay2_risk_reversal_same_sign,0,,,,,0.0369319349513361,0.950920245398773,655.0,16.0,t3_p95_rr_2d_repair_same_sign,2024-03-18,0.0413541496493405,0.0481927764201008,0.0688615975114366,0.0402109267857568,0.8379204892966361,0.891271056661562,0.950920245398773,0.8325652841781874,0.950920245398773,0.95,0.03,0.00025,,,overlay2_risk_reversal_same_sign,overlay2_risk_reversal_same_sign,risk_reversal_t1_forced_rich_side,2.0,C,0.0413541496493405,0.0481927764201008,0.0688615975114366,0.0413541496493405,0.0481927764201008,0.0688615975114366,0.1219571981295231,0.1633113477788636,0.1315668723931929,0.1797596488132938,0.1375386344451113,0.206400231956548,,,,,,,,,,,,,
2024-03-26,AL,SHFE,SHFE.al2405C21000,C,2024-04-24,29,0.0231274638633376,0.0595468849692596,1792.0,1834.0,23.0,21000.0,19465.0,C,high_iv_pressure,0.116282875134094,0.1666476456040856,0.1666476456040856,0.116282875134094,0.0503647704699916,473,473,1.0,54395.0,54395.0,0.001,AL|C,,,,,False,0,,,,,,,False,,,0.1070735913316522,,False,2842730.0,5830943.45,0.1592746309912338,32289197.7,6010.0,5372,False,monthly,monthly,0,,,,,,,,,,,,,,,,,,,,,,,,,,,,,,,,,,,,,,,,,,,,,,,,,,,,,,
2024-04-08,RB,SHFE,SHFE.rb2405C3950,C,2024-04-24,16,,0.0224136991633621,8835.0,1302.0,1.5,3950.0,3555.0,C,term_structure_t1_high_iv_pressure,,,,,,904,904,1.0,13560.0,13560.0,0.00025,RB|C,,,,,False,0,,,,,,,False,,,0.1597410736181119,,False,1620420.0,8673673.45,0.1895839806637145,29335157.2,1792.5,16365,False,iv_extreme_overlay,overlay3_term_structure_cluster_cap2,0,,,,,0.1285667439903463,0.9788732394366196,287.0,14.0,t3_p95_term_2d_repair_t1_no_trend_conflict_cluster_cap2,2024-04-01,0.0447493025814882,0.1096993843810366,0.1101185422113058,0.0137434926906346,0.8006993006993007,0.975438596491228,0.9788732394366196,0.5441696113074205,0.9788732394366196,0.95,0.03,0.00025,,,overlay3_term_structure_cluster_cap2,overlay3_term_structure_cluster_cap2,term_structure_t1_high_iv_pressure,3.0,C,,,,,,,,,,,,,0.0447493025814882,0.1096993843810366,0.1101185422113058,0.2347035703938014,0.1899542678123132,0.2192484645532799,0.1095490801722433,0.2293641855658514,0.1192456433545455,-0.06833467850417,C,False,
2024-04-10,SI,GFEX,GFEX.si2406-C-13800,C,2024-05-10,30,-0.0739196360879453,0.0648652137428125,2648.0,796.0,26.0,13800.0,12215.0,C,high_iv_pressure,0.1998873739979549,0.3101901116373264,0.3101901116373264,0.1998873739979549,0.1103027376393715,417,417,1.0,54210.0,54210.0,0.001,SI|C,,,,,False,0,,,,,,,False,,,0.1193440727400221,,False,1327623.75,6481382.0,0.1437900975833936,31534476.65,3183.75,9904,False,monthly,monthly,0,,,,,,,,,,,,,,,,,,,,,,,,,,,,,,,,,,,,,,,,,,,,,,,,,,,,,,
2024-04-10,C,DCE,DCE.c2407-C-2920,C,2024-06-07,58,,0.0143100629292131,1470.0,2.0,1.0,2920.0,2411.0,C,risk_reversal_t1_forced_rich_side,,,,,,1357,1357,1.0,13570.0,13570.0,0.00025,C|C,,,,,False,0,,,,,,,False,,,0.1437900975833936,,False,1649433.5,7809005.75,0.1741617238204877,30206852.9,1215.5,24851,False,iv_extreme_overlay,overlay2_risk_reversal_same_sign,0,,,,,0.0568833154451675,0.9505061867266592,892.0,29.0,t3_p95_rr_2d_repair_same_sign,2024-04-03,0.0560584910174389,0.0600982089832712,0.0693281421891928,0.0364048754428689,0.904601571268238,0.9191011235955056,0.9505061867266592,0.7094594594594594,0.9505061867266592,0.95,0.03,0.00025,,,overlay2_risk_reversal_same_sign,overlay2_risk_reversal_same_sign,risk_reversal_t1_forced_rich_side,2.0,C,0.0560584910174389,0.0600982089832712,0.0693281421891928,0.0560584910174389,0.0600982089832712,0.0693281421891928,0.0968282685152724,0.1528867595327113,0.090260617204138,0.1503588261874092,0.0800211280288075,0.1493492702180003,,,,,,,,,,,,,
2024-04-12,SR,CZCE,CZCE.SR407C7100,C,2024-06-12,61,-0.0052811432121776,0.0652119706342301,1499.0,1429.0,11.5,7100.0,6404.0,C,high_iv_pressure,0.1666236727529968,0.1738468895084364,0.1738468895084364,0.1666236727529968,0.0072232167554396,471,471,1.0,54165.0,54165.0,0.001,SR|C,,,,,False,0,,,,,,,False,,,0.1513225635748438,,False,1562307.0000000002,8202527.25,0.1801444489676565,29741378.4,3317.0000000000005,8966,False,monthly,monthly,0,,,,,,,,,,,,,,,,,,,,,,,,,,,,,,,,,,,,,,,,,,,,,,,,,,,,,,
2024-04-12,AG,SHFE,SHFE.ag2405P6700,P,2024-04-24,12,,-0.0346525295121665,3985.0,8772.0,7.0,6700.0,7535.0,P,,0.3680864055559686,,0.3680864055559686,,,129,129,1.0,13545.0,13545.0,0.00025,AG|P,,,,,False,0,,,,,,,False,,,0.1801444489676565,,False,1538518.5000000002,9764834.25,0.2085274773236212,28179071.4,11926.500000000002,2362,False,iv_extreme_overlay,overlay1_high_iv_pullback,0,,,,,0.3424685905883614,1.0,369.0,32.0,t4_p95_pullback_3d,2024-04-08,0.2967931765163437,0.3105802730209686,0.3194446888327931,0.3351014215827689,0.9918478260869564,0.994550408719346,0.9972677595628416,1.0,1.0,0.95,0.04,0.00025,,,overlay1_high_iv_pullback,overlay1_high_iv_pullback,,1.0,,,,,,,,,,,,,,,,,,,,,,,,,,
2024-04-13,ZN,SHFE,SHFE.zn2405P21200,P,2024-04-24,11,,-0.020737908385555,1213.0,68.0,7.0,21200.0,22940.0,P,term_structure_t1_high_iv_pressure,,,,,,387,387,1.0,13545.0,13545.0,0.00025,ZN|P,,,,,False,0,,,,,,,False,,,0.2082734540504099,,False,2768985.0,11303352.75,0.2592942514119515,26686831.65,7155.0,3729,False,iv_extreme_overlay,overlay3_term_structure_cluster_cap2,0,,,,,0.0395812717314403,0.9607072691552064,1021.0,39.0,t3_p95_term_2d_repair_t1_no_trend_conflict_cluster_cap2,2024-04-10,0.0383521294653054,0.0504983379552976,0.0546547731540923,0.0504507347064328,0.9333333333333332,0.9538763493621196,0.9607072691552064,0.9547689282202556,0.9607072691552064,0.95,0.03,0.00025,,,overlay3_term_structure_cluster_cap2,overlay3_term_structure_cluster_cap2,term_structure_t1_high_iv_pressure,3.0,P,,,,,,,,,,,,,0.0383521294653054,0.0504983379552976,0.0546547731540923,0.2279068661257125,0.1895547366604071,0.2396121719544503,0.1891138339991526,0.2443822284775934,0.189727455323501,0.0780921206453122,P,False,
2024-04-24,AG,SHFE,SHFE.ag2406P6000,P,2024-05-27,33,,-0.0347532827661227,11864.0,5762.0,9.5,6000.0,7077.0,P,,0.383671214993502,,0.383671214993502,,,95,95,1.0,13537.5,13537.5,0.00025,AG|P,,,,,False,0,,,,,,,False,,,0.083035901072428,,False,859730.9999999999,4539364.25,0.0987624509444502,33727878.4,9049.8,3726,False,iv_extreme_overlay,overlay1_high_iv_pullback,0,,,,,0.2602624915062699,0.984,379.0,14.0,t4_p95_pullback_3d,2024-04-19,0.2771837831282467,0.28709377710223,0.3138907727595242,0.3167159028828124,0.9576719576719576,0.9628647214854112,0.9813829787234044,0.984,0.984,0.95,0.04,0.00025,,,overlay1_high_iv_pullback,overlay1_high_iv_pullback,,1.0,,,,,,,,,,,,,,,,,,,,,,,,,,
2024-04-25,AL,SHFE,SHFE.al2406C22800,C,2024-05-27,32,0.0334685598377282,0.0732796515272696,2360.0,1938.0,48.0,22800.0,20380.0,C,high_iv_pressure,0.1610132337709248,0.2505463681242899,0.2505463681242899,0.1610132337709248,0.0895331343533651,227,227,1.0,54480.0,54480.0,0.001,AL|C,,,,,False,0,,,,,,,False,,,0.0987562050095821,,False,1211045.0,5399095.25,0.1209077327670947,32870567.65,5335.0,6161,False,monthly,monthly,0,,,,,,,,,,,,,,,,,,,,,,,,,,,,,,,,,,,,,,,,,,,,,,,,,,,,,,
2024-04-25,AU,SHFE,SHFE.au2406C640,C,2024-05-27,32,0.0376854152548753,0.0577898289401261,5549.0,7383.0,1.2,640.0,551.26,C,high_iv_pressure,0.2450062520695068,0.3076804145546363,0.3076804145546363,0.2450062520695068,0.0626741624851294,45,45,1.0,54000.0,54000.0,0.001,AU|C,,,,,False,0,,,,,,,False,,,0.1209077327670947,,False,2038536.0,6610140.25,0.1581951058941781,31659522.65,45300.8,698,False,monthly,monthly,0,,,,,,,,,,,,,,,,,,,,,,,,,,,,,,,,,,,,,,,,,,,,,,,,,,,,,,
2024-04-25,AU,SHFE,SHFE.au2406P488,P,2024-05-27,32,,-0.0319852952253115,3278.0,552.0,0.48,488.0,551.26,P,,0.2601312788870602,,0.2601312788870602,,,28,28,1.0,13440.0,13440.0,0.00025,AU|P,,,,,False,0,,,,,,,False,,,0.1581951058941781,,False,1597444.8,8648676.25,0.1874143692810004,29620986.65,57051.6,519,False,iv_extreme_overlay,overlay1_high_iv_pullback,0,,,,,0.1984760418637556,0.9708029197080292,1100.0,15.0,t4_p95_pullback_3d,2024-04-20,0.1905654167635034,0.1947284873229141,0.1963411077551556,0.2182744295267365,0.8808007279344859,0.9016393442622952,0.9079307201458524,0.9708029197080292,0.9708029197080292,0.95,0.04,0.00025,,,overlay1_high_iv_pullback,overlay1_high_iv_pullback,,1.0,,,,,,,,,,,,,,,,,,,,,,,,,,
2024-05-13,SI,GFEX,GFEX.si2407-C-13600,C,2024-06-07,25,-0.0184199754400327,0.0675268189065536,2614.0,669.0,28.0,13600.0,11990.0,C,high_iv_pressure,0.1818399045797765,0.3339619808505961,0.3339619808505961,0.1818399045797765,0.1521220762708195,391,391,1.0,54740.0,54740.0,0.001,SI|C,,,,,False,0,,,,,,,False,,,0.1626940133765768,,False,1226762.5,8918497.3,0.1850729980722254,29453831.1,3137.5,9387,False,monthly,monthly,0,,,,,,,,,,,,,,,,,,,,,,,,,,,,,,,,,,,,,,,,,,,,,,,,,,,,,,
2024-05-13,SR,CZCE,CZCE.SR407C7000,C,2024-06-12,30,,0.0290905414648542,17507.0,10490.0,4.0,7000.0,6248.0,C,risk_reversal_t1_forced_rich_side,,,,,,342,342,1.0,13680.0,13680.0,0.00025,SR|C,,,,,False,0,,,,,,,False,,,0.1850729980722254,,False,1082088.0000000002,10145259.8,0.2048127853508102,28227068.6,3164.0000000000005,8921,False,iv_extreme_overlay,overlay2_risk_reversal_same_sign,0,,,,,0.0566928517082583,0.9596949891067538,921.0,18.0,t3_p95_rr_2d_repair_same_sign,2024-05-08,0.0835255445174874,0.0851094066920571,0.0905923097588432,0.0824539310389322,0.9445652173913044,0.9499455930359086,0.9596949891067538,0.9443838604143948,0.9596949891067538,0.95,0.03,0.00025,,,overlay2_risk_reversal_same_sign,overlay2_risk_reversal_same_sign,risk_reversal_t1_forced_rich_side,2.0,C,0.0835255445174874,0.0851094066920571,0.0905923097588432,0.0835255445174874,0.0851094066920571,0.0905923097588432,0.1194851854908448,0.2030107300083323,0.1258271063586268,0.2109365130506839,0.1176227931462965,0.2082151029051397,,,,,,,,,,,,,
2024-05-14,PF,CZCE,CZCE.PF407P6900,P,2024-06-12,29,-0.0124559978337395,-0.0621644098603446,1092.0,466.0,7.5,6900.0,7294.0,P,high_iv_pressure,0.1334903607921583,,0.1334903607921583,,,1463,1463,1.0,54862.5,54862.5,0.001,PF|P,,,,,False,0,,,,,,,False,,,0.2046284829085148,,False,3949368.500000001,11227347.8,0.2766092658144899,27179541.35,2699.5000000000005,10068,False,monthly,monthly,0,,,,,,,,,,,,,,,,,,,,,,,,,,,,,,,,,,,,,,,,,,,,,,,,,,,,,,
2024-05-15,SI,GFEX,GFEX.si2407-C-13600,C,2024-06-07,23,,0.027848723179533,2316.0,1088.0,9.0,13600.0,11770.0,C,risk_reversal_t1_forced_rich_side,,,,,,304,304,1.0,13680.0,13680.0,0.00025,SI|C,,,,,False,0,,,,,,,False,,,0.2764670943585878,,False,908200.0,15176716.3,0.2930113461014018,23249923.35,2987.5,7782,False,iv_extreme_overlay,overlay2_risk_reversal_same_sign,0,,,,,0.0750362056908062,0.9770114942528736,264.0,18.0,t3_p95_rr_2d_repair_same_sign,2024-05-10,0.0701110391122644,0.1590175796615208,0.1806385212668043,0.1409897673034415,0.55893536121673,0.9580152671755724,0.9770114942528736,0.9423076923076924,0.9770114942528736,0.95,0.03,0.00025,,,overlay2_risk_reversal_same_sign,overlay2_risk_reversal_same_sign,risk_reversal_t1_forced_rich_side,2.0,C,0.0701110391122644,0.1590175796615208,0.1806385212668043,0.0701110391122644,0.1590175796615208,0.1806385212668043,0.2091223749321632,0.2792334140444277,0.1818399045797765,0.3408574842412973,0.1694690578031106,0.3501075790699149,,,,,,,,,,,,,
2024-05-27,AG,SHFE,SHFE.ag2407P7000,P,2024-06-24,28,,-0.0362344460548215,2635.0,3426.0,13.0,7000.0,8375.0,P,,0.3722808300812014,,0.3722808300812014,,,69,69,1.0,13455.0,13455.0,0.00025,AG|P,,,,,False,0,,,,,,,False,,,0.1734643331077493,,False,706905.0,9469959.5,0.186412942275036,28745225.9,10245.0,2805,False,iv_extreme_overlay,overlay1_high_iv_pullback,0,,,,,0.3816623575056609,0.9949874686716792,403.0,32.0,t4_p95_pullback_3d,2024-05-22,0.3092713006879259,0.3172935870501236,0.3225992394096855,0.3781976754751084,0.9577114427860696,0.9750623441396508,0.98,0.9949874686716792,0.9949874686716792,0.95,0.04,0.00025,,,overlay1_high_iv_pullback,overlay1_high_iv_pullback,,1.0,,,,,,,,,,,,,,,,,,,,,,,,,,
2024-05-28,AL,SHFE,SHFE.al2407C23800,C,2024-06-24,27,0.0320777642770353,0.0789246468352472,1165.0,3768.0,57.0,23800.0,21235.0,C,high_iv_pressure,0.1859039166753489,0.2851846822624695,0.2851846822624695,0.1859039166753489,0.0992807655871205,191,191,1.0,54435.0,54435.0,0.001,AL|C,,,,,False,0,,,,,,,False,,,0.1860419275937004,,False,1068406.25,10176864.5,0.2055733223767553,28114531.65,5593.75,5026,False,monthly,monthly,0,,,,,,,,,,,,,,,,,,,,,,,,,,,,,,,,,,,,,,,,,,,,,,,,,,,,,,
2024-06-11,A,DCE,DCE.a2409-C-5500,C,2024-08-07,57,0.0028065630397235,0.0274213966748507,1775.0,1360.0,4.0,5500.0,4645.0,C,high_iv_pressure,,0.2138452246718774,0.2138452246718774,,,1370,1370,1.0,54800.0,54800.0,0.001,A|C,,,,,False,0,,,,,,,False,,,0.1526308330824312,,False,3236625.0,8369074.750000001,0.2116587166755875,30013421.15,2362.5,12704,False,monthly,monthly,0,,,,,,,,,,,,,,,,,,,,,,,,,,,,,,,,,,,,,,,,,,,,,,,,,,,,,,
2024-06-11,SI,GFEX,GFEX.si2408-C-13800,C,2024-07-05,24,0.0108423686405336,0.0777232715899424,2126.0,1336.0,36.0,13800.0,12120.0,C,high_iv_pressure,0.2287319915600759,0.3509431458429188,0.3509431458429188,0.2287319915600759,0.1222111542828429,304,304,1.0,54720.0,54720.0,0.001,SI|C,,,,,False,0,,,,,,,False,,,0.2116587166755875,,False,975840.0,11605699.75,0.2294555791250667,26776796.15,3210.0,8341,False,monthly,monthly,0,,,,,,,,,,,,,,,,,,,,,,,,,,,,,,,,,,,,,,,,,,,,,,,,,,,,,,
2024-06-11,RB,SHFE,SHFE.rb2407C4400,C,2024-06-24,13,,0.0056837874979037,4274.0,891.0,0.5,4400.0,3596.0,C,,,0.4145123540422972,0.4145123540422972,,,2741,2741,1.0,13705.0,13705.0,0.00025,RB|C,,,,,False,0,,,,,,,False,,,0.2294555791250667,,False,4942023.0,12581539.75,0.3195856245763319,25800956.15,1803.0,14310,False,iv_extreme_overlay,overlay1_high_iv_pullback,0,,,,,0.1832492595048982,0.9682080924855492,350.0,14.0,t4_p95_pullback_3d,2024-06-04,0.1195275024557564,0.1208177390715275,0.1438499312158573,0.234732080671643,0.0028653295128939,0.0057471264367816,0.0951008645533141,0.9682080924855492,0.9682080924855492,0.95,0.04,0.00025,,,overlay1_high_iv_pullback,overlay1_high_iv_pullback,,1.0,,,,,,,,,,,,,,,,,,,,,,,,,,
2024-06-13,PF,CZCE,CZCE.PF408C8200,C,2024-07-11,28,0.0177015250544663,0.0585784186617848,1156.0,239.0,10.5,8200.0,7474.0,C,high_iv_pressure,0.111542947302751,0.2122529476737391,0.2122529476737391,0.111542947302751,0.100710000370988,1044,1044,1.0,54810.0,54810.0,0.001,PF|C,,,,,False,0,,,,,,,False,,,0.1992261907159728,,False,2061378.0000000005,10929799.25,0.236800575859937,27473080.65,1974.5000000000005,13913,False,monthly,monthly,0,,,,,,,,,,,,,,,,,,,,,,,,,,,,,,,,,,,,,,,,,,,,,,,,,,,,,,
2024-06-13,SR,CZCE,CZCE.SR409C6900,C,2024-08-13,61,0.0055293543665637,0.0622053839177716,8055.0,2371.0,11.0,6900.0,6183.0,C,high_iv_pressure,0.1814568907555975,0.1956953655427,0.1956953655427,0.1814568907555975,0.0142384747871025,498,498,1.0,54780.0,54780.0,0.001,SR|C,,,,,False,0,,,,,,,False,,,0.236800575859937,,False,1594347.0000000002,12991177.25,0.2658620135152937,25411702.65,3201.5000000000005,7937,False,monthly,monthly,0,,,,,,,,,,,,,,,,,,,,,,,,,,,,,,,,,,,,,,,,,,,,,,,,,,,,,,
2024-06-20,SI,GFEX,GFEX.si2408-C-14000,C,2024-07-05,15,,0.0243862687501613,5157.0,1318.0,8.0,14000.0,12055.0,C,risk_reversal_t1_forced_rich_side,,,,,,343,343,1.0,13720.0,13720.0,0.00025,SI|C,,,,,False,0,,,,,,,False,,,0.2653856991853052,,False,1047436.25,14585524.25,0.2844439515178042,23886281.15,3053.75,7821,False,iv_extreme_overlay,overlay2_risk_reversal_same_sign,0,,,,,0.0975444651746132,0.958041958041958,289.0,18.0,t3_p95_rr_2d_repair_same_sign,2024-06-17,0.0916603148946934,0.1090583565722794,0.1712800590160339,0.1561853019137147,0.6354166666666666,0.7247386759581882,0.958041958041958,0.9298245614035088,0.958041958041958,0.95,0.03,0.00025,,,overlay2_risk_reversal_same_sign,overlay2_risk_reversal_same_sign,risk_reversal_t1_forced_rich_side,2.0,C,0.0916603148946934,0.1090583565722794,0.1712800590160339,0.0916603148946934,0.1090583565722794,0.1712800590160339,0.2452526064526902,0.3369129213473836,0.2493644977093696,0.3584228542816491,0.23477781067115,0.406057869687184,,,,,,,,,,,,,
2024-06-25,AL,SHFE,SHFE.al2408C22000,C,2024-07-25,30,-0.0549732122059165,0.0391016161448402,2223.0,1628.0,14.0,22000.0,20285.0,C,high_iv_pressure,,0.1675496234404453,0.1675496234404453,,,784,784,1.0,54880.0,54880.0,0.001,AL|C,,,,,False,0,,,,,,,False,,,0.1622784871090356,,False,4645200.0,8915626.25,0.2468284679159242,29542572.9,5925.0,4986,False,monthly,monthly,0,,,,,,,,,,,,,,,,,,,,,,,,,,,,,,,,,,,,,,,,,,,,,,,,,,,,,,
2024-06-25,AU,SHFE,SHFE.au2408C600,C,2024-07-25,30,-0.0083081570996979,0.0777990891485894,7406.0,4070.0,1.08,600.0,551.46,C,high_iv_pressure,0.2029769695026397,0.2373374360421793,0.2373374360421793,0.2029769695026397,0.0343604665395396,50,50,1.0,54000.0,54000.0,0.001,AU|C,,,,,False,0,,,,,,,False,,,0.2468284679159242,,False,3252180.0000000014,13560826.25,0.3060232833341079,24897372.9,65043.60000000003,382,False,monthly,monthly,0,,,,,,,,,,,,,,,,,,,,,,,,,,,,,,,,,,,,,,,,,,,,,,,,,,,,,,
2024-07-08,SI,GFEX,GFEX.si2409-C-12600,C,2024-08-07,30,-0.0861438439658675,0.0770640642178861,2690.0,1757.0,29.0,12600.0,11245.0,C,high_iv_pressure,0.2477249476990314,0.3293825136170232,0.3293825136170232,0.2477249476990314,0.0816575659179918,380,380,1.0,55100.0,55100.0,0.001,SI|C,,,,,False,0,,,,,,,False,,,0.2681725850647319,,False,1123375.0,14789730.000000002,0.2885420155916647,23815301.15,2956.25,8055,False,monthly,monthly,0,,,,,,,,,,,,,,,,,,,,,,,,,,,,,,,,,,,,,,,,,,,,,,,,,,,,,,
2024-07-12,PF,CZCE,CZCE.PF409P7200,P,2024-08-13,32,0.017741935483871,-0.0457344283869776,1325.0,582.0,4.5,7200.0,7572.0,P,high_iv_pressure,0.1597338336812056,0.1474218979609551,0.1597338336812056,0.1474218979609551,0.0123119357202504,2453,2453,1.0,55192.5,55192.5,0.001,PF|P,,,,,False,0,,,,,,,False,,,0.2509560209656764,,False,7060960.5,13851727.000000002,0.3788816255690454,24785357.15,2878.5,8610,False,monthly,monthly,0,,,,,,,,,,,,,,,,,,,,,,,,,,,,,,,,,,,,,,,,,,,,,,,,,,,,,,
2024-07-13,AU,SHFE,SHFE.au2408P536,P,2024-07-25,12,,-0.0272540944468353,2771.0,90.0,0.2,536.0,570.7,P,term_structure_t1_high_iv_pressure,,,,,,68,68,1.0,13600.0,13600.0,0.00025,AU|P,,,,,False,0,,,,,,,False,,,0.3788678974353604,,False,5043015.999999999,20912687.5,0.4702304671028353,17725796.65,74161.99999999999,239,False,iv_extreme_overlay,overlay3_term_structure_cluster_cap2,0,,,,,0.0119480131833673,0.967816091954023,873.0,23.0,t3_p95_term_2d_repair_t1_no_trend_conflict_cluster_cap2,2024-07-10,0.0115713654038211,0.0384420405603131,0.0487755805383605,0.0265856811491872,0.6399082568807339,0.9483352468427096,0.967816091954023,0.8803222094361335,0.967816091954023,0.95,0.03,0.00025,,,overlay3_term_structure_cluster_cap2,overlay3_term_structure_cluster_cap2,term_structure_t1_high_iv_pressure,3.0,P,,,,,,,,,,,,,0.0115713654038211,0.0384420405603131,0.0487755805383605,0.1559992331654272,0.144427867761606,0.1633648954035184,0.1249228548432053,0.1604015347277756,0.1116259541894151,0.0307163531114327,P,False,
2024-07-15,SR,CZCE,CZCE.SR409C6700,C,2024-08-13,29,,0.0292274441308375,12155.0,1870.0,3.0,6700.0,6150.0,C,term_structure_t1_high_iv_pressure,,,,,,459,459,1.0,13770.0,13770.0,0.00025,SR|C,,,,,False,0,,,,,,,False,,,0.4704261021539703,,False,1574370.0,25955703.5,0.4989602831846692,12666712.15,3430.0,3692,False,iv_extreme_overlay,overlay3_term_structure_cluster_cap2,0,,,,,-0.0658209624696176,0.9515669515669516,354.0,19.0,t3_p95_term_2d_repair_t1_no_trend_conflict_cluster_cap2,2024-06-03,0.1213605389664186,0.1310703508449103,0.137089841035906,0.0945095271234283,0.943342776203966,0.9488636363636364,0.9515669515669516,0.9371428571428572,0.9515669515669516,0.95,0.03,0.00025,,,overlay3_term_structure_cluster_cap2,overlay3_term_structure_cluster_cap2,term_structure_t1_high_iv_pressure,3.0,C,,,,,,,,,,,,,0.1213605389664186,0.1310703508449103,0.137089841035906,0.2534226288299394,0.1320620898635207,0.2704929557515625,0.1394226049066522,0.2762697631347231,0.1391799220988171,-0.0041210968457758,C,False,
2024-07-22,MO,CFFEX,CFFEX.MO2408-C-5400,C,2024-08-16,25,,0.026793473479792,1977.0,1025.0,3.0,5400.0,4766.2,C,term_structure_t1_high_iv_pressure,,,,,,46,46,1.0,13800.0,13800.0,0.00025,MO|C,,,,,False,0,,,,,,,False,,,0.4983295911801292,,False,1329271.2,27530073.5,0.5223911024457464,11141223.15,28897.2,385,False,iv_extreme_overlay,overlay3_term_structure_cluster_cap2,0,,,,,0.0094345709524663,0.9958419958419958,484.0,40.0,t3_p95_term_2d_repair_t1_no_trend_conflict_cluster_cap2,2024-07-17,0.0087158248178197,0.0155643147960795,0.0571458261769966,0.0049736417481832,0.6583850931677019,0.8132780082987552,0.9958419958419958,0.5604166666666667,0.9958419958419958,0.95,0.03,0.00025,,,overlay3_term_structure_cluster_cap2,overlay3_term_structure_cluster_cap2,term_structure_t1_high_iv_pressure,3.0,C,,,,,,,,,,,,,0.0087158248178197,0.0155643147960795,0.0571458261769966,0.240003000845844,0.2312871760280242,0.2560399491499978,0.2404756343539183,0.2401926438393344,0.1830468176623377,-0.0475713770872543,C,False,
2024-07-26,AL,SHFE,SHFE.al2409C20600,C,2024-08-26,31,-0.0558809175207418,0.0698160344886687,1790.0,827.0,24.0,20600.0,19345.0,C,high_iv_pressure,,0.1694797846157745,0.1694797846157745,,,460,460,1.0,55200.0,55200.0,0.001,AL|C,,,,,False,0,,,,,,,False,,,0.2881685267978767,,False,3061300.0,15918948.7,0.3435848942798788,22750312.7,6655.0,3418,False,monthly,monthly,0,,,,,,,,,,,,,,,,,,,,,,,,,,,,,,,,,,,,,,,,,,,,,,,,,,,,,,
2024-08-08,SI,GFEX,GFEX.si2410-C-11200,C,2024-09-06,29,-0.0825309491059147,0.0717922163011011,1747.0,1878.0,23.0,11200.0,10005.0,C,high_iv_pressure,,0.3035624041872375,0.3035624041872375,,,477,477,1.0,54855.0,54855.0,0.001,SI|C,,,,,False,0,,,,,,,False,,,0.2663699752798474,,False,1247951.25,14620248.7,0.2891067118726357,23800650.95,2616.25,9097,False,monthly,monthly,0,,,,,,,,,,,,,,,,,,,,,,,,,,,,,,,,,,,,,,,,,,,,,,,,,,,,,,
2024-08-09,AG,SHFE,SHFE.ag2409P6100,P,2024-08-26,17,,-0.0377804948401503,17187.0,17663.0,9.5,6100.0,7075.0,P,,0.4113292319412229,0.3919949469392373,0.4113292319412229,0.3919949469392373,0.0193342850019856,96,96,1.0,13680.0,13680.0,0.00025,AG|P,,,,,False,0,,,,,,,False,,,0.2873428257219544,,False,941760.0,15868199.95,0.3043963025123012,22788550.7,9810.0,2322,False,iv_extreme_overlay,overlay1_high_iv_pullback,0,,,,,0.293879717283751,0.9631236442516268,465.0,28.0,t4_p95_pullback_3d,2024-08-05,0.3033747694470337,0.3048229468450721,0.3346335693869368,0.3348485885307861,0.8987068965517241,0.9006479481641468,0.961038961038961,0.9631236442516268,0.9631236442516268,0.95,0.04,0.00025,,,overlay1_high_iv_pullback,overlay1_high_iv_pullback,,1.0,,,,,,,,,,,,,,,,,,,,,,,,,,
2024-08-12,A,DCE,DCE.a2411-C-4800,C,2024-10-14,63,0.00219731927049,0.0652036898682942,1266.0,1104.0,4.0,4800.0,4561.0,C,high_iv_pressure,,0.0750131625332738,0.0750131625332738,,,1385,1385,1.0,55400.0,55400.0,0.001,A|C,,,,,False,0,,,,,,,False,,,0.303364308268536,,False,4717310.0,16809959.95,0.3884961877789478,21978294.45,3406.0,6452,False,monthly,monthly,0,,,,,,,,,,,,,,,,,,,,,,,,,,,,,,,,,,,,,,,,,,,,,,,,,,,,,,
2024-08-12,EB,DCE,DCE.eb2410-P-8000,P,2024-09-06,25,,-0.023327331539888,2302.0,1659.0,6.5,8000.0,9300.0,P,risk_reversal_t1_forced_rich_side,,,,,,426,426,1.0,13845.0,13845.0,0.00025,EB|P,,,,,False,0,,,,,,,False,,,0.3884961877789478,,False,2591145.0,21527269.95,0.4352578048730133,17260984.45,6082.5,2837,False,iv_extreme_overlay,overlay2_risk_reversal_same_sign,0,,,,,0.120105982212701,0.9702602230483272,272.0,23.0,t3_p95_rr_2d_repair_same_sign,2024-08-07,0.1202468943703241,0.135806530131135,0.1485030662768496,0.1417420615889729,0.911439114391144,0.9518518518518518,0.9702602230483272,0.9664179104477612,0.9702602230483272,0.95,0.03,0.00025,,,overlay2_risk_reversal_same_sign,overlay2_risk_reversal_same_sign,risk_reversal_t1_forced_rich_side,2.0,P,-0.1202468943703241,-0.135806530131135,-0.1485030662768496,0.1202468943703241,0.135806530131135,0.1485030662768496,0.2614993683183192,0.1412524739479951,0.2873333292157829,0.1515267990846479,0.3008433901669946,0.1523403238901449,,,,,,,,,,,,,
2024-08-12,RU,SHFE,SHFE.ru2409P13500,P,2024-08-26,14,,-0.0207170648402003,2494.0,1466.0,11.0,13500.0,16050.0,P,term_structure_t1_high_iv_pressure,,,,,,125,125,1.0,13750.0,13750.0,0.00025,RU|P,,,,,False,0,,,,,,,False,,,0.4352578048730133,,False,1016875.0,24118414.95,0.4536090431798343,14669839.45,8135.0,1803,False,iv_extreme_overlay,overlay3_term_structure_cluster_cap2,0,,,,,0.417007684265156,0.9745042492917848,709.0,15.0,t3_p95_term_2d_repair_t1_no_trend_conflict_cluster_cap2,2024-08-07,0.4968895076241742,0.7437513883544482,0.7465835491231089,0.7347752688800191,0.9322033898305084,0.9731258840169732,0.9745042492917848,0.9716312056737588,0.9745042492917848,0.95,0.03,0.00025,,,overlay3_term_structure_cluster_cap2,overlay3_term_structure_cluster_cap2,term_structure_t1_high_iv_pressure,3.0,P,,,,,,,,,,,,,0.4968895076241742,0.7437513883544482,0.7465835491231089,0.8253810641719644,0.3284915565477902,0.7887202026946002,0.0449688143401519,0.7942633274656161,0.0476797783425072,0.0947622329427981,P,False,
2024-08-14,PF,CZCE,CZCE.PF410P6700,P,2024-09-11,28,-0.0452860169491525,-0.0745929844813302,1130.0,575.0,13.0,6700.0,7210.0,P,high_iv_pressure,0.1992473424875758,0.1300703666155276,0.1992473424875758,0.1300703666155276,0.0691769758720481,853,853,1.0,55445.0,55445.0,0.001,PF|P,,,,,False,0,,,,,,,False,,,0.2686594518090798,,False,2042935.0,14905612.45,0.3054814072317557,23931393.45,2395.0,9992,False,monthly,monthly,0,,,,,,,,,,,,,,,,,,,,,,,,,,,,,,,,,,,,,,,,,,,,,,,,,,,,,,
2024-08-14,SR,CZCE,CZCE.SR411P5300,P,2024-10-11,58,-0.0225933202357563,-0.0691554994988072,2320.0,2205.0,16.0,5300.0,5970.0,P,high_iv_pressure,0.2184164735748974,0.1270865946198541,0.2184164735748974,0.1270865946198541,0.0913298789550433,346,346,1.0,55360.0,55360.0,0.001,SR|P,,,,,False,0,,,,,,,False,,,0.3054814072317557,,False,1088170.0,16948547.45,0.3250946339043092,21888458.45,3145.0,6959,False,monthly,monthly,0,,,,,,,,,,,,,,,,,,,,,,,,,,,,,,,,,,,,,,,,,,,,,,,,,,,,,,
2024-08-16,SR,CZCE,CZCE.SR411C6300,C,2024-10-11,56,,0.0297220320865403,4640.0,1280.0,3.5,6300.0,5655.0,C,,,0.1828801582097718,0.1828801582097718,,,396,396,1.0,13860.0,13860.0,0.00025,SR|C,,,,,False,0,,,,,,,False,,,0.300857686212464,,False,1133550.0,16707446.25,0.3212699757451111,22165459.15,2862.5,7743,False,iv_extreme_overlay,overlay1_high_iv_pullback,0,,,,,0.1254200400174542,0.9828282828282828,994.0,11.0,t4_p95_pullback_3d,2024-08-12,0.1191883673487152,0.2400679258938359,0.2429297906447847,0.2457943954330071,0.1641490433031218,0.9737903225806452,0.9778002018163472,0.9828282828282828,0.9828282828282828,0.95,0.04,0.00025,,,overlay1_high_iv_pullback,overlay1_high_iv_pullback,,1.0,,,,,,,,,,,,,,,,,,,,,,,,,,
2024-08-22,SI,GFEX,GFEX.si2410-C-11000,C,2024-09-06,15,,0.0196296081116037,6218.0,2777.0,4.0,11000.0,9730.0,C,term_structure_t1_high_iv_pressure,,,,,,694,694,1.0,13880.0,13880.0,0.00025,SI|C,,,,,False,0,,,,,,,False,,,0.3211256410949614,,False,1702035.0,17840996.25,0.3517610984921941,21049381.15,2452.5,8582,False,iv_extreme_overlay,overlay3_term_structure_cluster_cap2,0,,,,,0.0187494050335118,0.9628378378378378,299.0,36.0,t3_p95_term_2d_repair_t1_no_trend_conflict_cluster_cap2,2024-08-19,0.0106837716355978,0.0211960757731704,0.0428932024024345,0.0118355623538698,0.587248322147651,0.8585858585858586,0.9628378378378378,0.6237288135593221,0.9628378378378378,0.95,0.03,0.00025,,,overlay3_term_structure_cluster_cap2,overlay3_term_structure_cluster_cap2,term_structure_t1_high_iv_pressure,3.0,C,,,,,,,,,,,,,0.0106837716355978,0.0211960757731704,0.0428932024024345,0.2260974628901615,0.2154136912545637,0.2413315483426085,0.2201354725694381,0.2736825371237919,0.2307893347213573,-0.0376160234489496,C,False,
2024-08-27,AL,SHFE,SHFE.al2410P18800,P,2024-09-24,28,0.0531718873387734,-0.0621690567797452,1384.0,460.0,23.0,18800.0,20005.0,P,high_iv_pressure,0.1563091090596445,,0.1563091090596445,,,483,483,1.0,55545.0,55545.0,0.001,AL|P,,,,,False,0,,,,,,,False,,,0.2611088066699149,,False,3431715.0,14523096.25,0.3228071520541677,24411505.4,7105.0,3435,False,monthly,monthly,0,,,,,,,,,,,,,,,,,,,,,,,,,,,,,,,,,,,,,,,,,,,,,,,,,,,,,,
2024-08-27,AU,SHFE,SHFE.au2410C632,C,2024-09-24,28,0.0228573459884113,0.0634959824875388,2522.0,717.0,0.92,632.0,575.48,C,high_iv_pressure,0.2288228344489816,0.2297996247403099,0.2297996247403099,0.2288228344489816,0.0009767902913283,60,60,1.0,55200.0,55200.0,0.001,AU|C,,,,,False,0,,,,,,,False,,,0.3228071520541677,,False,3884208.000000001,17954811.25,0.3926408086160552,20979790.4,64736.80000000002,324,False,monthly,monthly,0,,,,,,,,,,,,,,,,,,,,,,,,,,,,,,,,,,,,,,,,,,,,,,,,,,,,,,
2024-08-27,EG,DCE,DCE.eg2410-P-4400,P,2024-09-06,10,,-0.0275945017253438,1569.0,872.0,2.0,4400.0,4739.0,P,risk_reversal_t1_forced_rich_side,,,,,,695,695,1.0,13900.0,13900.0,0.00025,EG|P,,,,,False,0,,,,,,,False,,,0.3926408086160552,,False,5423085.000000001,21839019.25,0.4901417291115395,17095582.4,7803.000000000001,2190,False,iv_extreme_overlay,overlay2_risk_reversal_same_sign,0,,,,,0.0598372086214335,0.9644128113879004,284.0,15.0,t3_p95_rr_2d_repair_same_sign,2024-08-22,0.0455374072574485,0.0738258636032523,0.0913531925697242,0.0786728380273543,0.6925795053003534,0.9113475177304964,0.9644128113879004,0.9214285714285714,0.9644128113879004,0.95,0.03,0.00025,,,overlay2_risk_reversal_same_sign,overlay2_risk_reversal_same_sign,risk_reversal_t1_forced_rich_side,2.0,P,-0.0455374072574485,-0.0738258636032523,-0.0913531925697242,0.0455374072574485,0.0738258636032523,0.0913531925697242,0.215853871648401,0.1703164643909525,0.1920322393052562,0.1182063757020038,0.2137237920302018,0.1223705994604775,,,,,,,,,,,,,
2024-09-09,SI,GFEX,GFEX.si2411-C-11600,C,2024-10-14,35,0.0134994807892003,0.0651061041695301,1542.0,476.0,29.0,11600.0,9760.0,C,high_iv_pressure,,0.3760465160607187,0.3760465160607187,,,383,383,1.0,55535.0,55535.0,0.001,SI|C,,,,,False,0,,,,,,,False,,,0.293254438506512,,False,990055.0,16297888.0,0.3110688953929236,22605262.65,2585.0,8744,False,monthly,monthly,0,,,,,,,,,,,,,,,,,,,,,,,,,,,,,,,,,,,,,,,,,,,,,,,,,,,,,,
2024-09-11,ZN,SHFE,SHFE.zn2410P20600,P,2024-09-24,13,,-0.0176344153620245,1173.0,1382.0,8.0,20600.0,23010.0,P,risk_reversal_t1_forced_rich_side,,,,,,348,348,1.0,13920.0,13920.0,0.00025,ZN|P,,,,,False,0,,,,,,,False,,,0.2736776850854554,,False,2015790.0,15245008.0,0.309865054801392,23747961.4,5792.5,4099,False,iv_extreme_overlay,overlay2_risk_reversal_same_sign,0,,,,,0.0514244668506577,0.978595890410959,1171.0,22.0,t3_p95_rr_2d_repair_same_sign,2024-09-07,0.1100327973540218,0.1248150243596994,0.1348493438781004,0.1337495848005005,0.9435897435897436,0.968349016253208,0.978595890410959,0.9777206512425022,0.978595890410959,0.95,0.03,0.00025,,,overlay2_risk_reversal_same_sign,overlay2_risk_reversal_same_sign,risk_reversal_t1_forced_rich_side,2.0,P,-0.1100327973540218,-0.1248150243596994,-0.1348493438781004,0.1100327973540218,0.1248150243596994,0.1348493438781004,0.2939907114794646,0.1839579141254428,0.3094309334965534,0.184615909136854,0.3208619206255672,0.1860125767474667,,,,,,,,,,,,,
2024-09-11,AU,SHFE,SHFE.au2410P528,P,2024-09-24,13,,-0.0279639901295946,3906.0,2421.0,0.28,528.0,574.18,P,risk_reversal_t1_forced_rich_side,,,,,,49,49,1.0,13720.0,13720.0,0.00025,AU|P,,,,,False,0,,,,,,,False,,,0.309865054801392,,False,3383881.2000000007,17260798.0,0.3706123350534058,21732171.4,69058.80000000002,314,False,iv_extreme_overlay,overlay2_risk_reversal_same_sign,0,,,,,0.0528791322168198,0.9776119402985076,1209.0,15.0,t3_p95_rr_2d_repair_same_sign,2024-09-07,0.0493509632595834,0.0599290099891703,0.0873850261734568,0.0317203627539966,0.8394039735099338,0.8972659486329743,0.9776119402985076,0.6730290456431536,0.9776119402985076,0.95,0.03,0.00025,,,overlay2_risk_reversal_same_sign,overlay2_risk_reversal_same_sign,risk_reversal_t1_forced_rich_side,2.0,P,-0.0493509632595834,-0.0599290099891703,-0.0873850261734568,0.0493509632595834,0.0599290099891703,0.0873850261734568,0.2370530957204107,0.1877021324608272,0.2521225174102001,0.1921935074210297,0.2715480179280183,0.1841629917545615,,,,,,,,,,,,,
2024-09-12,PF,CZCE,CZCE.PF411P6000,P,2024-10-11,29,-0.0385878489326765,-0.04371041218071,1701.0,3198.0,12.5,6000.0,7026.0,P,high_iv_pressure,0.3500556441950251,,0.3500556441950251,,,892,892,1.0,55750.0,55750.0,0.001,PF|P,,,,,False,0,,,,,,,False,,,0.3701527028685281,,False,1622548.0,20644679.2,0.3992444858851382,18396709.2,1819.0,10113,False,monthly,monthly,0,,,,,,,,,,,,,,,,,,,,,,,,,,,,,,,,,,,,,,,,,,,,,,,,,,,,,,
2024-09-12,PK,CZCE,CZCE.PK411C8700,C,2024-10-11,29,-0.0665738807701229,0.0563621431113871,1480.0,1403.0,9.0,8700.0,8048.0,C,high_iv_pressure,0.1572367186025412,0.1993817844737314,0.1993817844737314,0.1572367186025412,0.0421450658711902,1239,1239,1.0,55755.0,55755.0,0.001,PK|C,,,,,False,0,,,,,,,False,,,0.3992444858851382,,False,3021921.0000000005,22267227.2,0.4534265933021992,16774161.2,2439.0000000000005,6877,False,monthly,monthly,0,,,,,,,,,,,,,,,,,,,,,,,,,,,,,,,,,,,,,,,,,,,,,,,,,,,,,,
2024-09-13,EB,DCE,DCE.eb2411-P-7000,P,2024-10-14,31,,-0.0218254407109163,18318.0,6457.0,8.0,7000.0,8667.0,P,risk_reversal_t1_forced_rich_side,,,,,,348,348,1.0,13920.0,13920.0,0.00025,EB|P,,,,,False,0,,,,,,,False,,,0.4530621430683,,False,1579746.0,25289148.2,0.4813637332445786,13783645.7,4539.5,3036,False,iv_extreme_overlay,overlay2_risk_reversal_same_sign,0,,,,,0.1449363994916127,0.9931740614334472,296.0,25.0,t3_p95_rr_2d_repair_same_sign,2024-09-10,0.1403889307156837,0.1848486716800046,0.1927778220079241,0.1627699350952899,0.9457627118644067,0.9897959183673468,0.9931740614334472,0.9794520547945206,0.9931740614334472,0.95,0.03,0.00025,,,overlay2_risk_reversal_same_sign,overlay2_risk_reversal_same_sign,risk_reversal_t1_forced_rich_side,2.0,P,-0.1403889307156837,-0.1848486716800046,-0.1927778220079241,0.1403889307156837,0.1848486716800046,0.1927778220079241,0.3031064739436474,0.1627175432279637,0.3691287243090235,0.1842800526290189,0.3915225324945862,0.1987447104866621,,,,,,,,,,,,,
2024-09-19,RM,CZCE,CZCE.RM411P2075,P,2024-10-11,22,,-0.0386637856266056,3302.0,751.0,4.5,2075.0,2506.0,P,,0.4663558898183256,0.3121366479618863,0.4663558898183256,0.3121366479618863,0.1542192418564393,310,310,1.0,13950.0,13950.0,0.00025,RM|P,,,,,False,0,,,,,,,False,,,0.4811218288925709,,False,402380.0,26868894.2,0.4883269561325968,12223545.2,1298.0,9417,False,iv_extreme_overlay,overlay1_high_iv_pullback,0,,,,,0.2887548833881049,0.9881422924901184,1016.0,24.0,t4_p95_pullback_3d,2024-09-11,0.2699542913507414,0.2765479979821452,0.2795868472575273,0.4877345314783314,0.7960591133004926,0.8254437869822485,0.8371174728529122,0.9881422924901184,0.9881422924901184,0.95,0.04,0.00025,,,overlay1_high_iv_pullback,overlay1_high_iv_pullback,,1.0,,,,,,,,,,,,,,,,,,,,,,,,,,
2024-09-25,AL,SHFE,SHFE.al2411P18500,P,2024-10-25,30,0.0208651399491093,-0.051857715387376,1603.0,570.0,23.0,18500.0,20060.0,P,high_iv_pressure,0.1799264429154461,,0.1799264429154461,,,486,486,1.0,55890.0,55890.0,0.001,AL|P,,,,,False,0,,,,,,,False,,,0.2600516546905119,,False,3035070.0,14555680.0,0.3142761894152058,24624905.15,6245.0,3943,False,monthly,monthly,0,,,,,,,,,,,,,,,,,,,,,,,,,,,,,,,,,,,,,,,,,,,,,,,,,,,,,,
2024-09-25,A,DCE,DCE.a2411-C-4500,C,2024-10-14,19,,0.0295677370539892,4028.0,1293.0,2.0,4500.0,4142.0,C,risk_reversal_t1_forced_rich_side,,,,,,699,699,1.0,13980.0,13980.0,0.00025,A|C,,,,,False,0,,,,,,,False,,,0.3142761894152058,,False,1658028.0000000002,17590750.0,0.3438985035168623,21589835.15,2372.0000000000005,9101,False,iv_extreme_overlay,overlay2_risk_reversal_same_sign,0,,,,,0.0598744513501753,0.9528688524590164,491.0,17.0,t3_p95_rr_2d_repair_same_sign,2024-09-20,0.0446846368594954,0.0501700577223239,0.0896987924434534,0.0669949957852222,0.636734693877551,0.7239263803680982,0.9528688524590164,0.8501026694045175,0.9528688524590164,0.95,0.03,0.00025,,,overlay2_risk_reversal_same_sign,overlay2_risk_reversal_same_sign,risk_reversal_t1_forced_rich_side,2.0,C,0.0446846368594954,0.0501700577223239,0.0896987924434534,0.0446846368594954,0.0501700577223239,0.0896987924434534,0.1345694007838664,0.1792540376433618,0.1313314818639676,0.1815015395862916,0.1022721318064646,0.191970924249918,,,,,,,,,,,,,
2024-09-30,C,DCE,DCE.c2411-C-2520,C,2024-10-14,14,,0.0281525687208374,1597.0,554.0,1.5,2520.0,2225.0,C,risk_reversal_t1_forced_rich_side,,,,,,930,930,1.0,13950.0,13950.0,0.00025,C|C,,,,,False,0,,,,,,,False,,,0.3447928372828083,,False,1048575.0,19248778.0,0.3635753880168768,19830179.4,1127.5,17587,False,iv_extreme_overlay,overlay2_risk_reversal_same_sign,0,,,,,0.0516718574451867,0.9622266401590456,1009.0,27.0,t3_p95_rr_2d_repair_same_sign,2024-09-25,0.0504880744762311,0.059013633243575,0.0721656880025923,0.0408150403281907,0.8690476190476191,0.9185700099304864,0.9622266401590456,0.7592039800995025,0.9622266401590456,0.95,0.03,0.00025,,,overlay2_risk_reversal_same_sign,overlay2_risk_reversal_same_sign,risk_reversal_t1_forced_rich_side,2.0,C,0.0504880744762311,0.059013633243575,0.0721656880025923,0.0504880744762311,0.059013633243575,0.0721656880025923,0.1773760050398672,0.2278640795160984,0.1681280518972551,0.2271416851408302,0.1392293249360771,0.2113950129386694,,,,,,,,,,,,,
2024-10-11,AG,SHFE,SHFE.ag2411P6800,P,2024-10-25,14,,-0.0325592730953182,2144.0,2158.0,8.0,6800.0,7822.0,P,,0.4185061546978126,,0.4185061546978126,,,116,116,1.0,13920.0,13920.0,0.00025,AG|P,,,,,False,0,,,,,,,False,,,0.2321431905887102,,False,1302424.7999999998,13028784.0,0.2553494275309961,26257954.4,11227.8,2338,False,iv_extreme_overlay,overlay1_high_iv_pullback,0,,,,,0.348998995462684,0.984189723320158,510.0,32.0,t4_p95_pullback_3d,2024-09-30,0.3321880922828067,0.3326043545650314,0.3395226178693131,0.3682097554810222,0.950884086444008,0.952755905511811,0.9644970414201184,0.984189723320158,0.984189723320158,0.95,0.04,0.00025,,,overlay1_high_iv_pullback,overlay1_high_iv_pullback,,1.0,,,,,,,,,,,,,,,,,,,,,,,,,,
2024-10-14,SR,CZCE,CZCE.SR501C6700,C,2024-12-11,58,0.054125998225377,0.0672128951405909,3613.0,2176.0,13.0,6700.0,5940.0,C,high_iv_pressure,0.2004127103402463,0.2073925416150576,0.2073925416150576,0.2004127103402463,0.0069798312748112,431,431,1.0,56030.0,56030.0,0.001,SR|C,,,,,False,0,,,,,,,False,,,0.0772560856806728,,False,1336100.0,4337494.8,0.1010536602801737,34963569.1,3100.0,11278,False,monthly,monthly,0,,,,,,,,,,,,,,,,,,,,,,,,,,,,,,,,,,,,,,,,,,,,,,,,,,,,,,
2024-10-15,A,DCE,DCE.a2501-C-4550,C,2024-12-17,63,-0.0888477556686718,0.0786883302153151,1553.0,175.0,13.0,4550.0,3938.0,C,high_iv_pressure,,0.234167945941783,0.234167945941783,,,432,432,1.0,56160.0,56160.0,0.001,A|C,,,,,False,0,,,,,,,False,,,0.1010184487212054,,False,906768.0,5673594.8,0.1171634678737945,33641168.1,2099.0,16027,False,monthly,monthly,0,,,,,,,,,,,,,,,,,,,,,,,,,,,,,,,,,,,,,,,,,,,,,,,,,,,,,,
2024-10-15,SI,GFEX,GFEX.si2412-C-14200,C,2024-11-07,23,-0.0005192107995846,0.066273185426293,1196.0,720.0,61.0,14200.0,9625.0,C,high_iv_pressure,,0.9336895723736244,0.9336895723736244,,,184,184,1.0,56120.0,56120.0,0.001,SI|C,,,,,False,0,,,,,,,False,,,0.1171634678737945,,False,498870.0,6580362.8,0.1260458564281459,32734400.1,2711.25,12073,False,monthly,monthly,0,,,,,,,,,,,,,,,,,,,,,,,,,,,,,,,,,,,,,,,,,,,,,,,,,,,,,,
2024-10-16,PF,CZCE,CZCE.PF412P6300,P,2024-11-13,28,0.0123820754716981,-0.0741728869763009,1008.0,611.0,14.5,6300.0,6868.0,P,high_iv_pressure,0.2242811678180364,,0.2242811678180364,,,774,774,1.0,56115.0,56115.0,0.001,PF|P,,,,,False,0,,,,,,,False,,,0.1260226103011827,,False,1614951.0000000005,7079232.8,0.154771536389403,32242782.1,2086.5000000000005,15453,False,monthly,monthly,0,,,,,,,,,,,,,,,,,,,,,,,,,,,,,,,,,,,,,,,,,,,,,,,,,,,,,,
2024-10-16,SI,GFEX,GFEX.si2412-C-17000,C,2024-11-07,22,,0.0131562375953258,3990.0,2391.0,7.0,17000.0,12800.0,C,term_structure_t1_high_iv_pressure,,,,,,401,401,1.0,14035.0,14035.0,0.00025,SI|C,,,,,False,0,,,,,,,False,,,0.154771536389403,,False,1297235.0,8694183.8,0.1778645671587902,30627831.1,3235.0,9467,False,iv_extreme_overlay,overlay3_term_structure_cluster_cap2,0,,,,,-0.0077728980883323,0.966996699669967,306.0,28.0,t3_p95_term_2d_repair_t1_no_trend_conflict_cluster_cap2,2024-08-28,0.0331160487131989,0.0363185275931298,0.0466640329811097,0.0454125584255123,0.9147540983606556,0.9342105263157896,0.966996699669967,0.9668874172185432,0.966996699669967,0.95,0.03,0.00025,,,overlay3_term_structure_cluster_cap2,overlay3_term_structure_cluster_cap2,term_structure_t1_high_iv_pressure,3.0,C,,,,,,,,,,,,,0.0331160487131989,0.0363185275931298,0.0466640329811097,0.2460652278507172,0.2129491791375183,0.2591688895465964,0.2228503619534665,0.26476750428254,0.2181034713014303,-0.0384615384615384,C,False,
2024-10-24,IO,CFFEX,CFFEX.IO2411-P-3450,P,2024-11-15,22,,-0.0372609099420953,1127.0,374.0,4.6,3450.0,3937.0,P,,0.3161035821704064,,0.3161035821704064,,,30,30,1.0,13799.999999999998,13799.999999999998,0.00025,IO|P,,,,,False,0,,,,,,,False,,,0.1777117189589628,,False,634800.0,9991418.8,0.1890025477644923,29364416.6,21160.0,1387,False,iv_extreme_overlay,overlay1_high_iv_pullback,0,,,,,0.2653287251331259,0.9894937917860552,1051.0,47.0,t4_p95_pullback_3d,2024-10-18,0.2695506203662208,0.285450364017771,0.2961934346228522,0.3026924310432418,0.9523809523809524,0.9723546234509056,0.9866412213740458,0.9894937917860552,0.9894937917860552,0.95,0.04,0.00025,,,overlay1_high_iv_pullback,overlay1_high_iv_pullback,,1.0,,,,,,,,,,,,,,,,,,,,,,,,,,
2024-10-24,MO,CFFEX,CFFEX.MO2411-P-4850,P,2024-11-15,22,,-0.0277804960619342,1012.0,515.0,6.4,4850.0,5832.0,P,term_structure_t1_high_iv_pressure,,,,,,21,21,1.0,13440.0,13440.0,0.00025,MO|P,,,,,False,0,,,,,,,False,,,0.1890025477644923,,False,624539.9999999999,10626218.8,0.200110887749063,28729616.6,29740.0,966,False,iv_extreme_overlay,overlay3_term_structure_cluster_cap2,0,,,,,0.0057069192871941,0.959409594095941,545.0,24.0,t3_p95_term_2d_repair_t1_no_trend_conflict_cluster_cap2,2024-10-21,0.0103497169937688,0.0240689913273418,0.038740769197777,0.0292047896625369,0.6966911764705882,0.8913443830570903,0.959409594095941,0.9316081330868762,0.959409594095941,0.95,0.03,0.00025,,,overlay3_term_structure_cluster_cap2,overlay3_term_structure_cluster_cap2,term_structure_t1_high_iv_pressure,3.0,P,,,,,,,,,,,,,0.0103497169937688,0.0240689913273418,0.038740769197777,0.3847674394595826,0.3744177224658137,0.406235106989631,0.3821661156622892,0.4250359885328669,0.3862952193350898,0.3317139614074915,P,False,
2024-10-25,HO,CFFEX,CFFEX.HO2411-P-2400,P,2024-11-15,21,,-0.0299128139047779,1303.0,240.0,2.0,2400.0,2692.4,P,,0.2615696945626311,,0.2615696945626311,,,70,70,1.0,14000.0,14000.0,0.00025,HO|P,,,,,False,0,,,,,,,False,,,0.1229337082932024,,False,1022000.0,6913264.0,0.1411072150297674,32451730.9,14600.0,2222,False,iv_extreme_overlay,overlay1_high_iv_pullback,0,,,,,0.2534520456501776,0.9819004524886876,446.0,24.0,t4_p95_pullback_3d,2024-10-21,0.2496186336224758,0.2573164432725576,0.272909522084565,0.2855677862886579,0.9752808988764043,0.9774774774774776,0.979683972911964,0.9819004524886876,0.9819004524886876,0.95,0.04,0.00025,,,overlay1_high_iv_pullback,overlay1_high_iv_pullback,,1.0,,,,,,,,,,,,,,,,,,,,,,,,,,
2024-10-26,AL,SHFE,SHFE.al2412P19000,P,2024-11-25,30,0.031718711581018,-0.0323428309185871,3500.0,8.0,15.0,19000.0,20980.0,P,high_iv_pressure,0.1931648608605653,,0.1931648608605653,,,749,749,1.0,56175.0,56175.0,0.001,AL|P,,,,,False,0,,,,,,,False,,,0.1411072150297674,,False,4205635.0,7935264.0,0.2158930623918358,31429730.9,5615.0,5597,False,monthly,monthly,0,,,,,,,,,,,,,,,,,,,,,,,,,,,,,,,,,,,,,,,,,,,,,,,,,,,,,,
2024-10-26,AU,SHFE,SHFE.au2412P568,P,2024-11-25,30,0.0460881744814245,-0.0647131050752233,2533.0,32.0,1.24,568.0,627.36,P,high_iv_pressure,0.3028879126633463,0.274550849886548,0.3028879126633463,0.274550849886548,0.0283370627767983,45,45,1.0,55800.0,55800.0,0.001,AU|P,,,,,False,0,,,,,,,False,,,0.2158930623918358,,False,3237191.9999999995,12140899.0,0.2734577694559792,27224095.9,71937.59999999999,378,False,monthly,monthly,0,,,,,,,,,,,,,,,,,,,,,,,,,,,,,,,,,,,,,,,,,,,,,,,,,,,,,,
2024-10-26,AU,SHFE,SHFE.au2412P536,P,2024-11-25,30,,-0.0269297641274232,1196.0,12.0,0.56,536.0,627.36,P,risk_reversal_t1_forced_rich_side,,,,,,25,25,1.0,14000.0,14000.0,0.00025,AU|P,,,,,False,0,,,,,,,False,,,0.2734577694559792,,False,1381440.0,15378091.0,0.2980229447457644,23986903.9,55257.6,434,False,iv_extreme_overlay,overlay2_risk_reversal_same_sign,0,,,,,0.0476570511165521,0.9619741100323624,1239.0,28.0,t3_p95_rr_2d_repair_same_sign,2024-10-23,0.0376034747727238,0.0660315152487031,0.0774035436060628,0.0451898197225419,0.7310177705977383,0.9215844785772028,0.9619741100323624,0.8016194331983806,0.9619741100323624,0.95,0.03,0.00025,,,overlay2_risk_reversal_same_sign,overlay2_risk_reversal_same_sign,risk_reversal_t1_forced_rich_side,2.0,P,-0.0376034747727238,-0.0660315152487031,-0.0774035436060628,0.0376034747727238,0.0660315152487031,0.0774035436060628,0.2722208389124783,0.2346173641397544,0.3052117099732364,0.2391801947245333,0.3135965702184512,0.2361930266123883,,,,,,,,,,,,,
2024-11-01,AG,SHFE,SHFE.ag2412P6600,P,2024-11-25,24,,-0.0386164344228369,2911.0,1510.0,14.0,6600.0,7946.0,P,,0.5134199719830252,,0.5134199719830252,,,67,67,1.0,14070.0,14070.0,0.00025,AG|P,,,,,False,0,,,,,,,False,,,0.2976990981489881,,False,652928.4,16759531.0,0.3092970477476887,22648286.4,9745.2,2324,False,iv_extreme_overlay,overlay1_high_iv_pullback,0,,,,,0.3448480250020834,0.9809160305343512,528.0,48.0,t4_p95_pullback_3d,2024-10-28,0.3496144113873819,0.3680878297683717,0.3717486655189318,0.3779792930800448,0.9506641366223908,0.967680608365019,0.9752380952380952,0.9809160305343512,0.9809160305343512,0.95,0.04,0.00025,,,overlay1_high_iv_pullback,overlay1_high_iv_pullback,,1.0,,,,,,,,,,,,,,,,,,,,,,,,,,
2024-11-07,BR,SHFE,SHFE.br2412C18000,C,2024-11-25,18,,0.0208331971128241,1426.0,175.0,11.0,18000.0,14540.0,C,risk_reversal_t1_forced_rich_side,,,,,,256,256,1.0,14080.0,14080.0,0.00025,BR|C,,,,,False,0,,,,,,,False,,,0.276689436063968,,False,1316864.0000000002,15616354.4,0.3000215370268497,23891652.25,5144.000000000001,4644,False,iv_extreme_overlay,overlay2_risk_reversal_same_sign,0,,,,,0.1312633968789612,0.9732824427480916,265.0,25.0,t3_p95_rr_2d_repair_same_sign,2024-11-04,0.1008363276080743,0.1211701631080952,0.1252467974155436,0.1072369464208159,0.8636363636363636,0.9505703422053232,0.9732824427480916,0.8888888888888888,0.9732824427480916,0.95,0.03,0.00025,,,overlay2_risk_reversal_same_sign,overlay2_risk_reversal_same_sign,risk_reversal_t1_forced_rich_side,2.0,C,0.1008363276080743,0.1211701631080952,0.1252467974155436,0.1008363276080743,0.1211701631080952,0.1252467974155436,0.2386655120501584,0.3395018396582328,0.244016720011021,0.3651868831191163,0.2460323984474058,0.3712791958629495,,,,,,,,,,,,,
2024-11-08,SI,GFEX,GFEX.si2501-C-14400,C,2024-12-06,28,0.2917098445595856,0.0766459983158441,1290.0,391.0,40.0,14400.0,12465.0,C,high_iv_pressure,0.263356454699797,0.3680289321068296,0.3680289321068296,0.263356454699797,0.1046724774070325,282,282,1.0,56400.0,56400.0,0.001,SI|C,,,,,False,0,,,,,,,False,,,0.2997931731744712,,False,935182.5,16933218.400000002,0.3163500569604994,22604883.0,3316.25,6816,False,monthly,monthly,0,,,,,,,,,,,,,,,,,,,,,,,,,,,,,,,,,,,,,,,,,,,,,,,,,,,,,,
2024-11-08,A,DCE,DCE.a2501-C-5200,C,2024-12-17,39,,0.0157443476426482,13461.0,2379.0,2.5,5200.0,4028.0,C,risk_reversal_t1_forced_rich_side,,,,,,564,564,1.0,14100.0,14100.0,0.00025,A|C,,,,,False,0,,,,,,,False,,,0.3163500569604994,,False,1149996.0,17868400.900000002,0.3367100937729904,21669700.5,2039.0,10627,False,iv_extreme_overlay,overlay2_risk_reversal_same_sign,0,,,,,0.1185242788048632,0.9786407766990292,518.0,27.0,t3_p95_rr_2d_repair_same_sign,2024-11-05,0.0998869294448472,0.113008562909374,0.1305233710747055,0.1216751279617061,0.9477756286266924,0.9612403100775194,0.9786407766990292,0.9785992217898832,0.9786407766990292,0.95,0.03,0.00025,,,overlay2_risk_reversal_same_sign,overlay2_risk_reversal_same_sign,risk_reversal_t1_forced_rich_side,2.0,C,0.0998869294448472,0.113008562909374,0.1305233710747055,0.0998869294448472,0.113008562909374,0.1305233710747055,0.1445054578424024,0.2443923872872496,0.1414575976869755,0.2544661605963496,0.1376365729977263,0.2681599440724319,,,,,,,,,,,,,
2024-11-08,V,DCE,DCE.v2501-C-6800,C,2024-12-17,39,,0.0270792061561567,2206.0,114.0,6.5,6800.0,5309.0,C,risk_reversal_t1_forced_rich_side,,,,,,434,434,1.0,14105.0,14105.0,0.00025,V|C,,,,,False,0,,,,,,,False,,,0.3367100937729904,,False,417323.5500000001,19018396.9,0.3440985741161563,20519704.5,961.5750000000002,21339,False,iv_extreme_overlay,overlay2_risk_reversal_same_sign,0,,,,,0.1412034556243155,0.9541809851088202,876.0,27.0,t3_p95_rr_2d_repair_same_sign,2024-11-05,0.1157228488328772,0.125395674614312,0.1353730468888493,0.1353595677962676,0.9245714285714286,0.937070938215103,0.9541809851088202,0.9541284403669724,0.9541809851088202,0.95,0.03,0.00025,,,overlay2_risk_reversal_same_sign,overlay2_risk_reversal_same_sign,risk_reversal_t1_forced_rich_side,2.0,C,0.1157228488328772,0.125395674614312,0.1353730468888493,0.1157228488328772,0.125395674614312,0.1353730468888493,0.2028895013720104,0.3186123502048876,0.2034720411529025,0.3288677157672146,0.1979940258064354,0.3333670726952847,,,,,,,,,,,,,
2024-11-11,SI,GFEX,GFEX.si2501-C-17000,C,2024-12-06,25,,0.0165199050179557,7813.0,1025.0,10.0,17000.0,12405.0,C,risk_reversal_t1_forced_rich_side,,,,,,282,282,1.0,14100.0,14100.0,0.00025,SI|C,,,,,False,0,,,,,,,False,,,0.343971433855263,,False,888652.5,19435720.450000003,0.3596987167934195,20116995.2,3151.25,6383,False,iv_extreme_overlay,overlay2_risk_reversal_same_sign,0,,,,,0.1779594478636596,0.96,378.0,27.0,t3_p95_rr_2d_repair_same_sign,2024-11-06,0.1466783516155955,0.1605306962767345,0.167238159377301,0.1477647932798714,0.9071618037135278,0.949468085106383,0.96,0.9197860962566844,0.96,0.95,0.03,0.00025,,,overlay2_risk_reversal_same_sign,overlay2_risk_reversal_same_sign,risk_reversal_t1_forced_rich_side,2.0,C,0.1466783516155955,0.1605306962767345,0.167238159377301,0.1466783516155955,0.1605306962767345,0.167238159377301,0.2376178179161567,0.3842961695317522,0.2288462402089494,0.3893769364856839,0.2214372011146421,0.3886753604919432,,,,,,,,,,,,,
2024-11-12,CF,CZCE,CZCE.CF501C16200,C,2024-12-11,29,,0.0268536455895884,8219.0,1930.0,10.0,16200.0,14065.0,C,risk_reversal_t1_forced_rich_side,,,,,,282,282,1.0,14100.0,14100.0,0.00025,CF|C,,,,,False,0,,,,,,,False,,,0.359504009429148,,False,1005682.5,20324372.950000003,0.3772928431536704,19249764.45,3566.25,5397,False,iv_extreme_overlay,overlay2_risk_reversal_same_sign,0,,,,,0.0895382967724438,0.9642147117296224,1009.0,30.0,t3_p95_rr_2d_repair_same_sign,2024-11-07,0.0782910795397334,0.0794908339141562,0.1073867907116834,0.0663679079304695,0.8928571428571429,0.8967229394240318,0.9642147117296224,0.8398009950248756,0.9642147117296224,0.95,0.03,0.00025,,,overlay2_risk_reversal_same_sign,overlay2_risk_reversal_same_sign,risk_reversal_t1_forced_rich_side,2.0,C,0.0782910795397334,0.0794908339141562,0.1073867907116834,0.0782910795397334,0.0794908339141562,0.1073867907116834,0.1831111896654655,0.261402269205199,0.1810188303941469,0.2605096643083031,0.1735956398207858,0.2809824305324693,,,,,,,,,,,,,
2024-11-14,PK,CZCE,CZCE.PK501C8700,C,2024-12-11,27,-0.0004977600796416,0.0691866354184929,1984.0,1111.0,12.5,8700.0,8032.0,C,high_iv_pressure,,0.2155650753601166,0.2155650753601166,,,905,905,1.0,56562.5,56562.5,0.001,PK|C,,,,,False,0,,,,,,,False,,,0.3483856171699355,,False,2179692.5,19715104.45,0.3869029640487739,19897819.95,2408.5,8261,False,monthly,monthly,0,,,,,,,,,,,,,,,,,,,,,,,,,,,,,,,,,,,,,,,,,,,,,,,,,,,,,,
2024-11-15,MO,CFFEX,CFFEX.MO2412-P-4800,P,2024-12-20,35,,-0.0213519731824163,1104.0,274.0,6.2,4800.0,6103.0,P,risk_reversal_t1_forced_rich_side,,,,,,22,22,1.0,13640.0,13640.0,0.00025,MO|P,,,,,False,0,,,,,,,False,,,0.3464464694693898,,False,647240.0,19613456.950000003,0.357879130905413,20015810.7,29420.0,680,False,iv_extreme_overlay,overlay2_risk_reversal_same_sign,0,,,,,0.0533830493883057,0.9981884057971014,555.0,28.0,t3_p95_rr_2d_repair_same_sign,2024-11-12,0.1140827209142996,0.1571511243450632,0.1831399386817339,0.1271768640073688,0.9909747292418772,0.9963833634719712,0.9981884057971014,0.998185117967332,0.9981884057971014,0.95,0.03,0.00025,,,overlay2_risk_reversal_same_sign,overlay2_risk_reversal_same_sign,risk_reversal_t1_forced_rich_side,2.0,P,-0.1140827209142996,-0.1571511243450632,-0.1831399386817339,0.1140827209142996,0.1571511243450632,0.1831399386817339,0.4199024016362171,0.3058196807219174,0.4382167590893844,0.2810656347443212,0.476181538518178,0.2930415998364442,,,,,,,,,,,,,
2024-11-15,SF,CZCE,CZCE.SF501C9200,C,2024-12-11,26,,0.0068032562707006,1166.0,123.0,2.0,9200.0,6262.0,C,risk_reversal_t1_forced_rich_side,,,,,,1415,1415,1.0,14150.0,14150.0,0.00025,SF|C,,,,,False,0,,,,,,,False,,,0.357879130905413,,False,2229332.5,20260696.950000003,0.3972574197948874,19368570.7,1575.5,12293,False,iv_extreme_overlay,overlay2_risk_reversal_same_sign,0,,,,,0.1077646881258621,0.9921875,259.0,21.0,t3_p95_rr_2d_repair_same_sign,2024-11-12,0.0890460725931666,0.1326342883218914,0.1743882527086651,0.1264783964179682,0.7015503875968992,0.926070038910506,0.9921875,0.9098039215686274,0.9921875,0.95,0.03,0.00025,,,overlay2_risk_reversal_same_sign,overlay2_risk_reversal_same_sign,risk_reversal_t1_forced_rich_side,2.0,C,0.0890460725931666,0.1326342883218914,0.1743882527086651,0.0890460725931666,0.1326342883218914,0.1743882527086651,0.2100644746971959,0.2991105472903625,0.2134206715227533,0.3460549598446447,0.2229919492062815,0.3973802019149466,,,,,,,,,,,,,
2024-11-18,C,DCE,DCE.c2501-C-2480,C,2024-12-17,29,,0.0299035390690124,3310.0,64.0,1.5,2480.0,2208.0,C,risk_reversal_t1_forced_rich_side,,,,,,944,944,1.0,14160.0,14160.0,0.00025,C|C,,,,,False,0,,,,,,,False,,,0.3968409744104165,,False,1056336.0,22490029.450000003,0.4154802300181854,17180825.199999996,1119.0,15353,False,iv_extreme_overlay,overlay2_risk_reversal_same_sign,0,,,,,0.0449340787896087,0.9797297297297296,1039.0,31.0,t3_p95_rr_2d_repair_same_sign,2024-11-13,0.0491430779806892,0.0544812232145844,0.0877854376119422,0.0667099175207886,0.838150289017341,0.8842815814850531,0.9797297297297296,0.9371980676328504,0.9797297297297296,0.95,0.03,0.00025,,,overlay2_risk_reversal_same_sign,overlay2_risk_reversal_same_sign,risk_reversal_t1_forced_rich_side,2.0,C,0.0491430779806892,0.0544812232145844,0.0877854376119422,0.0491430779806892,0.0544812232145844,0.0877854376119422,0.1351366640991055,0.1842797420797947,0.1377567353074149,0.1922379585219993,0.1312617783971107,0.219047216009053,,,,,,,,,,,,,
2024-11-18,RM,CZCE,CZCE.RM501C2900,C,2024-12-11,23,,0.0292499063771909,3005.0,307.0,2.5,2900.0,2409.0,C,term_structure_t1_high_iv_pressure,,,,,,566,566,1.0,14150.0,14150.0,0.00025,RM|C,,,,,False,0,,,,,,,False,,,0.4154802300181854,,False,695897.0,23546365.450000003,0.4277594688774874,16124489.199999996,1229.5,13114,False,iv_extreme_overlay,overlay3_term_structure_cluster_cap2,0,,,,,0.0427955589670691,0.9869158878504672,538.0,36.0,t3_p95_term_2d_repair_t1_no_trend_conflict_cluster_cap2,2024-09-30,0.0385009227530987,0.0443434617156834,0.5536002836348843,0.4992682693675062,0.4841713221601489,0.5111940298507462,0.9869158878504672,0.9775280898876404,0.9869158878504672,0.95,0.03,0.00025,,,overlay3_term_structure_cluster_cap2,overlay3_term_structure_cluster_cap2,term_structure_t1_high_iv_pressure,3.0,C,,,,,,,,,,,,,0.0385009227530987,0.0443434617156834,0.5536002836348843,0.281952941288366,0.2434520185352672,0.2690449016305825,0.224701439914899,0.8578897699258429,0.3042894862909585,-0.0219917012448133,C,False,
2024-11-22,M,DCE,DCE.m2501-C-3250,C,2024-12-17,25,,0.0299712234706756,26310.0,2086.0,2.5,3250.0,2786.0,C,,0.1394233316556321,0.3848158049374114,0.3848158049374114,0.1394233316556321,0.2453924732817793,567,567,1.0,14175.0,14175.0,0.00025,M|C,,,,,False,0,,,,,,,False,,,0.4271040150690222,,False,804006.0,24242262.450000003,0.4412691199740548,15489472.949999996,1418.0,10923,False,iv_extreme_overlay,overlay1_high_iv_pullback,0,,,,,0.1294849796377978,0.9904214559386972,1048.0,16.0,t4_p95_pullback_3d,2024-11-18,0.2941158714783332,0.3096571257249821,0.3239586816735436,0.3926452691426935,0.936007640878701,0.9541108986615678,0.969377990430622,0.9904214559386972,0.9904214559386972,0.95,0.04,0.00025,,,overlay1_high_iv_pullback,overlay1_high_iv_pullback,,1.0,,,,,,,,,,,,,,,,,,,,,,,,,,
2024-11-26,AL,SHFE,SHFE.al2501P19200,P,2024-12-25,29,-0.0082125603864734,-0.0691428153365949,1493.0,586.0,30.0,19200.0,20530.0,P,high_iv_pressure,0.1804791548194293,0.1734402382597921,0.1804791548194293,0.1734402382597921,0.0070389165596372,378,378,1.0,56700.0,56700.0,0.001,AL|P,,,,,False,0,,,,,,,False,,,0.251018577656113,,False,2680020.0,14252209.05,0.298220720575139,25492045.85,7090.0,3595,False,monthly,monthly,0,,,,,,,,,,,,,,,,,,,,,,,,,,,,,,,,,,,,,,,,,,,,,,,,,,,,,,
2024-12-04,HO,CFFEX,CFFEX.HO2412-C-3150,C,2024-12-20,16,,0.0275598088095113,8873.0,759.0,2.4,3150.0,2644.6,C,risk_reversal_t1_forced_rich_side,,,,,,59,59,1.0,14160.0,14160.0,0.00025,HO|C,,,,,False,0,,,,,,,False,,,0.297837443922288,,False,950348.4,16932229.05,0.3145540461756479,22863171.35,16107.6,1419,False,iv_extreme_overlay,overlay2_risk_reversal_same_sign,0,,,,,0.0903377875691556,0.9829059829059827,471.0,18.0,t3_p95_rr_2d_repair_same_sign,2024-11-29,0.0864693746457242,0.0946225474648963,0.1149005415497226,0.0945771814730561,0.9659574468085106,0.9701492537313432,0.9829059829059827,0.9721627408993576,0.9829059829059827,0.95,0.03,0.00025,,,overlay2_risk_reversal_same_sign,overlay2_risk_reversal_same_sign,risk_reversal_t1_forced_rich_side,2.0,C,0.0864693746457242,0.0946225474648963,0.1149005415497226,0.0864693746457242,0.0946225474648963,0.1149005415497226,0.2389646986894368,0.325434073335161,0.2286448819409347,0.3232674294058311,0.2122593981060154,0.3271599396557381,,,,,,,,,,,,,
2024-12-06,L,DCE,DCE.l2501-C-8700,C,2024-12-17,11,,0.0156899950209114,7738.0,1957.0,1.0,8700.0,8296.0,C,risk_reversal_t1_forced_rich_side,,,,,,2841,2841,1.0,14205.0,14205.0,0.00025,L|C,,,,,False,0,,,,,,,False,,,0.2825519125986884,,False,5393922.600000001,16058742.45,0.3774574229015385,23725520.95,1898.6,12496,False,iv_extreme_overlay,overlay2_risk_reversal_same_sign,0,,,,,0.0089894188899196,0.9671302149178256,794.0,10.0,t3_p95_rr_2d_repair_same_sign,2024-12-03,0.0345804867858191,0.0429033095742146,0.0776280801749145,0.0617513739896967,0.7730138713745272,0.8472222222222222,0.9671302149178256,0.939240506329114,0.9671302149178256,0.95,0.03,0.00025,,,overlay2_risk_reversal_same_sign,overlay2_risk_reversal_same_sign,risk_reversal_t1_forced_rich_side,2.0,C,0.0345804867858191,0.0429033095742146,0.0776280801749145,0.0345804867858191,0.0429033095742146,0.0776280801749145,0.1271607646316359,0.161741251417455,0.1398533311945791,0.1827566407687937,0.1168541692615836,0.1944822494364982,,,,,,,,,,,,,
2024-12-09,SI,GFEX,GFEX.si2502-C-13400,C,2025-01-08,30,-0.0519951632406288,0.0653420941084358,1215.0,486.0,27.0,13400.0,11760.0,C,high_iv_pressure,0.2237746903935362,0.3047234271170053,0.3047234271170053,0.2237746903935362,0.0809487367234691,421,421,1.0,56835.0,56835.0,0.001,SI|C,,,,,False,0,,,,,,,False,,,0.3773601027889173,,False,1294575.0,21452665.05,0.4001321431824703,18341858.6,3075.0,5964,False,monthly,monthly,0,,,,,,,,,,,,,,,,,,,,,,,,,,,,,,,,,,,,,,,,,,,,,,,,,,,,,,
2024-12-10,IO,CFFEX,CFFEX.IO2412-C-4600,C,2024-12-20,10,,0.0293998241888302,1808.0,1540.0,3.2,4600.0,4000.4,C,risk_reversal_t1_forced_rich_side,,,,,,44,44,1.0,14080.0,14080.0,0.00025,IO|C,,,,,False,0,,,,,,,False,,,0.4001839706187456,,False,1070185.6,22747240.05,0.4190113589861095,17042129.849999998,24322.4,700,False,iv_extreme_overlay,overlay2_risk_reversal_same_sign,0,,,,,0.1193171764682259,0.994408201304753,1076.0,20.0,t3_p95_rr_2d_repair_same_sign,2024-12-05,0.1107213506381886,0.1156132658825897,0.1216546084070244,0.1033775911181421,0.9906976744186048,0.9925512104283054,0.994408201304753,0.9916044776119404,0.994408201304753,0.95,0.03,0.00025,,,overlay2_risk_reversal_same_sign,overlay2_risk_reversal_same_sign,risk_reversal_t1_forced_rich_side,2.0,C,0.1107213506381886,0.1156132658825897,0.1216546084070244,0.1107213506381886,0.1156132658825897,0.1216546084070244,0.2403870435002381,0.3511083941384267,0.2338633032585658,0.3494765691411556,0.2288601200169943,0.3505147284240187,,,,,,,,,,,,,
2024-12-12,PK,CZCE,CZCE.PK503C8600,C,2025-02-12,62,-0.0249003984063744,0.0710290123922272,1100.0,1217.0,14.5,8600.0,7832.0,C,high_iv_pressure,,0.1459878006479631,0.1459878006479631,,,784,784,1.0,56840.0,56840.0,0.001,PK|C,,,,,False,0,,,,,,,False,,,0.2876591667367772,,False,1621704.0,16370721.15,0.3161550416013794,23466371.25,2068.5,11344,False,monthly,monthly,0,,,,,,,,,,,,,,,,,,,,,,,,,,,,,,,,,,,,,,,,,,,,,,,,,,,,,,
2024-12-12,SR,CZCE,CZCE.SR503P5600,P,2025-02-12,62,0.0361016949152541,-0.0572926907423431,2495.0,3308.0,9.0,5600.0,6113.0,P,high_iv_pressure,0.1629741719915985,0.1464076035864934,0.1629741719915985,0.1464076035864934,0.0165665684051051,632,632,1.0,56880.0,56880.0,0.001,SR|P,,,,,False,0,,,,,,,False,,,0.3161550416013794,,False,2299216.0000000005,17992425.15,0.3565558616170491,21844667.25,3638.000000000001,6004,False,monthly,monthly,0,,,,,,,,,,,,,,,,,,,,,,,,,,,,,,,,,,,,,,,,,,,,,,,,,,,,,,
2024-12-17,PF,CZCE,CZCE.PF502P6500,P,2025-01-13,27,0.0101010101010101,-0.0309512945180189,1233.0,1627.0,3.5,6500.0,7000.0,P,high_iv_pressure,0.1505077352521674,,0.1505077352521674,,,3253,3253,1.0,56927.5,56927.5,0.001,PF|P,,,,,False,0,,,,,,,False,,,0.1855352195552881,,False,7376177.5,10563289.0,0.3150915264916293,29290612.15,2267.5,12917,False,monthly,monthly,0,,,,,,,,,,,,,,,,,,,,,,,,,,,,,,,,,,,,,,,,,,,,,,,,,,,,,,
2024-12-18,A,DCE,DCE.a2503-C-5200,C,2025-02-20,64,-0.0409582689335393,0.0066107902781057,2039.0,8.0,1.0,5200.0,3723.0,C,high_iv_pressure,,0.3105155255816967,0.3105155255816967,,,5690,5690,1.0,56900.0,56900.0,0.001,A|C,,,,,False,0,,,,,,,False,,,0.3152673252060014,,False,10648835.0,17939466.5,0.5024094415565658,21892211.4,1871.5,11697,False,monthly,monthly,0,,,,,,,,,,,,,,,,,,,,,,,,,,,,,,,,,,,,,,,,,,,,,,,,,,,,,,
2024-12-18,CS,DCE,DCE.cs2503-C-3000,C,2025-02-20,64,-0.0487329434697856,0.0134017107577102,1774.0,17.0,1.0,3000.0,2440.0,C,high_iv_pressure,,0.2146865838602678,0.2146865838602678,,,5690,5690,1.0,56900.0,56900.0,0.001,CS|C,,,,,False,0,,,,,,,False,,,0.5024094415565658,,False,6998700.0,28588301.5,0.6254042602106903,11243376.4,1230.0,9140,False,monthly,monthly,0,,,,,,,,,,,,,,,,,,,,,,,,,,,,,,,,,,,,,,,,,,,,,,,,,,,,,,
2024-12-23,B,DCE,DCE.b2502-C-3750,C,2025-01-17,25,,0.0187786123001851,1019.0,220.0,1.5,3750.0,3234.0,C,risk_reversal_t1_forced_rich_side,,,,,,950,950,1.0,14250.0,14250.0,0.00025,B|C,,,,,False,0,,,,,,,False,,,0.5774376687936441,,False,1550400.0000000002,32919227.5,0.60463330580237,6987173.649999999,1632.0000000000002,4281,False,iv_extreme_overlay,overlay2_risk_reversal_same_sign,0,,,,,0.2095929228094976,0.9722222222222222,507.0,15.0,t3_p95_rr_2d_repair_same_sign,2024-12-18,0.1978728857396781,0.2405866121455719,0.2560355595381349,0.0734657318606454,0.9387351778656128,0.9643564356435644,0.9722222222222222,0.6759443339960238,0.9722222222222222,0.95,0.03,0.00025,,,overlay2_risk_reversal_same_sign,overlay2_risk_reversal_same_sign,risk_reversal_t1_forced_rich_side,2.0,C,0.1978728857396781,0.2405866121455719,0.2560355595381349,0.1978728857396781,0.2405866121455719,0.2560355595381349,0.0859911112913329,0.2838639970310111,0.0709294861233433,0.3115160982689153,0.0605423870393347,0.3165779465774697,,,,,,,,,,,,,
2024-12-24,RM,CZCE,CZCE.RM503P1925,P,2025-02-12,50,,-0.0331747950455495,3529.0,1275.0,3.5,1925.0,2337.0,P,,0.2984025423296673,0.2554939603250867,0.2984025423296673,0.2554939603250867,0.0429085820045805,407,407,1.0,14245.0,14245.0,0.00025,RM|P,,,,,False,0,,,,,,,False,,,0.6047996255430469,,False,489824.5,34469627.5,0.6133940228623046,5425799.399999999,1203.5,4508,False,iv_extreme_overlay,overlay1_high_iv_pullback,0,,,,,0.2869997975497005,0.9786046511627908,1079.0,12.0,t4_p95_pullback_3d,2024-12-18,0.1492174074814839,0.1495736972861067,0.4223686874058118,0.4327555091741104,0.0371057513914656,0.0380687093779015,0.974907063197026,0.9786046511627908,0.9786046511627908,0.95,0.04,0.00025,,,overlay1_high_iv_pullback,overlay1_high_iv_pullback,,1.0,,,,,,,,,,,,,,,,,,,,,,,,,,
2024-12-26,AL,SHFE,SHFE.al2502C20800,C,2025-01-21,26,-0.0302062868369351,0.0593988969572172,1220.0,739.0,16.0,20800.0,19745.0,C,high_iv_pressure,,0.1242836495042497,0.1242836495042497,,,713,713,1.0,57040.0,57040.0,0.001,AL|C,,,,,False,0,,,,,,,False,,,0.5656487590239913,,False,5215595.0,32279432.0,0.6570442593946835,7666916.3999999985,7315.0,1048,False,monthly,monthly,0,,,,,,,,,,,,,,,,,,,,,,,,,,,,,,,,,,,,,,,,,,,,,,,,,,,,,,
2024-12-26,AU,SHFE,SHFE.au2502P584,P,2025-01-21,26,0.0054033066942764,-0.0541275792791143,2280.0,1201.0,0.58,584.0,621.48,P,high_iv_pressure,0.1940127561838983,0.1538478680041126,0.1940127561838983,0.1538478680041126,0.0401648881797857,30,98,0.3061224489795918,17400.0,56840.0,0.001,AU|P,,,,,False,0,,,,,,,False,,,0.6570442593946835,,False,2438303.9999999995,37495027.0,0.6997718895377181,2451321.3999999985,81276.79999999999,30,True,monthly,monthly,0,,,,,,,,,,,,,,,,,,,,,,,,,,,,,,,,,,,,,,,,,,,,,,,,,,,,,,
2025-01-03,C,DCE,DCE.c2503-P-1920,P,2025-02-20,48,,-0.0228749423867908,2173.0,154.0,1.5,1920.0,2226.0,P,risk_reversal_t1_forced_rich_side,,,,,,83,953,0.0870933892969569,1245.0,14295.0,0.00025,C|P,,,,,False,0,,,,,,,False,,,0.6983614899528102,,False,93624.0,39933331.0,0.6999988038081293,93692.39999999852,1128.0,83,True,iv_extreme_overlay,overlay2_risk_reversal_same_sign,0,,,,,0.0973885826961797,0.9962581852198316,1072.0,20.0,t3_p95_rr_2d_repair_same_sign,2024-12-30,0.0831382938008374,0.0921951852838383,0.1053261702428968,0.0821559004420798,0.9738562091503268,0.9841121495327104,0.9962581852198316,0.9737827715355806,0.9962581852198316,0.95,0.03,0.00025,,,overlay2_risk_reversal_same_sign,overlay2_risk_reversal_same_sign,risk_reversal_t1_forced_rich_side,2.0,P,-0.0831382938008374,-0.0921951852838383,-0.1053261702428968,0.0831382938008374,0.0921951852838383,0.1053261702428968,0.1939703444254837,0.1108320506246463,0.1876401478247168,0.0954449625408785,0.1947458778178313,0.0894197075749344,,,,,,,,,,,,,
2025-01-09,SI,GFEX,GFEX.si2503-C-11800,C,2025-02-11,33,-0.1081883750530334,0.0703931394016607,1420.0,449.0,24.0,11800.0,10510.0,C,high_iv_pressure,,0.2625893015325193,0.2625893015325193,,,476,476,1.0,57120.0,57120.0,0.001,SI|C,,,,,False,0,,,,,,,False,,,0.6765858630180147,,False,1307810.0,38704699.5,0.6994473183178702,1339426.6499999985,2747.5,487,False,monthly,monthly,0,,,,,,,,,,,,,,,,,,,,,,,,,,,,,,,,,,,,,,,,,,,,,,,,,,,,,,
2025-01-14,PF,CZCE,CZCE.PF503C7800,C,2025-02-12,29,0.0099488345650937,0.0543958880586478,1034.0,1454.0,9.0,7800.0,7106.0,C,high_iv_pressure,,0.1991479826727606,0.1991479826727606,,,1269,1269,1.0,57105.0,57105.0,0.001,PF|C,,,,,False,0,,,,,,,False,,,0.5714767401649558,,False,2364147.0,32636332.0,0.6128740093443096,7339804.8999999985,1863.0,3939,False,monthly,monthly,0,,,,,,,,,,,,,,,,,,,,,,,,,,,,,,,,,,,,,,,,,,,,,,,,,,,,,,
2025-01-22,AL,SHFE,SHFE.al2503P19100,P,2025-02-24,33,0.0229972201162496,-0.0625222657451677,1002.0,362.0,22.0,19100.0,20240.0,P,high_iv_pressure,0.1378156540181296,,0.1378156540181296,,,520,520,1.0,57200.0,57200.0,0.001,AL|P,,,,,False,0,,,,,,,False,,,0.4502280005112764,,False,3837600.0,25796180.0,0.5172067149861357,14310890.15,7380.0,1939,False,monthly,monthly,0,,,,,,,,,,,,,,,,,,,,,,,,,,,,,,,,,,,,,,,,,,,,,,,,,,,,,,
2025-01-24,M,DCE,DCE.m2503-C-3700,C,2025-02-20,27,,0.0281791411280283,9158.0,4778.0,4.0,3700.0,2814.0,C,risk_reversal_t1_forced_rich_side,,,,,,358,358,1.0,14320.0,14320.0,0.00025,M|C,,,,,False,0,,,,,,,False,,,0.5164200632478989,,False,518026.00000000006,29633780.0,0.525447565634839,10534384.4,1447.0000000000002,7280,False,iv_extreme_overlay,overlay2_risk_reversal_same_sign,0,,,,,0.3745993976556321,0.9829706717123936,1060.0,19.0,t3_p95_rr_2d_repair_same_sign,2025-01-21,0.3512561779878441,0.3541287059820858,0.367838374818826,0.317954107045356,0.975448536355052,0.9782608695652174,0.9829706717123936,0.9668560606060606,0.9829706717123936,0.95,0.03,0.00025,,,overlay2_risk_reversal_same_sign,overlay2_risk_reversal_same_sign,risk_reversal_t1_forced_rich_side,2.0,C,0.3512561779878441,0.3541287059820858,0.367838374818826,0.3512561779878441,0.3541287059820858,0.367838374818826,0.1361569580381753,0.4874131360260194,0.1417770719142383,0.4959057778963241,0.1200999173983829,0.4879382922172089,,,,,,,,,,,,,
2025-02-10,V,DCE,DCE.v2503-P-4700,P,2025-02-20,10,,-0.0256157735540649,2230.0,3507.0,3.0,4700.0,5248.0,P,term_structure_t1_high_iv_pressure,,,,,,957,957,1.0,14355.0,14355.0,0.00025,V|P,,,,,False,0,,,,,,,False,,,0.5250594881582625,,False,893263.8,30151806.0,0.5406146636465335,10046047.15,933.4,10762,False,iv_extreme_overlay,overlay3_term_structure_cluster_cap2,0,,,,,0.2064925027641049,0.9883116883116884,773.0,18.0,t3_p95_term_2d_repair_t1_no_trend_conflict_cluster_cap2,2025-02-05,0.1672521208623281,0.3781837761060033,0.3921600666222419,-0.05133773577871,0.9572538860103628,0.987029831387808,0.9883116883116884,0.1287386215864759,0.9883116883116884,0.95,0.03,0.00025,,,overlay3_term_structure_cluster_cap2,overlay3_term_structure_cluster_cap2,term_structure_t1_high_iv_pressure,3.0,P,,,,,,,,,,,,,0.1672521208623281,0.3781837761060033,0.3921600666222419,0.3469764247415562,0.1797243038792281,0.5577802687971227,0.1795964926911194,0.5737839194930093,0.1816238528707673,0.0065599073895428,P,False,
2025-02-12,SI,GFEX,GFEX.si2504-C-12000,C,2025-03-07,23,0.022211720226843,0.069607437512098,3994.0,2942.0,22.0,12000.0,10815.0,C,high_iv_pressure,,0.270495691540841,0.270495691540841,,,522,522,1.0,57420.0,57420.0,0.001,SI|C,,,,,False,0,,,,,,,False,,,0.3997831020423161,,False,1468777.5,22990048.8,0.4253242581428615,17264364.349999998,2813.75,6135,False,monthly,monthly,0,,,,,,,,,,,,,,,,,,,,,,,,,,,,,,,,,,,,,,,,,,,,,,,,,,,,,,
2025-02-13,SR,CZCE,CZCE.SR505P5500,P,2025-04-11,57,0.012896657050738,-0.0610454785157188,14490.0,4215.0,9.0,5500.0,5969.0,P,high_iv_pressure,0.1673051562575109,0.1351168827063636,0.1673051562575109,0.1351168827063636,0.0321882735511473,638,638,1.0,57420.0,57420.0,0.001,SR|P,,,,,False,0,,,,,,,False,,,0.4253168436491036,,False,2369532.0,24458826.3,0.4665208596883175,15796288.599999998,3714.0,4253,False,monthly,monthly,0,,,,,,,,,,,,,,,,,,,,,,,,,,,,,,,,,,,,,,,,,,,,,,,,,,,,,,
2025-02-14,SH,CZCE,CZCE.SH504C3520,C,2025-03-12,26,,0.0351481826356685,1819.0,1848.0,4.0,3520.0,2904.0,C,,0.313299630654005,0.4257118592010944,0.4257118592010944,0.313299630654005,0.1124122285470893,119,119,1.0,14280.0,14280.0,0.00025,SH|C,,,,,False,0,,,,,,,False,,,0.4663261628444904,,False,532644.0000000001,26828358.3,0.4755844942677046,13443563.599999998,4476.000000000001,3003,False,iv_extreme_overlay,overlay1_high_iv_pullback,0,,,,,0.2833268627605662,0.9565217391304348,257.0,32.0,t4_p95_pullback_3d,2025-02-10,0.3039146568320134,0.3076748518764228,0.3218531763436004,0.3414989912421475,0.87109375,0.8784313725490196,0.8976377952755905,0.9565217391304348,0.9565217391304348,0.95,0.04,0.00025,,,overlay1_high_iv_pullback,overlay1_high_iv_pullback,,1.0,,,,,,,,,,,,,,,,,,,,,,,,,,
2025-02-18,PK,CZCE,CZCE.PK504C8800,C,2025-03-12,22,0.0283563362609786,0.0496356329384352,1028.0,2059.0,7.0,8800.0,8196.0,C,high_iv_pressure,,0.1705568921325392,0.1705568921325392,,,1644,1644,1.0,57540.0,57540.0,0.001,PK|C,,,,,False,0,,,,,,,False,,,0.4753128459344269,,False,4312212.0,27361002.3,0.5502242009907652,12933935.599999998,2623.0,4930,False,monthly,monthly,0,,,,,,,,,,,,,,,,,,,,,,,,,,,,,,,,,,,,,,,,,,,,,,,,,,,,,,
2025-02-18,SC,INE,INE.sc2504C690,C,2025-03-13,23,,0.0094970565874654,2052.0,211.0,0.15,690.0,561.6,C,term_structure_t1_high_iv_pressure,,,,,,95,95,1.0,14250.0,14250.0,0.00025,SC|C,,,,,False,0,,,,,,,False,,,0.5502242009907652,,False,5882970.0,31673214.3,0.6524226213040025,8621723.599999998,61926.0,139,False,iv_extreme_overlay,overlay3_term_structure_cluster_cap2,0,,,,,0.011085733837699,1.0,918.0,20.0,t3_p95_term_2d_repair_t1_no_trend_conflict_cluster_cap2,2025-02-14,0.0043787173284199,0.266433905172752,0.4828128024645249,0.0489422377301859,0.3914940021810251,0.9945414847161572,1.0,0.8763676148796499,1.0,0.95,0.03,0.00025,,,overlay3_term_structure_cluster_cap2,overlay3_term_structure_cluster_cap2,term_structure_t1_high_iv_pressure,3.0,C,,,,,,,,,,,,,0.0043787173284199,0.266433905172752,0.4828128024645249,0.2418267308927802,0.2374480135643602,0.3521677364086724,0.0857338312359203,0.5888373113827837,0.1060245089182587,-0.1101546309580741,C,False,
2025-02-21,A,DCE,DCE.a2505-C-5100,C,2025-04-17,55,0.0253705099221301,0.0145397890257564,1975.0,140.0,2.0,5100.0,4082.0,C,high_iv_pressure,0.1238284183951402,0.2535458043961678,0.2535458043961678,0.1238284183951402,0.1297173860010276,2885,2885,1.0,57700.0,57700.0,0.001,A|C,,,,,False,0,,,,,,,False,,,0.3189017392333637,,False,5945985.0,18403735.5,0.4219343522567084,21993080.4,2061.0,10671,False,monthly,monthly,0,,,,,,,,,,,,,,,,,,,,,,,,,,,,,,,,,,,,,,,,,,,,,,,,,,,,,,
2025-02-21,CS,DCE,DCE.cs2505-C-3000,C,2025-04-17,55,0.020692399522483,0.0268842411830844,1029.0,43.0,2.0,3000.0,2565.0,C,high_iv_pressure,,0.2011419616438626,0.2011419616438626,,,2885,2885,1.0,57700.0,57700.0,0.001,CS|C,,,,,False,0,,,,,,,False,,,0.4219343522567084,,False,3757712.5,24349720.5,0.4870483641261439,16047095.4,1302.5,12320,False,monthly,monthly,0,,,,,,,,,,,,,,,,,,,,,,,,,,,,,,,,,,,,,,,,,,,,,,,,,,,,,,
2025-02-25,AL,SHFE,SHFE.al2504P19400,P,2025-03-25,28,0.0128015755785326,-0.0559153494788453,1011.0,580.0,19.0,19400.0,20570.0,P,high_iv_pressure,0.1381207687315131,0.1376102342655421,0.1381207687315131,0.1376102342655421,0.0005105344659709,607,607,1.0,57665.0,57665.0,0.001,AL|P,,,,,False,0,,,,,,,False,,,0.4202178318958506,,False,4525185.0,24269833.0,0.4985687389510259,16158920.4,7455.0,2167,False,monthly,monthly,0,,,,,,,,,,,,,,,,,,,,,,,,,,,,,,,,,,,,,,,,,,,,,,,,,,,,,,
2025-02-25,AU,SHFE,SHFE.au2504P632,P,2025-03-25,28,0.0445033439146915,-0.079161501211476,3956.0,2747.0,1.28,632.0,677.82,P,high_iv_pressure,0.2365607910098765,0.1956129857810863,0.2365607910098765,0.1956129857810863,0.0409478052287902,45,45,1.0,57600.0,57600.0,0.001,AU|P,,,,,False,0,,,,,,,False,,,0.4985687389510259,,False,3906954.0,28795018.0,0.5662153411833866,11633735.4,86821.2,133,False,monthly,monthly,0,,,,,,,,,,,,,,,,,,,,,,,,,,,,,,,,,,,,,,,,,,,,,,,,,,,,,,
2025-03-10,SI,GFEX,GFEX.si2505-C-11200,C,2025-04-08,29,-0.0769230769230768,0.0658941165471433,3915.0,693.0,20.0,11200.0,10020.0,C,high_iv_pressure,,0.3211028642589834,0.3211028642589834,,,579,579,1.0,57900.0,57900.0,0.001,SI|C,,,,,False,0,,,,,,,False,,,0.5393788955907255,,False,1508295.0,31233194.5,0.5654262629621614,9300901.9,2605.0,3570,False,monthly,monthly,0,,,,,,,,,,,,,,,,,,,,,,,,,,,,,,,,,,,,,,,,,,,,,,,,,,,,,,
2025-03-13,PF,CZCE,CZCE.PF505C7000,C,2025-04-11,29,-0.0540308747855917,0.0768285217997583,2314.0,933.0,8.5,7000.0,6618.0,C,high_iv_pressure,,0.1747802430631406,0.1747802430631406,,,1363,1363,1.0,57927.5,57927.5,0.001,PF|C,,,,,False,0,,,,,,,False,,,0.3798077802330337,,False,3266429.5000000005,22013663.5,0.4361643851971597,18558344.9,2396.5000000000005,7743,False,monthly,monthly,0,,,,,,,,,,,,,,,,,,,,,,,,,,,,,,,,,,,,,,,,,,,,,,,,,,,,,,
2025-03-13,PK,CZCE,CZCE.PK505C8800,C,2025-04-11,29,0.0327336331834082,0.0566798506149284,1428.0,654.0,7.5,8800.0,8266.0,C,high_iv_pressure,0.1186999389516394,0.1547048929642726,0.1547048929642726,0.1186999389516394,0.0360049540126331,1545,1545,1.0,57937.5,57937.5,0.001,PK|C,,,,,False,0,,,,,,,False,,,0.4361643851971597,,False,4380847.5,25280093.0,0.5117483498795687,15291915.4,2835.5,5393,False,monthly,monthly,0,,,,,,,,,,,,,,,,,,,,,,,,,,,,,,,,,,,,,,,,,,,,,,,,,,,,,,
2025-03-19,SM,CZCE,CZCE.SM505C7100,C,2025-04-11,23,,0.0284935674690367,4744.0,316.0,5.0,7100.0,6110.0,C,risk_reversal_t1_forced_rich_side,,,,,,580,580,1.0,14500.0,14500.0,0.00025,SM|C,,,,,False,0,,,,,,,False,,,0.5110631189546379,,False,900450.0,29660940.5,0.5265780277102352,10965466.65,1552.5,7063,False,iv_extreme_overlay,overlay2_risk_reversal_same_sign,0,,,,,0.071412814640981,0.9507692307692308,328.0,23.0,t3_p95_rr_2d_repair_same_sign,2025-03-14,0.0770526442014151,0.1008476969655132,0.1734099077152337,0.1070468134794245,0.636085626911315,0.7668711656441718,0.9507692307692308,0.7932098765432098,0.9507692307692308,0.95,0.03,0.00025,,,overlay2_risk_reversal_same_sign,overlay2_risk_reversal_same_sign,risk_reversal_t1_forced_rich_side,2.0,C,0.0770526442014151,0.1008476969655132,0.1734099077152337,0.0770526442014151,0.1008476969655132,0.1734099077152337,0.2117833581820432,0.2888360023834583,0.2176768422078557,0.318524539173369,0.1801126955244385,0.3535226032396723,,,,,,,,,,,,,
2025-03-26,AL,SHFE,SHFE.al2505C22000,C,2025-04-24,29,-0.0016895969104513,0.0710823280605193,1309.0,683.0,26.0,22000.0,20680.0,C,high_iv_pressure,,0.143732005582139,0.143732005582139,,,446,446,1.0,57980.0,57980.0,0.001,AL|C,,,,,False,0,,,,,,,False,,,0.3810051686743517,,False,3197820.0,22129251.5,0.4360628803412021,18527614.4,7170.0,2584,False,monthly,monthly,0,,,,,,,,,,,,,,,,,,,,,,,,,,,,,,,,,,,,,,,,,,,,,,,,,,,,,,
2025-04-01,AU,SHFE,SHFE.au2505C840,C,2025-04-24,23,0.0803053075177555,0.0356407403772307,1394.0,1613.0,0.74,840.0,733.16,C,high_iv_pressure,,0.2985817748711444,0.2985817748711444,,,78,78,1.0,57720.0,57720.0,0.001,AU|C,,,,,False,0,,,,,,,False,,,0.4353527487815116,,False,5040796.799999998,25327071.5,0.5220001427737088,15396112.4,64625.59999999998,238,False,monthly,monthly,0,,,,,,,,,,,,,,,,,,,,,,,,,,,,,,,,,,,,,,,,,,,,,,,,,,,,,,
2025-04-07,IO,CFFEX,CFFEX.IO2504-C-4250,C,2025-04-18,11,,0.0270305286588238,1953.0,1223.0,3.6,4250.0,3452.6,C,term_structure_t1_high_iv_pressure,,,,,,40,40,1.0,14400.0,14400.0,0.00025,IO|C,,,,,False,0,,,,,,,False,,,0.5214163544816932,,False,843024.0,30367868.3,0.5358910781099097,10400910.1,21075.6,493,False,iv_extreme_overlay,overlay3_term_structure_cluster_cap2,0,,,,,0.1368079461211753,0.9824407374890256,1142.0,18.0,t3_p95_term_2d_repair_t1_no_trend_conflict_cluster_cap2,2025-04-01,0.0187725990397645,0.0243072806627034,0.0330369053164343,0.0237456464930749,0.9272567922874672,0.9614035087719298,0.9824407374890256,0.9622144112478032,0.9824407374890256,0.95,0.03,0.00025,,,overlay3_term_structure_cluster_cap2,overlay3_term_structure_cluster_cap2,term_structure_t1_high_iv_pressure,3.0,C,,,,,,,,,,,,,0.0187725990397645,0.0243072806627034,0.0330369053164343,0.1768774470124465,0.1581048479726819,0.174899671999941,0.1505923913372376,0.1727044831805134,0.139667577864079,-0.0296393707956096,C,False,
2025-04-09,SI,GFEX,GFEX.si2506-C-10600,C,2025-05-12,33,-0.0475713570355533,0.0761970657331957,3002.0,1126.0,23.0,10600.0,9510.0,C,high_iv_pressure,,0.2747943157133176,0.2747943157133176,,,505,505,1.0,58075.0,58075.0,0.001,SI|C,,,,,False,0,,,,,,,False,,,0.5106567284479195,,False,1258712.5,29702597.3,0.532296923775434,11013243.6,2492.5,4418,False,monthly,monthly,0,,,,,,,,,,,,,,,,,,,,,,,,,,,,,,,,,,,,,,,,,,,,,,,,,,,,,,
2025-04-14,PF,CZCE,CZCE.PF506C6800,C,2025-05-13,29,-0.092414208308248,0.0312715467317327,1051.0,1215.0,4.5,6800.0,6030.0,C,high_iv_pressure,,0.2499350376738656,0.2499350376738656,,,2589,2589,1.0,58252.5,58252.5,0.001,PF|C,,,,,False,0,,,,,,,False,,,0.3439598148051193,,False,3961170.0,20044050.8,0.4119342633438145,20748027.1,1530.0,13560,False,monthly,monthly,0,,,,,,,,,,,,,,,,,,,,,,,,,,,,,,,,,,,,,,,,,,,,,,,,,,,,,,
2025-04-14,SR,CZCE,CZCE.SR507MSC6300,C,2025-05-13,29,-0.0182906551380113,0.063037600761715,1017.0,778.0,6.5,6300.0,5904.0,C,high_iv_pressure,,0.156935560268258,0.156935560268258,,,896,896,1.0,58240.0,58240.0,0.001,SR|C,,,,,False,0,,,,,,,False,,,0.4119342633438145,,False,3574144.0,24005220.8,0.473267270358885,16786857.1,3989.0,4208,False,monthly,monthly,0,,,,,,,,,,,,,,,,,,,,,,,,,,,,,,,,,,,,,,,,,,,,,,,,,,,,,,
2025-04-14,ZN,SHFE,SHFE.zn2505C24200,C,2025-04-24,10,,0.0266844903341937,2034.0,555.0,9.0,24200.0,22365.0,C,term_structure_t1_high_iv_pressure,,,,,,323,323,1.0,14535.0,14535.0,0.00025,ZN|C,,,,,False,0,,,,,,,False,,,0.473267270358885,,False,2144720.0,27579364.8,0.510071083189415,13212713.1,6640.0,1989,False,iv_extreme_overlay,overlay3_term_structure_cluster_cap2,0,,,,,0.0702670389205211,0.9685099846390168,1305.0,39.0,t3_p95_term_2d_repair_t1_no_trend_conflict_cluster_cap2,2025-04-10,0.0377625408499279,0.0418542531081816,0.0553615011808381,0.0383379171961897,0.937116564417178,0.95088257866462,0.9685099846390168,0.9415833973866256,0.9685099846390168,0.95,0.03,0.00025,,,overlay3_term_structure_cluster_cap2,overlay3_term_structure_cluster_cap2,term_structure_t1_high_iv_pressure,3.0,C,,,,,,,,,,,,,0.0377625408499279,0.0418542531081816,0.0553615011808381,0.2162344684882715,0.1784719276383436,0.2177777085112001,0.1759234554030184,0.2254070147429331,0.170045513562095,-0.0558588828223435,C,False,
2025-04-14,AL,SHFE,SHFE.al2505C20800,C,2025-04-24,10,,0.0205335767279007,2073.0,576.0,4.0,20800.0,19660.0,C,term_structure_t1_high_iv_pressure,,,,,,728,728,1.0,14560.0,14560.0,0.00025,AL|C,,,,,False,0,,,,,,,False,,,0.510071083189415,,False,5096000.0,29724084.8,0.597519435507844,11067993.1,7000.0,1581,False,iv_extreme_overlay,overlay3_term_structure_cluster_cap2,0,,,,,0.0208705347860397,0.9626524390243902,1315.0,59.0,t3_p95_term_2d_repair_t1_no_trend_conflict_cluster_cap2,2025-04-10,0.0134434916722774,0.0184510421096719,0.0412790196369365,0.0004388141171668,0.7397260273972602,0.8156892612338157,0.9626524390243902,0.3836765827612509,0.9626524390243902,0.95,0.03,0.00025,,,overlay3_term_structure_cluster_cap2,overlay3_term_structure_cluster_cap2,term_structure_t1_high_iv_pressure,3.0,C,,,,,,,,,,,,,0.0134434916722774,0.0184510421096719,0.0412790196369365,0.153745561633787,0.1403020699615095,0.1546798989305483,0.1362288568208764,0.1762185171445521,0.1349394975076155,-0.0462581738919835,C,False,
2025-04-15,PF,CZCE,CZCE.PF506C7000,C,2025-05-13,28,,0.0162459833424971,1193.0,934.0,2.5,7000.0,5950.0,C,term_structure_t1_high_iv_pressure,,,,,,1166,1166,1.0,14575.0,14575.0,0.00025,PF|C,,,,,False,0,,,,,,,False,,,0.5968455384563381,,False,1749000.0,34820084.8,0.6268248694302861,6018051.3500000015,1500.0,4012,False,iv_extreme_overlay,overlay3_term_structure_cluster_cap2,0,,,,,0.012999547144364,0.9557522123893806,342.0,24.0,t3_p95_term_2d_repair_t1_no_trend_conflict_cluster_cap2,2025-04-10,0.0040950226300083,0.0397332924905802,0.0415984516059985,0.0346388507324578,0.4662756598240469,0.9470588235294116,0.9557522123893806,0.9349112426035504,0.9557522123893806,0.95,0.03,0.00025,,,overlay3_term_structure_cluster_cap2,overlay3_term_structure_cluster_cap2,term_structure_t1_high_iv_pressure,3.0,C,,,,,,,,,,,,,0.0040950226300083,0.0397332924905802,0.0415984516059985,0.2021680309746817,0.1980730083446733,0.2504358574873339,0.2107025649967536,0.2426428976987492,0.2010444460927506,-0.092414208308248,C,False,
2025-04-16,MA,CZCE,CZCE.MA506C2650,C,2025-05-13,27,,0.0283437722878366,1081.0,134.0,2.0,2650.0,2246.0,C,term_structure_t1_high_iv_pressure,,,,,,728,728,1.0,14560.0,14560.0,0.00025,MA|C,,,,,False,0,,,,,,,False,,,0.6275770665519231,,False,832104.0,36569084.8,0.6418571446627683,4220103.8500000015,1143.0,3692,False,iv_extreme_overlay,overlay3_term_structure_cluster_cap2,0,,,,,0.0567938188955225,0.9765478424015008,1069.0,26.0,t3_p95_term_2d_repair_t1_no_trend_conflict_cluster_cap2,2025-04-11,0.0216147657418351,0.1529861224606205,0.1922029622609016,-0.0323110525629203,0.6273408239700374,0.9615745079662604,0.9765478424015008,0.0666666666666666,0.9765478424015008,0.95,0.03,0.00025,,,overlay3_term_structure_cluster_cap2,overlay3_term_structure_cluster_cap2,term_structure_t1_high_iv_pressure,3.0,C,,,,,,,,,,,,,0.0216147657418351,0.1529861224606205,0.1922029622609016,0.2088238794677548,0.1872091137259196,0.287917836980519,0.1349317145198985,0.3370894850703065,0.1448865228094049,-0.1087211576065702,C,False,
2025-04-18,PK,CZCE,CZCE.PK510P7200,P,2025-09-11,146,-0.0157364150479468,-0.0692740705126347,1004.0,2302.0,20.0,7200.0,8006.0,P,high_iv_pressure,0.1251517474694401,,0.1251517474694401,,,583,583,1.0,58300.0,58300.0,0.001,PK|P,,,,,False,0,,,,,,,False,,,0.4604884743604474,,False,1225174.5,26854467.3,0.4814972223660473,13967677.35,2101.5,6646,False,monthly,monthly,0,,,,,,,,,,,,,,,,,,,,,,,,,,,,,,,,,,,,,,,,,,,,,,,,,,,,,,
2025-04-18,A,DCE,DCE.a2507-P-3550,P,2025-06-18,61,0.0638078016016532,-0.0269336218752955,1706.0,221.0,3.5,3550.0,4118.0,P,high_iv_pressure,0.1966580747580784,0.190485841750598,0.1966580747580784,0.190485841750598,0.0061722330074803,1666,1666,1.0,58310.0,58310.0,0.001,A|P,,,,,False,0,,,,,,,False,,,0.4814972223660473,,False,3488604.0,28079641.8,0.5413182538414233,12742502.85,2094.0,6085,False,monthly,monthly,0,,,,,,,,,,,,,,,,,,,,,,,,,,,,,,,,,,,,,,,,,,,,,,,,,,,,,,
2025-04-18,CS,DCE,DCE.cs2507-C-2850,C,2025-06-18,61,-0.0153558052434457,0.0795767482532741,1673.0,427.0,5.0,2850.0,2629.0,C,high_iv_pressure,,0.138124388738951,0.138124388738951,,,1166,1166,1.0,58300.0,58300.0,0.001,CS|C,,,,,False,0,,,,,,,False,,,0.5413182538414233,,False,1835284.0000000005,31568245.8,0.5727888884936376,9253898.85,1574.0000000000005,5879,False,monthly,monthly,0,,,,,,,,,,,,,,,,,,,,,,,,,,,,,,,,,,,,,,,,,,,,,,,,,,,,,,
2025-04-25,AL,SHFE,SHFE.al2506P18500,P,2025-05-26,31,-0.0244618395303326,-0.0760815375995532,1423.0,376.0,38.0,18500.0,19940.0,P,high_iv_pressure,0.1950292318474868,,0.1950292318474868,,,307,307,1.0,58330.0,58330.0,0.001,AL|P,,,,,False,0,,,,,,,False,,,0.3066301320444719,,False,2013920.0,17924193.0,0.3410823696167299,22994600.65,6560.0,3505,False,monthly,monthly,0,,,,,,,,,,,,,,,,,,,,,,,,,,,,,,,,,,,,,,,,,,,,,,,,,,,,,,
2025-04-25,AU,SHFE,SHFE.au2506C960,C,2025-05-26,31,0.070290251916758,0.0700058233486106,8140.0,20306.0,3.04,960.0,781.74,C,high_iv_pressure,0.3802442720419473,0.4533693806516648,0.4533693806516648,0.3802442720419473,0.0731251086097175,19,19,1.0,57760.0,57760.0,0.001,AU|C,,,,,False,0,,,,,,,False,,,0.3410823696167299,,False,1246004.8,19938113.0,0.362397840631355,20980680.65,65579.2,319,False,monthly,monthly,0,,,,,,,,,,,,,,,,,,,,,,,,,,,,,,,,,,,,,,,,,,,,,,,,,,,,,,
2025-04-26,AG,SHFE,SHFE.ag2506P6000,P,2025-05-26,30,,-0.021820371692883,26198.0,1755.0,11.5,6000.0,8217.0,P,risk_reversal_t1_forced_rich_side,,,,,,84,84,1.0,14490.0,14490.0,0.00025,AG|P,,,,,False,0,,,,,,,False,,,0.3624001964792103,,False,842763.6,21184117.8,0.3768174923566684,19734409.85,10032.9,1966,False,iv_extreme_overlay,overlay2_risk_reversal_same_sign,0,,,,,0.1137968920368969,0.995475113122172,666.0,32.0,t3_p95_rr_2d_repair_same_sign,2025-04-23,0.1127091945407771,0.1138390313258879,0.1275929652667895,0.1213814707444767,0.98796992481203,0.9894578313253012,0.995475113122172,0.9939577039274924,0.995475113122172,0.95,0.03,0.00025,,,overlay2_risk_reversal_same_sign,overlay2_risk_reversal_same_sign,risk_reversal_t1_forced_rich_side,2.0,P,-0.1127091945407771,-0.1138390313258879,-0.1275929652667895,0.1127091945407771,0.1138390313258879,0.1275929652667895,0.4221503602197272,0.3094411656789501,0.4337859284178678,0.3199468970919799,0.4469730078870016,0.3193800426202121,,,,,,,,,,,,,
2025-04-29,AU,SHFE,SHFE.au2506P632,P,2025-05-26,27,,-0.0269877027133369,1964.0,259.0,0.98,632.0,784.42,P,term_structure_t1_high_iv_pressure,,,,,,14,14,1.0,13720.0,13720.0,0.00025,AU|P,,,,,False,0,,,,,,,False,,,0.3770447962595284,,False,892270.4,22026881.4,0.392318220811422,18866978.25,63733.6,296,False,iv_extreme_overlay,overlay3_term_structure_cluster_cap2,0,,,,,0.0535030550100521,0.996268656716418,1075.0,20.0,t3_p95_term_2d_repair_t1_no_trend_conflict_cluster_cap2,2025-04-25,0.0178550031582259,0.0501593863054226,0.0898457200906234,-0.0274252893827197,0.7746741154562383,0.972972972972973,0.996268656716418,0.0326797385620915,0.996268656716418,0.95,0.03,0.00025,,,overlay3_term_structure_cluster_cap2,overlay3_term_structure_cluster_cap2,term_structure_t1_high_iv_pressure,3.0,P,,,,,,,,,,,,,0.0178550031582259,0.0501593863054226,0.0898457200906234,0.2913247232656448,0.2734697201074189,0.2895394041523215,0.2393800178468988,0.2949073221727583,0.2050616020821348,0.0736203000353943,P,False,
2025-05-06,M,DCE,DCE.m2507-P-2450,P,2025-06-18,43,,-0.0365710889158772,2326.0,3332.0,4.5,2450.0,2919.0,P,,0.3030649747307846,,0.3030649747307846,,,325,325,1.0,14625.0,14625.0,0.00025,M|P,,,,,False,0,,,,,,,False,,,0.3910505987015138,,False,488962.50000000006,22919151.8,0.3993933628681873,18107268.6,1504.5000000000002,12035,False,iv_extreme_overlay,overlay1_high_iv_pullback,0,,,,,0.3713797520537281,0.974782608695652,1154.0,10.0,t4_p95_pullback_3d,2025-04-25,0.1900521473396132,0.346867543521587,0.3470473502109775,0.3596836004784806,0.4830875975715524,0.9670138888888888,0.9678540399652475,0.974782608695652,0.974782608695652,0.95,0.04,0.00025,,,overlay1_high_iv_pullback,overlay1_high_iv_pullback,,1.0,,,,,,,,,,,,,,,,,,,,,,,,,,
2025-05-09,BR,SHFE,SHFE.br2506C13000,C,2025-05-26,17,,0.0372149894672512,3331.0,4548.0,13.0,13000.0,11220.0,C,,,0.3716928380978188,0.3716928380978188,,,225,225,1.0,14625.0,14625.0,0.00025,BR|C,,,,,False,0,,,,,,,False,,,0.3989658690865206,,False,898200.0000000001,23408114.3,0.4142747119527531,17662266.099999998,3992.000000000001,4424,False,iv_extreme_overlay,overlay1_high_iv_pullback,0,,,,,0.2559252954405224,0.9712041884816754,386.0,18.0,t4_p95_pullback_3d,2025-04-30,0.2636101743199334,0.2686307491824508,0.286436294684719,0.3377375566464486,0.8181818181818182,0.8515625,0.9190600522193212,0.9712041884816754,0.9712041884816754,0.95,0.04,0.00025,,,overlay1_high_iv_pullback,overlay1_high_iv_pullback,,1.0,,,,,,,,,,,,,,,,,,,,,,,,,,
2025-05-09,EB,DCE,DCE.eb2506-P-6300,P,2025-05-21,12,,-0.0370266689298316,13155.0,1634.0,6.0,6300.0,6961.0,P,,0.3161390044058205,0.2672472796145311,0.3161390044058205,0.2672472796145311,0.0488917247912893,488,488,1.0,14640.0,14640.0,0.00025,EB|P,,,,,False,0,,,,,,,False,,,0.4142747119527531,,False,2605188.0,24306314.3,0.458677310181427,16764066.099999998,5338.5,3140,False,iv_extreme_overlay,overlay1_high_iv_pullback,0,,,,,0.2097884572415487,0.957983193277311,480.0,29.0,t4_p95_pullback_3d,2025-04-30,0.2169415998733108,0.2230131002399019,0.2245393241070356,0.2873566274741142,0.6221294363256785,0.6652719665271967,0.6792452830188679,0.957983193277311,0.957983193277311,0.95,0.04,0.00025,,,overlay1_high_iv_pullback,overlay1_high_iv_pullback,,1.0,,,,,,,,,,,,,,,,,,,,,,,,,,
2025-05-10,CU,SHFE,SHFE.cu2506P68000,P,2025-05-26,16,,-0.0210890392049498,1005.0,78.0,42.0,68000.0,77780.0,P,risk_reversal_t1_forced_rich_side,,,,,,69,69,1.0,14490.0,14490.0,0.00025,CU|P,,,,,False,0,,,,,,,False,,,0.4586533112323976,,False,1356195.0,26911502.3,0.4817669717219802,14161027.099999998,19655.0,720,False,iv_extreme_overlay,overlay2_risk_reversal_same_sign,0,,,,,0.0794557693763921,0.982570806100218,1380.0,17.0,t3_p95_rr_2d_repair_same_sign,2025-05-07,0.0861717807646163,0.0923940756837315,0.1213703063548405,0.0605687053019115,0.8861493836113126,0.9179970972423802,0.982570806100218,0.7638081395348837,0.982570806100218,0.95,0.03,0.00025,,,overlay2_risk_reversal_same_sign,overlay2_risk_reversal_same_sign,risk_reversal_t1_forced_rich_side,2.0,P,-0.0861717807646163,-0.0923940756837315,-0.1213703063548405,0.0861717807646163,0.0923940756837315,0.1213703063548405,0.2819536239875173,0.195781843222901,0.301279081073649,0.2088850053899175,0.310938217050709,0.1895679106958684,,,,,,,,,,,,,
2025-05-13,SI,GFEX,GFEX.si2507-C-9300,C,2025-06-09,27,-0.1386708529565672,0.0707464359048533,1634.0,713.0,20.0,9300.0,8230.0,C,high_iv_pressure,0.2433744426025961,0.3020423712877594,0.3020423712877594,0.2433744426025961,0.0586679286851632,587,587,1.0,58700.0,58700.0,0.001,SI|C,,,,,False,0,,,,,,,False,,,0.2875453270413654,,False,1266452.5,16892566.8,0.3091028856176532,24230677.6,2157.5,11230,False,monthly,monthly,0,,,,,,,,,,,,,,,,,,,,,,,,,,,,,,,,,,,,,,,,,,,,,,,,,,,,,,
2025-05-14,PF,CZCE,CZCE.PF507C7500,C,2025-06-11,28,0.0863309352517984,0.0598804588193173,1202.0,2255.0,12.5,7500.0,6644.0,C,high_iv_pressure,0.2701584209768775,0.2711389788905846,0.2711389788905846,0.2701584209768775,0.0009805579137071,938,938,1.0,58625.0,58625.0,0.001,PF|C,,,,,False,0,,,,,,,False,,,0.3094195736119655,,False,1616643.0000000002,18159019.3,0.3369662698007166,22922135.85,1723.5000000000002,13299,False,monthly,monthly,0,,,,,,,,,,,,,,,,,,,,,,,,,,,,,,,,,,,,,,,,,,,,,,,,,,,,,,
2025-05-14,SR,CZCE,CZCE.SR507C6300,C,2025-06-11,28,-0.004227972264502,0.0581719980505499,3994.0,1437.0,6.0,6300.0,5888.0,C,high_iv_pressure,0.1426040880881198,0.1751529410807616,0.1751529410807616,0.1426040880881198,0.0325488529926418,978,978,1.0,58680.0,58680.0,0.001,SR|C,,,,,False,0,,,,,,,False,,,0.3369662698007166,,False,3802464.000000001,19775662.3,0.401758138244562,21305492.85,3888.000000000001,5479,False,monthly,monthly,0,,,,,,,,,,,,,,,,,,,,,,,,,,,,,,,,,,,,,,,,,,,,,,,,,,,,,,
2025-05-16,SH,CZCE,CZCE.SH507C3080,C,2025-06-11,26,,0.0360941045359821,2000.0,2738.0,3.5,3080.0,2564.0,C,,0.3329113408760548,0.3690378959415973,0.3690378959415973,0.3329113408760548,0.0361265550655425,140,140,1.0,14700.0,14700.0,0.00025,SH|C,,,,,False,0,,,,,,,False,,,0.4002946847812538,,False,553140.0000000001,23578126.3,0.4096855498195798,17653219.099999998,3951.000000000001,4468,False,iv_extreme_overlay,overlay1_high_iv_pullback,0,,,,,0.2464611355280782,0.9808917197452228,318.0,39.0,t4_p95_pullback_3d,2025-05-12,0.2393221034929039,0.2674611549803972,0.2768587299856661,0.3551301628598821,0.5047318611987381,0.7278481012658228,0.8031746031746032,0.9808917197452228,0.9808917197452228,0.95,0.04,0.00025,,,overlay1_high_iv_pullback,overlay1_high_iv_pullback,,1.0,,,,,,,,,,,,,,,,,,,,,,,,,,
2025-05-27,AU,SHFE,SHFE.au2507C960,C,2025-06-24,28,-0.0195303536370821,0.014004319720488,1348.0,1274.0,0.36,960.0,769.1,C,high_iv_pressure,,0.3539137396495687,0.3539137396495687,,,164,164,1.0,59040.0,59040.0,0.001,AU|C,,,,,False,0,,,,,,,False,,,0.2416467028256233,,False,10149632.000000002,14276724.5,0.4134385664070377,27079962.9,61888.00000000001,437,False,monthly,monthly,0,,,,,,,,,,,,,,,,,,,,,,,,,,,,,,,,,,,,,,,,,,,,,,,,,,,,,,
2025-05-29,AU,SHFE,SHFE.au2507C960,C,2025-06-24,26,,0.0142365619869461,1535.0,997.0,0.36,960.0,774.02,C,,,0.3580456466867404,0.3580456466867404,,,41,41,1.0,14760.0,14760.0,0.00025,AU|C,,,,,False,0,,,,,,,False,,,0.4134588261126329,,False,2553545.6,24426356.5,0.4566820537029237,16928304.4,62281.6,271,False,iv_extreme_overlay,overlay1_high_iv_pullback,0,,,,,0.1939857082469308,0.9701916252661462,1413.0,39.0,t4_p95_pullback_3d,2025-05-24,0.1972193096553114,0.2049864131163174,0.2096796241335257,0.2312750372402062,0.8994334277620396,0.9319631467044648,0.9425531914893616,0.9701916252661462,0.9701916252661462,0.95,0.04,0.00025,,,overlay1_high_iv_pullback,overlay1_high_iv_pullback,,1.0,,,,,,,,,,,,,,,,,,,,,,,,,,
2025-06-03,MO,CFFEX,CFFEX.MO2506-P-5300,P,2025-06-20,17,,-0.0262236531682318,3901.0,1248.0,4.0,5300.0,5998.0,P,risk_reversal_t1_forced_rich_side,,,,,,36,36,1.0,14400.0,14400.0,0.00025,MO|P,,,,,False,0,,,,,,,False,,,0.4564408461090569,,False,1159200.0,26979902.1,0.4760519709696478,14396612.799999995,32200.0,447,False,iv_extreme_overlay,overlay2_risk_reversal_same_sign,0,,,,,0.0733480174878724,0.966275659824047,685.0,19.0,t3_p95_rr_2d_repair_same_sign,2025-05-28,0.0561982991571051,0.0562091481438447,0.0952301952136218,0.0784887640969185,0.8084795321637427,0.8096632503660323,0.966275659824047,0.9295154185022028,0.966275659824047,0.95,0.03,0.00025,,,overlay2_risk_reversal_same_sign,overlay2_risk_reversal_same_sign,risk_reversal_t1_forced_rich_side,2.0,P,-0.0561982991571051,-0.0562091481438447,-0.0952301952136218,0.0561982991571051,0.0562091481438447,0.0952301952136218,0.3020046939868137,0.2458063948297085,0.2850402902163901,0.2288311420725453,0.3322025145677283,0.2369723193541064,,,,,,,,,,,,,
2025-06-10,SI,GFEX,GFEX.si2508-P-6600,P,2025-07-07,27,-0.1087740384615384,-0.0733753028660308,2420.0,1763.0,21.0,6600.0,7415.0,P,high_iv_pressure,0.3342765207246147,0.2992025178348831,0.3342765207246147,0.2992025178348831,0.0350740028897315,563,563,1.0,59115.0,59115.0,0.001,SI|P,,,,,False,0,,,,,,,False,,,0.4544063891862822,,False,1102776.25,26872649.6,0.4730539204607156,14523895.799999995,1958.75,7414,False,monthly,monthly,0,,,,,,,,,,,,,,,,,,,,,,,,,,,,,,,,,,,,,,,,,,,,,,,,,,,,,,
2025-06-11,PF,CZCE,CZCE.PF508P5600,P,2025-07-11,30,,-0.0263075638187915,1209.0,347.0,4.5,5600.0,6374.0,P,risk_reversal_t1_forced_rich_side,,,,,,657,657,1.0,14782.5,14782.5,0.00025,PF|P,,,,,False,0,,,,,,,False,,,0.3718881207100188,,False,1061712.0000000002,22003178.85,0.3898327133121589,19413108.3,1616.0000000000002,12013,False,iv_extreme_overlay,overlay2_risk_reversal_same_sign,0,,,,,0.0513591740211822,0.9694656488549618,396.0,15.0,t3_p95_rr_2d_repair_same_sign,2025-06-06,0.0580891684814772,0.0587138636110839,0.0761614829580978,0.0443868064832825,0.9088607594936708,0.9111675126903552,0.9694656488549618,0.8290816326530612,0.9694656488549618,0.95,0.03,0.00025,,,overlay2_risk_reversal_same_sign,overlay2_risk_reversal_same_sign,risk_reversal_t1_forced_rich_side,2.0,P,-0.0580891684814772,-0.0587138636110839,-0.0761614829580978,0.0580891684814772,0.0587138636110839,0.0761614829580978,0.2233452455927049,0.1652560771112277,0.2258853943757328,0.1671715307646488,0.2321013315662693,0.1559398486081715,,,,,,,,,,,,,
2025-06-12,PF,CZCE,CZCE.PF508P5600,P,2025-07-11,29,-0.0382299819385911,-0.0237524733904446,1140.0,275.0,4.0,5600.0,6390.0,P,high_iv_pressure,0.243298804352771,,0.243298804352771,,,2957,2957,1.0,59140.0,59140.0,0.001,PF|P,,,,,False,0,,,,,,,False,,,0.3899237750777835,,False,4782947.5,23064890.85,0.4707819485383723,18341724.05,1617.5,11339,False,monthly,monthly,0,,,,,,,,,,,,,,,,,,,,,,,,,,,,,,,,,,,,,,,,,,,,,,,,,,,,,,
2025-06-12,SR,CZCE,CZCE.SR509MSC5900,C,2025-07-11,29,-0.0433084239130434,0.0638348903572453,2286.0,814.0,4.5,5900.0,5633.0,C,high_iv_pressure,0.109653889124338,0.11858653129324,0.11858653129324,0.109653889124338,0.0089326421689019,1314,1314,1.0,59130.0,59130.0,0.001,SR|C,,,,,False,0,,,,,,,False,,,0.4707819485383723,,False,5706702.000000001,27847838.35,0.5672566642244402,13558776.549999995,4343.000000000001,3121,False,monthly,monthly,0,,,,,,,,,,,,,,,,,,,,,,,,,,,,,,,,,,,,,,,,,,,,,,,,,,,,,,
2025-06-19,A,DCE,DCE.a2509-C-4700,C,2025-08-18,60,0.0063996207632139,0.0621760976385324,1204.0,454.0,7.0,4700.0,4246.0,C,high_iv_pressure,,0.1546104160787716,0.1546104160787716,,,846,846,1.0,59220.0,59220.0,0.001,A|C,,,,,False,0,,,,,,,False,,,0.468229114550904,,False,1855278.0,27741689.85,0.4995428225435615,13731986.799999995,2193.0,6261,False,monthly,monthly,0,,,,,,,,,,,,,,,,,,,,,,,,,,,,,,,,,,,,,,,,,,,,,,,,,,,,,,
2025-06-20,EB,DCE,DCE.eb2508-P-6500,P,2025-07-16,26,,-0.0166153200043659,1922.0,557.0,4.0,6500.0,7739.0,P,term_structure_t1_high_iv_pressure,,,,,,739,739,1.0,14780.0,14780.0,0.00025,EB|P,,,,,False,0,,,,,,,False,,,0.4806106480396607,,False,3444848.5000000005,28437767.85,0.5388300863133103,12981284.299999995,4661.500000000001,2784,False,iv_extreme_overlay,overlay3_term_structure_cluster_cap2,0,,,,,0.1025974487389479,0.9635416666666666,387.0,26.0,t3_p95_term_2d_repair_t1_no_trend_conflict_cluster_cap2,2025-06-17,0.0762937295206941,0.1034209146148726,0.1557202820588817,-0.0219704163534908,0.8575129533678757,0.9246753246753248,0.9635416666666666,0.1540469973890339,0.9635416666666666,0.95,0.03,0.00025,,,overlay3_term_structure_cluster_cap2,overlay3_term_structure_cluster_cap2,term_structure_t1_high_iv_pressure,3.0,P,,,,,,,,,,,,,0.0762937295206941,0.1034209146148726,0.1557202820588817,0.2709911783576936,0.1946974488369994,0.3002743648876128,0.1968534502727401,0.2868295386473578,0.131109256588476,0.032330430192663,P,False,
2025-06-24,CS,DCE,DCE.cs2509-P-2400,P,2025-08-18,55,0.0316742081447964,-0.0311676266794718,1033.0,731.0,2.5,2400.0,2736.0,P,high_iv_pressure,0.1889791853116935,,0.1889791853116935,,,2372,2372,1.0,59300.0,59300.0,0.001,CS|P,,,,,False,0,,,,,,,False,,,0.3233479003464872,,False,3304196.0,19179438.75,0.379053640898111,22341186.9,1393.0,16038,False,monthly,monthly,0,,,,,,,,,,,,,,,,,,,,,,,,,,,,,,,,,,,,,,,,,,,,,,,,,,,,,,
2025-06-24,SC,INE,INE.sc2508C660,C,2025-07-15,21,,0.031115254857647,8498.0,27909.0,0.8,660.0,506.0,C,,0.5009716808264605,0.5705573955369949,0.5705573955369949,0.5009716808264605,0.0695857147105344,18,18,1.0,14400.0,14400.0,0.00025,SC|C,,,,,False,0,,,,,,,False,,,0.379053640898111,,False,1016280.0,22483634.75,0.396187197747585,19036990.9,56460.0,337,False,iv_extreme_overlay,overlay1_high_iv_pullback,0,,,,,0.3346022771174014,0.974694589877836,1150.0,28.0,t4_p95_pullback_3d,2025-06-19,0.4972802560689904,0.5124457220229274,0.5192046975492859,0.5653677283380083,0.9434290687554396,0.955574912891986,0.959895379250218,0.974694589877836,0.974694589877836,0.95,0.04,0.00025,,,overlay1_high_iv_pullback,overlay1_high_iv_pullback,,1.0,,,,,,,,,,,,,,,,,,,,,,,,,,
2025-06-24,TA,CZCE,CZCE.TA508C5600,C,2025-07-11,17,,0.0196088764988074,12684.0,23670.0,2.5,5600.0,4784.0,C,risk_reversal_t1_forced_rich_side,,,,,,1186,1186,1.0,14825.0,14825.0,0.00025,TA|C,,,,,False,0,,,,,,,False,,,0.396187197747585,,False,1433281.0,23499914.75,0.4203510123407786,18020710.9,1208.5,14911,False,iv_extreme_overlay,overlay2_risk_reversal_same_sign,0,,,,,0.1009282515865812,0.9684300341296928,1175.0,20.0,t3_p95_rr_2d_repair_same_sign,2025-06-19,0.1205465173420723,0.1693399840685646,0.1766547491284634,0.1587522276925233,0.9190800681431004,0.9633418584825234,0.9684300341296928,0.9581554227156276,0.9684300341296928,0.95,0.03,0.00025,,,overlay2_risk_reversal_same_sign,overlay2_risk_reversal_same_sign,risk_reversal_t1_forced_rich_side,2.0,C,0.1205465173420723,0.1693399840685646,0.1766547491284634,0.1205465173420723,0.1693399840685646,0.1766547491284634,0.2641876647599804,0.3847341821020528,0.2626658702541236,0.4320058543226882,0.2858428793017464,0.4624976284302098,,,,,,,,,,,,,
2025-06-25,AU,SHFE,SHFE.au2508C848,C,2025-07-25,30,0.0018916817828453,0.0774117054511408,2999.0,1742.0,1.64,848.0,773.26,C,high_iv_pressure,0.2351491890960574,0.2551998183910755,0.2551998183910755,0.2351491890960574,0.020050629295018,36,36,1.0,59040.0,59040.0,0.001,AU|C,,,,,False,0,,,,,,,False,,,0.4202696546453262,,False,3167697.6,24933195.75,0.4736638199870406,16595467.65,87991.59999999999,188,False,monthly,monthly,0,,,,,,,,,,,,,,,,,,,,,,,,,,,,,,,,,,,,,,,,,,,,,,,,,,,,,,
2025-06-26,AL,SHFE,SHFE.al2508P19500,P,2025-07-25,29,0.0312578144536133,-0.063455856732111,2112.0,1357.0,22.0,19500.0,20620.0,P,high_iv_pressure,0.1351824116581291,,0.1351824116581291,,,539,539,1.0,59290.0,59290.0,0.001,AL|P,,,,,False,0,,,,,,,False,,,0.4737532176894097,,False,4107180.0,28100893.35,0.5429962028285136,13419933.549999995,7620.0,1761,False,monthly,monthly,0,,,,,,,,,,,,,,,,,,,,,,,,,,,,,,,,,,,,,,,,,,,,,,,,,,,,,,
2025-06-26,PX,CZCE,CZCE.PX509C8400,C,2025-07-29,33,,0.0098460582613486,1329.0,476.0,2.0,8400.0,6744.0,C,,,0.3045684221506634,0.3045684221506634,,,1482,1482,1.0,14820.0,14820.0,0.00025,PX|C,,,,,False,0,,,,,,,False,,,0.5429962028285136,,False,3762798.0,32208073.35,0.6064332486836865,9312753.549999995,2539.0,3667,False,iv_extreme_overlay,overlay1_high_iv_pullback,0,,,,,0.195846857134352,0.9855072463768116,349.0,12.0,t4_p95_pullback_3d,2025-06-20,0.1979418164342784,0.2090934523780959,0.2634914112694206,0.2643758607887156,0.6724137931034483,0.723342939481268,0.9826589595375722,0.9855072463768116,0.9855072463768116,0.95,0.04,0.00025,,,overlay1_high_iv_pullback,overlay1_high_iv_pullback,,1.0,,,,,,,,,,,,,,,,,,,,,,,,,,
2025-07-08,SI,GFEX,GFEX.si2509-C-9500,C,2025-08-07,30,0.1078894133513148,0.0794364358880839,1790.0,3090.0,28.0,9500.0,8215.0,C,high_iv_pressure,0.3218031784940772,0.3917205797364331,0.3917205797364331,0.3218031784940772,0.0699174012423559,425,425,1.0,59500.0,59500.0,0.001,SI|C,,,,,False,0,,,,,,,False,,,0.5854986937687051,,False,932343.75,34868095.1,0.6011544399803305,6818875.049999997,2193.75,3108,False,monthly,monthly,0,,,,,,,,,,,,,,,,,,,,,,,,,,,,,,,,,,,,,,,,,,,,,,,,,,,,,,
2025-07-14,PF,CZCE,CZCE.PF509C7300,C,2025-08-13,30,-0.0068238213399504,0.038848601992295,1134.0,120.0,7.0,7300.0,6404.0,C,high_iv_pressure,,0.2505578897281279,0.2505578897281279,,,1699,1699,1.0,59465.0,59465.0,0.001,PF|C,,,,,False,0,,,,,,,False,,,0.3835697105294633,,False,2779564.0000000005,22815796.35,0.4302985883000662,18822156.3,1636.0000000000002,11504,False,monthly,monthly,0,,,,,,,,,,,,,,,,,,,,,,,,,,,,,,,,,,,,,,,,,,,,,,,,,,,,,,
2025-07-14,SR,CZCE,CZCE.SR509C6200,C,2025-08-13,30,0.0236581920903955,0.0485834195767207,9420.0,3897.0,4.5,6200.0,5798.0,C,high_iv_pressure,0.1630290204924815,0.1854183504466068,0.1854183504466068,0.1630290204924815,0.0223893299541252,1321,1321,1.0,59445.0,59445.0,0.001,SR|C,,,,,False,0,,,,,,,False,,,0.4302985883000662,,False,5063393.000000001,25595360.35,0.5154222525155785,16042592.299999995,3833.000000000001,4185,False,monthly,monthly,0,,,,,,,,,,,,,,,,,,,,,,,,,,,,,,,,,,,,,,,,,,,,,,,,,,,,,,
2025-07-18,SI,GFEX,GFEX.si2509-C-10400,C,2025-08-07,20,,0.0323291518908063,1561.0,1507.0,10.0,10400.0,8695.0,C,,0.3887108646768362,0.4422601786957855,0.4422601786957855,0.3887108646768362,0.0535493140189492,298,298,1.0,14900.0,14900.0,0.00025,SI|C,,,,,False,0,,,,,,,False,,,0.439420333079109,,False,662677.5,26197624.85,0.4505356143094237,15535394.799999995,2223.75,6986,False,iv_extreme_overlay,overlay1_high_iv_pullback,0,,,,,0.3024874448955988,0.9926062846580408,545.0,47.0,t4_p95_pullback_3d,2025-07-14,0.2926817797778068,0.3043996737105139,0.3245081574925075,0.3376889969354442,0.9650735294117648,0.9760589318600368,0.9907749077490776,0.9926062846580408,0.9926062846580408,0.95,0.04,0.00025,,,overlay1_high_iv_pullback,overlay1_high_iv_pullback,,1.0,,,,,,,,,,,,,,,,,,,,,,,,,,
2025-07-26,AL,SHFE,SHFE.al2509C22800,C,2025-08-25,30,-0.0012112403100774,0.0568113691477822,2432.0,37.0,30.0,22800.0,20615.0,C,high_iv_pressure,,0.2143179244594154,0.2143179244594154,,,388,388,1.0,58200.0,58200.0,0.001,AL|C,,,,,False,0,,,,,,,False,,,0.3244813944953807,,False,2057855.0,18922747.25,0.3597688530893907,21899078.9,5303.75,4128,False,monthly,monthly,0,,,,,,,,,,,,,,,,,,,,,,,,,,,,,,,,,,,,,,,,,,,,,,,,,,,,,,
2025-07-28,PB,SHFE,SHFE.pb2509C19200,C,2025-08-25,28,-0.0168311085316308,0.0600148394610829,1104.0,1036.0,33.0,19200.0,16940.0,C,high_iv_pressure,,0.2802781378876718,0.2802781378876718,,,359,359,1.0,59235.0,59235.0,0.001,PB|C,,,,,False,0,,,,,,,False,,,0.3539988262862972,,False,1579600.0,20980602.25,0.3806508994412437,20506601.9,4400.0,4660,False,monthly,monthly,0,,,,,,,,,,,,,,,,,,,,,,,,,,,,,,,,,,,,,,,,,,,,,,,,,,,,,,
2025-07-28,SA,CZCE,CZCE.SA509C1860,C,2025-08-13,16,,0.0295119929063435,1237.0,618.0,2.5,1860.0,1306.0,C,risk_reversal_t1_forced_rich_side,,,,,,296,296,1.0,14800.0,14800.0,0.00025,SA|C,,,,,False,0,,,,,,,False,,,0.3806508994412437,,False,401376.0,22560202.25,0.3874231851557536,18927001.9,1356.0,13957,False,iv_extreme_overlay,overlay2_risk_reversal_same_sign,0,,,,,0.2783239044491101,0.9576470588235294,428.0,45.0,t3_p95_rr_2d_repair_same_sign,2025-07-23,0.251980931409712,0.2808683097690014,0.2812755752599504,0.2808249793060338,0.9484777517564404,0.955399061032864,0.9576470588235294,0.9575471698113208,0.9576470588235294,0.95,0.03,0.00025,,,overlay2_risk_reversal_same_sign,overlay2_risk_reversal_same_sign,risk_reversal_t1_forced_rich_side,2.0,C,0.251980931409712,0.2808683097690014,0.2812755752599504,0.251980931409712,0.2808683097690014,0.2812755752599504,0.5048340981369867,0.7568150295466987,0.5635592120393401,0.8444275218083416,0.4265612818507987,0.7078368571107492,,,,,,,,,,,,,
2025-07-29,AO,SHFE,SHFE.ao2509P2750,P,2025-08-25,27,,-0.0288902775868676,1183.0,899.0,4.5,2750.0,3390.0,P,,0.4540734161349748,,0.4540734161349748,,,164,164,1.0,14760.0,14760.0,0.00025,AO|P,,,,,False,0,,,,,,,False,,,0.3245700131389047,,False,570720.0,19198780.25,0.3342184697328405,22207220.4,3480.0,6381,False,iv_extreme_overlay,overlay1_high_iv_pullback,0,,,,,0.3913914012615405,1.0,258.0,38.0,t4_p95_pullback_3d,2025-07-24,0.3807430076950436,0.4272571906853253,0.4279544577195485,0.4556679492977978,0.8832684824902723,0.984375,0.9882352941176472,1.0,1.0,0.95,0.04,0.00025,,,overlay1_high_iv_pullback,overlay1_high_iv_pullback,,1.0,,,,,,,,,,,,,,,,,,,,,,,,,,
2025-07-29,MA,CZCE,CZCE.MA509C2950,C,2025-08-13,15,,0.0285304086456681,53708.0,17693.0,2.5,2950.0,2442.0,C,risk_reversal_t1_forced_rich_side,,,,,,591,591,1.0,14775.0,14775.0,0.00025,MA|C,,,,,False,0,,,,,,,False,,,0.3342184697328405,,False,736386.0,19769500.25,0.346667636324833,21636500.4,1246.0,17364,False,iv_extreme_overlay,overlay2_risk_reversal_same_sign,0,,,,,0.1390900478847233,0.994161801501251,1202.0,20.0,t3_p95_rr_2d_repair_same_sign,2025-07-24,0.1144927615736392,0.1468454293589245,0.2328426593760515,0.1708095192929384,0.8934221482098251,0.9391666666666668,0.994161801501251,0.9624373956594324,0.994161801501251,0.95,0.03,0.00025,,,overlay2_risk_reversal_same_sign,overlay2_risk_reversal_same_sign,risk_reversal_t1_forced_rich_side,2.0,C,0.1144927615736392,0.1468454293589245,0.2328426593760515,0.1144927615736392,0.1468454293589245,0.2328426593760515,0.265651805948323,0.3801445675219622,0.2419209913418193,0.3887664207007439,0.2588929980044808,0.4917356573805324,,,,,,,,,,,,,
2025-07-29,PG,DCE,DCE.pg2509-C-5200,C,2025-08-18,20,,0.0243446034977309,8019.0,4615.0,4.4,5200.0,4037.0,C,term_structure_t1_high_iv_pressure,,,,,,168,168,1.0,14784.0,14784.0,0.00025,PG|C,,,,,False,0,,,,,,,False,,,0.346667636324833,,False,1371216.0,20505886.25,0.3698490879244093,20900114.4,8162.0,2560,False,iv_extreme_overlay,overlay3_term_structure_cluster_cap2,0,,,,,0.2117432091550192,0.9730679156908664,857.0,18.0,t3_p95_term_2d_repair_t1_no_trend_conflict_cluster_cap2,2025-07-23,0.2234372457044284,0.2346023522897233,0.2665182118049216,-0.3867808561050431,0.9415887850467288,0.9555555555555556,0.9730679156908664,0.0046893317702227,0.9730679156908664,0.95,0.03,0.00025,,,overlay3_term_structure_cluster_cap2,overlay3_term_structure_cluster_cap2,term_structure_t1_high_iv_pressure,3.0,C,,,,,,,,,,,,,0.2234372457044284,0.2346023522897233,0.2665182118049216,0.2692064906807229,0.0457692449762944,0.2897830940839385,0.0551807417942152,0.2840277956765751,0.0175095838716534,-0.0450321658327377,C,False,
2025-07-31,SF,CZCE,CZCE.SF509C6900,C,2025-08-13,13,,0.0388238193066975,1554.0,1115.0,9.0,6900.0,5696.0,C,,0.3474765956336995,0.5809198817710168,0.5809198817710168,0.3474765956336995,0.2334432861373173,331,331,1.0,14895.0,14895.0,0.00025,SF|C,,,,,False,0,,,,,,,False,,,0.3669510511441277,,False,486239.0,21877102.25,0.3751068804728163,19855906.9,1469.0,13516,False,iv_extreme_overlay,overlay1_high_iv_pullback,0,,,,,0.2662749463082832,1.0,432.0,28.0,t4_p95_pullback_3d,2025-07-25,0.3359523497968554,0.3739095586786552,0.3931252679309173,0.4353668195999806,0.9860788863109048,0.9906976744186048,0.993006993006993,1.0,1.0,0.95,0.04,0.00025,,,overlay1_high_iv_pullback,overlay1_high_iv_pullback,,1.0,,,,,,,,,,,,,,,,,,,,,,,,,,
2025-07-31,NI,SHFE,SHFE.ni2509C148000,C,2025-08-25,25,,0.0351111790867935,6350.0,4271.0,178.0,148000.0,120210.0,C,,,0.4222683199610873,0.4222683199610873,,,83,83,1.0,14774.0,14774.0,0.00025,NI|C,,,,,False,0,,,,,,,False,,,0.3751068804728163,,False,513645.5,22363341.25,0.3837224070625158,19369667.9,6188.5,3129,False,iv_extreme_overlay,overlay1_high_iv_pullback,0,,,,,0.2006021257307528,1.0,260.0,45.0,t4_p95_pullback_3d,2025-07-26,0.2106176583532266,0.22752176037775,0.2344849579519506,0.28348582676436,0.5945945945945946,0.7829457364341085,0.8249027237354085,1.0,1.0,0.95,0.04,0.00025,,,overlay1_high_iv_pullback,overlay1_high_iv_pullback,,1.0,,,,,,,,,,,,,,,,,,,,,,,,,,
2025-08-01,EB,DCE,DCE.eb2509-C-8200,C,2025-08-18,17,,0.0268859335492398,1453.0,2136.0,4.5,8200.0,7259.0,C,risk_reversal_t1_forced_rich_side,,,,,,663,663,1.0,14917.5,14917.5,0.00025,EB|C,,,,,False,0,,,,,,,False,,,0.3828423175972308,,False,3267927.0000000005,22876986.75,0.4375304965995886,18951959.5,4929.000000000001,3844,False,iv_extreme_overlay,overlay2_risk_reversal_same_sign,0,,,,,0.0433211180012561,0.9861111111111112,507.0,19.0,t3_p95_rr_2d_repair_same_sign,2025-07-29,0.0470772040833957,0.1101310250800567,0.1683551658266314,0.1621984831999324,0.616600790513834,0.8950495049504951,0.9861111111111112,0.9801192842942346,0.9861111111111112,0.95,0.03,0.00025,,,overlay2_risk_reversal_same_sign,overlay2_risk_reversal_same_sign,risk_reversal_t1_forced_rich_side,2.0,C,0.0470772040833957,0.1101310250800567,0.1683551658266314,0.0470772040833957,0.1101310250800567,0.1683551658266314,0.2221954817212431,0.2692726858046388,0.1978226772058833,0.3079537022859401,0.1929679453821461,0.3613231112087776,,,,,,,,,,,,,
2025-08-01,EG,DCE,DCE.eg2509-C-4750,C,2025-08-18,17,,0.0285911960564706,1160.0,236.0,2.0,4750.0,4376.0,C,risk_reversal_t1_forced_rich_side,,,,,,746,746,1.0,14920.0,14920.0,0.00025,EG|C,,,,,False,0,,,,,,,False,,,0.4375304965995886,,False,5148892.0,26144913.75,0.5236962914168558,15684032.5,6902.0,2272,False,iv_extreme_overlay,overlay2_risk_reversal_same_sign,0,,,,,0.0081940529142767,0.9735772357723578,495.0,21.0,t3_p95_rr_2d_repair_same_sign,2025-07-29,0.0433363888193648,0.0832698367358299,0.0940642108872729,0.0711490903509698,0.680161943319838,0.9533468559837728,0.9735772357723578,0.9185336048879836,0.9735772357723578,0.95,0.03,0.00025,,,overlay2_risk_reversal_same_sign,overlay2_risk_reversal_same_sign,risk_reversal_t1_forced_rich_side,2.0,C,0.0433363888193648,0.0832698367358299,0.0940642108872729,0.0433363888193648,0.0832698367358299,0.0940642108872729,0.1710315132886445,0.2143679021080093,0.1569919466957482,0.2402617834315781,0.1511581265042742,0.2452223373915472,,,,,,,,,,,,,
2025-08-04,L,DCE,DCE.l2509-C-7800,C,2025-08-18,14,,0.0299505830271303,3301.0,651.0,3.0,7800.0,7279.0,C,risk_reversal_t1_forced_rich_side,,,,,,996,996,1.0,14940.0,14940.0,0.00025,L|C,,,,,False,0,,,,,,,False,,,0.5234616143971539,,False,1283669.6999999995,31293805.75,0.5449339728211435,10553893.15,1288.8249999999998,8188,False,iv_extreme_overlay,overlay2_risk_reversal_same_sign,0,,,,,0.0527591238501295,0.9862142099681868,946.0,16.0,t3_p95_rr_2d_repair_same_sign,2025-07-30,0.031488603254574,0.0675971585680725,0.1164558260218096,0.1156765030731726,0.7026455026455026,0.9279661016949152,0.9862142099681868,0.98619957537155,0.9862142099681868,0.95,0.03,0.00025,,,overlay2_risk_reversal_same_sign,overlay2_risk_reversal_same_sign,risk_reversal_t1_forced_rich_side,2.0,C,0.031488603254574,0.0675971585680725,0.1164558260218096,0.031488603254574,0.0675971585680725,0.1164558260218096,0.1552343707521921,0.1867229740067661,0.1301003335122402,0.1976974920803128,0.1393181949409518,0.2557740209627615,,,,,,,,,,,,,
2025-08-08,SI,GFEX,GFEX.si2510-C-11000,C,2025-09-05,28,0.0350564468211527,0.0747851309946911,1479.0,1569.0,42.0,11000.0,8710.0,C,high_iv_pressure,0.3677301153927059,0.675156475910315,0.675156475910315,0.3677301153927059,0.3074263605176091,285,285,1.0,59850.0,59850.0,0.001,SI|C,,,,,False,0,,,,,,,False,,,0.5286529711898194,,False,680437.5,31645131.7,0.5400201321640292,10256821.749999996,2387.5,4296,False,monthly,monthly,0,,,,,,,,,,,,,,,,,,,,,,,,,,,,,,,,,,,,,,,,,,,,,,,,,,,,,,
2025-08-13,RM,CZCE,CZCE.RM511P2025,P,2025-10-13,61,,-0.018984486081418,1507.0,307.0,2.5,2025.0,2628.0,P,,0.3213586936726236,,0.3213586936726236,,,599,599,1.0,14975.0,14975.0,0.00025,RM|P,,,,,False,0,,,,,,,False,,,0.3814909855554749,,False,802061.0,22858611.2,0.3948767087163644,19084785.75,1339.0,14253,False,iv_extreme_overlay,overlay1_high_iv_pullback,0,,,,,0.2582335046756677,0.9707078925956062,1233.0,12.0,t4_p95_pullback_3d,2025-08-07,0.2599277090400247,0.3386961699849595,0.3811614579840636,0.4004895747526341,0.737012987012987,0.9382615759545084,0.9658536585365852,0.9707078925956062,0.9707078925956062,0.95,0.04,0.00025,,,overlay1_high_iv_pullback,overlay1_high_iv_pullback,,1.0,,,,,,,,,,,,,,,,,,,,,,,,,,
2025-08-14,PF,CZCE,CZCE.PF510P6000,P,2025-09-11,28,-0.0102293862368257,-0.0708097635850431,1218.0,3449.0,9.0,6000.0,6386.0,P,high_iv_pressure,0.1593185046595886,,0.1593185046595886,,,1331,1331,1.0,59895.0,59895.0,0.001,PF|P,,,,,False,0,,,,,,,False,,,0.3947827652752604,,False,3025363.0,23660672.2,0.4452615158790348,18292705.7,2273.0,8047,False,monthly,monthly,0,,,,,,,,,,,,,,,,,,,,,,,,,,,,,,,,,,,,,,,,,,,,,,,,,,,,,,
2025-08-14,SR,CZCE,CZCE.SR511MSC6100,C,2025-09-11,28,-0.0315879828326179,0.0290891416316141,1392.0,538.0,2.5,6100.0,5641.0,C,high_iv_pressure,0.0863781435618348,0.1542559884635111,0.1542559884635111,0.0863781435618348,0.0678778449016762,2397,2397,1.0,59925.0,59925.0,0.001,SR|C,,,,,False,0,,,,,,,False,,,0.4452615158790348,,False,8080287.0,26686035.2,0.5800826240501603,15267342.7,3371.0,4529,False,monthly,monthly,0,,,,,,,,,,,,,,,,,,,,,,,,,,,,,,,,,,,,,,,,,,,,,,,,,,,,,,
2025-08-14,SI,GFEX,GFEX.si2510-C-12000,C,2025-09-05,22,,0.021324483558174,2083.0,1181.0,10.0,12000.0,8675.0,C,risk_reversal_t1_forced_rich_side,,,,,,299,299,1.0,14950.0,14950.0,0.00025,SI|C,,,,,False,0,,,,,,,False,,,0.5800826240501603,,False,663406.25,34766322.2,0.5911516820913723,7187055.699999996,2218.75,3239,False,iv_extreme_overlay,overlay2_risk_reversal_same_sign,0,,,,,0.2103026215820355,0.998217468805704,564.0,39.0,t3_p95_rr_2d_repair_same_sign,2025-08-11,0.2662542333211162,0.3095883534337678,0.3172310406891445,0.263759628400835,0.9893428063943162,0.994661921708185,0.998217468805704,0.9928571428571428,0.998217468805704,0.95,0.03,0.00025,,,overlay2_risk_reversal_same_sign,overlay2_risk_reversal_same_sign,risk_reversal_t1_forced_rich_side,2.0,C,0.2662542333211162,0.3095883534337678,0.3172310406891445,0.2662542333211162,0.3095883534337678,0.3172310406891445,0.3411238399455891,0.6073780732667053,0.3751199146005364,0.6847082680343043,0.4289884303429279,0.7462194710320724,,,,,,,,,,,,,
2025-08-15,BR,SHFE,SHFE.br2509C13800,C,2025-08-25,10,,0.0167364739414017,1522.0,607.0,5.0,13800.0,11800.0,C,risk_reversal_t1_forced_rich_side,,,,,,599,599,1.0,14975.0,14975.0,0.00025,BR|C,,,,,False,0,,,,,,,False,,,0.591481157800102,,False,2488845.0000000005,35429728.45,0.6330311494762305,6500279.949999996,4155.000000000001,1564,False,iv_extreme_overlay,overlay2_risk_reversal_same_sign,0,,,,,0.136155734050267,1.0,454.0,15.0,t3_p95_rr_2d_repair_same_sign,2025-08-12,0.1308243850183581,0.157468790795495,0.1793892311016326,0.1628858583256522,0.977924944812362,0.9933628318584072,1.0,0.9977777777777778,1.0,0.95,0.03,0.00025,,,overlay2_risk_reversal_same_sign,overlay2_risk_reversal_same_sign,risk_reversal_t1_forced_rich_side,2.0,C,0.1308243850183581,0.157468790795495,0.1793892311016326,0.1308243850183581,0.157468790795495,0.1793892311016326,0.2365156345674755,0.3673400195858337,0.2419518657967257,0.3994206565922207,0.2313180744292822,0.4107073055309148,,,,,,,,,,,,,
2025-08-15,SN,SHFE,SHFE.sn2509C320000,C,2025-08-25,10,,0.010346665535044,2123.0,1277.0,70.0,320000.0,267370.0,C,risk_reversal_t1_forced_rich_side,,,,,,213,213,1.0,14910.0,14910.0,0.00025,SN|C,,,,,False,0,,,,,,,False,,,0.6330311494762305,,False,3716647.65,37918573.45,0.6950786771127859,4011434.949999996,17449.05,229,False,iv_extreme_overlay,overlay2_risk_reversal_same_sign,0,,,,,0.1147182398501559,1.0,270.0,15.0,t3_p95_rr_2d_repair_same_sign,2025-08-12,0.0771540097034924,0.1188176254067605,0.1346160931401134,0.1232753112420538,0.9516728624535316,0.9850746268656716,1.0,0.9962406015037594,1.0,0.95,0.03,0.00025,,,overlay2_risk_reversal_same_sign,overlay2_risk_reversal_same_sign,risk_reversal_t1_forced_rich_side,2.0,C,0.0771540097034924,0.1188176254067605,0.1346160931401134,0.0771540097034924,0.1188176254067605,0.1346160931401134,0.2360975314157492,0.3132515411192417,0.202596672156353,0.3214142975631135,0.2205026162757504,0.3551187094158639,,,,,,,,,,,,,
2025-08-15,SH,CZCE,CZCE.SH510P2040,P,2025-09-11,27,,-0.0110487295613772,2240.0,363.0,1.0,2040.0,2550.0,P,term_structure_t1_high_iv_pressure,,,,,,76,499,0.1523046092184369,2280.0,14970.0,0.00025,SH|P,,,,,False,0,,,,,,,False,,,0.6950786771127859,,False,292980.0,41635221.1,0.6999698280527891,294787.299999997,3855.0,76,True,iv_extreme_overlay,overlay3_term_structure_cluster_cap2,0,,,,,0.3199197338756652,0.9853479853479854,276.0,19.0,t3_p95_term_2d_repair_t1_no_trend_conflict_cluster_cap2,2025-08-12,0.3080935616589509,0.3189828111594874,0.335646784766769,0.2916348071797437,0.9781818181818182,0.9817518248175182,0.9853479853479854,0.9816176470588236,0.9853479853479854,0.95,0.03,0.00025,,,overlay3_term_structure_cluster_cap2,overlay3_term_structure_cluster_cap2,term_structure_t1_high_iv_pressure,3.0,P,,,,,,,,,,,,,0.3080935616589509,0.3189828111594874,0.335646784766769,0.4660826916238773,0.1579891299649263,0.4843209264297474,0.16533811527026,0.4661567475529258,0.1305099627861567,0.0084134615384614,P,False,
2025-08-18,PG,DCE,DCE.pg2510-C-5400,C,2025-09-16,29,,0.0154022457118181,3268.0,1589.0,3.0,5400.0,3871.0,C,risk_reversal_t1_forced_rich_side,,,,,,250,250,1.0,15000.0,15000.0,0.00025,PG|C,,,,,False,0,,,,,,,False,,,0.4281888057543513,,False,1950500.0,25697022.4,0.4606899357539057,16312286.199999996,7802.0,2090,False,iv_extreme_overlay,overlay2_risk_reversal_same_sign,0,,,,,0.4241423840266303,0.9812606473594548,1177.0,25.0,t3_p95_rr_2d_repair_same_sign,2025-08-12,0.4249383372352852,0.4446507031770729,0.4568537614683732,0.0864648281848149,0.9736394557823128,0.9770212765957448,0.9812606473594548,0.6760443307757886,0.9812606473594548,0.95,0.03,0.00025,,,overlay2_risk_reversal_same_sign,overlay2_risk_reversal_same_sign,risk_reversal_t1_forced_rich_side,2.0,C,0.4249383372352852,0.4446507031770729,0.4568537614683732,0.4249383372352852,0.4446507031770729,0.4568537614683732,0.0690510469830707,0.4939893842183559,0.0588950525407398,0.5035457557178128,0.0486881976920774,0.5055419591604507,,,,,,,,,,,,,
2025-08-18,V,DCE,DCE.v2510-C-5700,C,2025-09-16,29,,0.0256909030614709,1009.0,697.0,3.0,5700.0,5028.0,C,risk_reversal_t1_forced_rich_side,,,,,,1000,1000,1.0,15000.0,15000.0,0.00025,V|C,,,,,False,0,,,,,,,False,,,0.4606899357539057,,False,894900.0000000001,27647522.4,0.4756016308252214,14361786.199999996,894.9000000000001,16048,False,iv_extreme_overlay,overlay2_risk_reversal_same_sign,0,,,,,0.0278989351230543,0.9565627950897072,1062.0,19.0,t3_p95_rr_2d_repair_same_sign,2025-08-13,0.0688979738794553,0.1599619675461197,0.1647619780260108,0.1706819428545758,0.7257304429783223,0.9556603773584904,0.9565627950897072,0.9612476370510395,0.9565627950897072,0.95,0.03,0.00025,,,overlay2_risk_reversal_same_sign,overlay2_risk_reversal_same_sign,risk_reversal_t1_forced_rich_side,2.0,C,0.0688979738794553,0.1599619675461197,0.1647619780260108,0.0688979738794553,0.1599619675461197,0.1647619780260108,0.1845339993478471,0.2534319732273024,0.1455206635296937,0.3054826310758135,0.141293708873539,0.3060556868995499,,,,,,,,,,,,,
2025-08-19,A,DCE,DCE.a2511-C-4550,C,2025-10-24,66,-0.0523461447771751,0.0766462186474413,1552.0,239.0,11.0,4550.0,4019.0,C,high_iv_pressure,,0.1928669947244647,0.1928669947244647,,,546,546,1.0,60060.0,60060.0,0.001,A|C,,,,,False,0,,,,,,,False,,,0.4750372928381157,,False,1157247.0,28542422.4,0.4942975880688748,13516792.699999996,2119.5,6377,False,monthly,monthly,0,,,,,,,,,,,,,,,,,,,,,,,,,,,,,,,,,,,,,,,,,,,,,,,,,,,,,,
2025-08-19,CS,DCE,DCE.cs2511-C-2800,C,2025-10-24,66,-0.0669172932330827,0.0592629739490628,1689.0,389.0,4.5,2800.0,2482.0,C,high_iv_pressure,,0.1980618488998739,0.1980618488998739,,,1335,1335,1.0,60075.0,60075.0,0.001,CS|C,,,,,False,0,,,,,,,False,,,0.4942975880688748,,False,1716810.0000000002,29699669.4,0.5228708031691253,12359545.699999996,1286.0000000000002,9610,False,monthly,monthly,0,,,,,,,,,,,,,,,,,,,,,,,,,,,,,,,,,,,,,,,,,,,,,,,,,,,,,,
2025-08-20,SF,CZCE,CZCE.SF510C6900,C,2025-09-11,22,,0.0164305816623522,3061.0,1214.0,3.0,6900.0,5622.0,C,term_structure_t1_high_iv_pressure,,,,,,1001,1001,1.0,15015.0,15015.0,0.00025,SF|C,,,,,False,0,,,,,,,False,,,0.5229808487988153,,False,1421920.5,31416479.4,0.5466511391756053,10633885.6,1420.5,7486,False,iv_extreme_overlay,overlay3_term_structure_cluster_cap2,0,,,,,0.1577336182523169,0.995249406175772,424.0,22.0,t3_p95_term_2d_repair_t1_no_trend_conflict_cluster_cap2,2025-08-15,0.1460662391653938,0.1537556610264935,0.1737215431272489,0.0750219348610531,0.9858156028368794,0.990521327014218,0.995249406175772,0.9523809523809524,0.995249406175772,0.95,0.03,0.00025,,,overlay3_term_structure_cluster_cap2,overlay3_term_structure_cluster_cap2,term_structure_t1_high_iv_pressure,3.0,C,,,,,,,,,,,,,0.1460662391653938,0.1537556610264935,0.1737215431272489,0.3702995896856073,0.2242333505202135,0.364733102222005,0.2109774411955114,0.4091232875321663,0.2354017444049173,-0.0333673816819883,C,False,
2025-08-26,AL,SHFE,SHFE.al2510C23000,C,2025-09-24,29,0.02001953125,0.0453062801957572,1027.0,1801.0,21.0,23000.0,20890.0,C,high_iv_pressure,0.1238560284495242,0.1952302649561644,0.1952302649561644,0.1238560284495242,0.0713742365066401,573,573,1.0,60165.0,60165.0,0.001,AL|C,,,,,False,0,,,,,,,False,,,0.3640119780748069,,False,3052657.5,21911086.75,0.4147262081647359,20224232.0,5327.5,3796,False,monthly,monthly,0,,,,,,,,,,,,,,,,,,,,,,,,,,,,,,,,,,,,,,,,,,,,,,,,,,,,,,
2025-08-26,AU,SHFE,SHFE.au2510C856,C,2025-09-24,29,0.0018435067595246,0.0684285249446075,1485.0,201.0,1.34,856.0,782.56,C,high_iv_pressure,0.1675531600641698,0.240553871654952,0.240553871654952,0.1675531600641698,0.0730007115907822,44,44,1.0,58960.0,58960.0,0.001,AU|C,,,,,False,0,,,,,,,False,,,0.4147262081647359,,False,3952502.399999999,24963744.25,0.4803896886385842,17171574.5,89829.59999999998,191,False,monthly,monthly,0,,,,,,,,,,,,,,,,,,,,,,,,,,,,,,,,,,,,,,,,,,,,,,,,,,,,,,
2025-08-29,PK,CZCE,CZCE.PK510C8500,C,2025-09-11,13,,0.0238800728266846,4799.0,1390.0,3.0,8500.0,7784.0,C,risk_reversal_t1_forced_rich_side,,,,,,1003,1003,1.0,15045.0,15045.0,0.00025,PK|C,,,,,False,0,,,,,,,False,,,0.4802938585703946,,False,2123351.0000000005,28916246.65,0.515562351650886,13227479.1,2117.0000000000005,6248,False,iv_extreme_overlay,overlay2_risk_reversal_same_sign,0,,,,,0.0970359294495594,0.9759704251386322,544.0,13.0,t3_p95_rr_2d_repair_same_sign,2025-08-26,0.127675886572161,0.1320993502627258,0.1610080926397923,0.100065084229155,0.9521178637200736,0.9575645756457564,0.9759704251386322,0.9,0.9759704251386322,0.95,0.03,0.00025,,,overlay2_risk_reversal_same_sign,overlay2_risk_reversal_same_sign,risk_reversal_t1_forced_rich_side,2.0,C,0.127675886572161,0.1320993502627258,0.1610080926397923,0.127675886572161,0.1320993502627258,0.1610080926397923,0.1252165729668015,0.2528924595389625,0.1226812623770922,0.2547806126398181,0.1163179833705929,0.2773260760103853,,,,,,,,,,,,,
2025-08-29,AU,SHFE,SHFE.au2510C968,C,2025-09-24,26,,0.0189725342728667,9027.0,6520.0,0.5,968.0,791.54,C,risk_reversal_t1_forced_rich_side,,,,,,30,30,1.0,15000.0,15000.0,0.00025,AU|C,,,,,False,0,,,,,,,False,,,0.515562351650886,,False,1914696.0,31039597.65,0.5473651212482086,11104128.1,63823.2,173,False,iv_extreme_overlay,overlay2_risk_reversal_same_sign,0,,,,,0.1013893735798355,0.96695886716116,1486.0,66.0,t3_p95_rr_2d_repair_same_sign,2025-08-26,0.0578960764817796,0.0667165813439062,0.0782212647052357,0.0457794705602176,0.8962962962962963,0.931266846361186,0.96695886716116,0.8178137651821862,0.96695886716116,0.95,0.03,0.00025,,,overlay2_risk_reversal_same_sign,overlay2_risk_reversal_same_sign,risk_reversal_t1_forced_rich_side,2.0,C,0.0578960764817796,0.0667165813439062,0.0782212647052357,0.0578960764817796,0.0667165813439062,0.0782212647052357,0.1827929888433897,0.2406890653251693,0.1735308539319346,0.2402474352758409,0.1675531600641698,0.2457744247694055,,,,,,,,,,,,,
2025-09-01,FG,CZCE,CZCE.FG510C1260,C,2025-09-11,10,,0.0239065134245928,14477.0,1896.0,0.5,1260.0,1140.0,C,,0.5326394632160363,0.5355692628130343,0.5355692628130343,0.5326394632160363,0.002929799596998,1504,1504,1.0,15040.0,15040.0,0.00025,FG|C,,,,,False,0,,,,,,,False,,,0.5477745283124716,,False,2325183.9999999995,32954293.65,0.586424319516226,9157933.85,1545.9999999999995,5923,False,iv_extreme_overlay,overlay1_high_iv_pullback,0,,,,,0.612282845091213,0.9861111111111112,292.0,15.0,t4_p95_pullback_3d,2025-08-26,0.597160459871481,0.6383224624369281,0.6495758102079328,0.6504657051170297,0.9621993127147768,0.9793103448275862,0.9826989619377162,0.9861111111111112,0.9861111111111112,0.95,0.04,0.00025,,,overlay1_high_iv_pullback,overlay1_high_iv_pullback,,1.0,,,,,,,,,,,,,,,,,,,,,,,,,,
2025-09-05,AG,SHFE,SHFE.ag2510P8500,P,2025-09-24,19,,-0.0287341652292253,7809.0,4285.0,8.5,8500.0,9789.0,P,term_structure_t1_high_iv_pressure,,,,,,117,117,1.0,14917.5,14917.5,0.00025,AG|P,,,,,False,0,,,,,,,False,,,0.564165736278849,,False,1632571.2,33935633.9,0.5913065504386708,8170687.3500000015,13953.6,585,False,iv_extreme_overlay,overlay3_term_structure_cluster_cap2,0,,,,,0.0184511177620949,0.9774535809018567,757.0,32.0,t3_p95_term_2d_repair_t1_no_trend_conflict_cluster_cap2,2025-09-02,0.0132927527589328,0.0241236120915939,0.0368203038975047,0.019986164085966,0.7632275132275133,0.9072847682119204,0.9774535809018567,0.8658698539176627,0.9774535809018567,0.95,0.03,0.00025,,,overlay3_term_structure_cluster_cap2,overlay3_term_structure_cluster_cap2,term_structure_t1_high_iv_pressure,3.0,P,,,,,,,,,,,,,0.0132927527589328,0.0241236120915939,0.0368203038975047,0.2538099636339791,0.2405172108750462,0.2785902192518882,0.2544666071602942,0.281847158778408,0.2450268548809033,0.0615083677461421,P,False,
2025-09-08,SI,GFEX,GFEX.si2511-C-11000,C,2025-10-15,37,-0.0522222222222221,0.0584987899660311,1655.0,1113.0,31.0,11000.0,8530.0,C,high_iv_pressure,0.3398609670316571,0.5826435036724116,0.5826435036724116,0.3398609670316571,0.2427825366407544,388,388,1.0,60140.0,60140.0,0.001,SI|C,,,,,False,0,,,,,,,False,,,0.591379475120489,,False,887550.0,35568205.1,0.6061364428018071,6532923.899999999,2287.5,2855,False,monthly,monthly,0,,,,,,,,,,,,,,,,,,,,,,,,,,,,,,,,,,,,,,,,,,,,,,,,,,,,,,
2025-09-10,SN,SHFE,SHFE.sn2510C315000,C,2025-09-24,14,,0.0279146985321066,3585.0,9562.0,212.0,315000.0,272110.0,C,risk_reversal_t1_forced_rich_side,,,,,,70,70,1.0,14840.0,14840.0,0.00025,SN|C,,,,,False,0,,,,,,,False,,,0.605910779470496,,False,1252940.5,36455755.1,0.6267352049391967,5661053.899999999,17899.15,316,False,iv_extreme_overlay,overlay2_risk_reversal_same_sign,0,,,,,0.0901672188690875,0.9513888888888888,291.0,15.0,t3_p95_rr_2d_repair_same_sign,2025-09-06,0.0590934812055071,0.0799847612922745,0.0810522125277594,0.0604938835775106,0.8103448275862069,0.944636678200692,0.9513888888888888,0.8257839721254355,0.9513888888888888,0.95,0.03,0.00025,,,overlay2_risk_reversal_same_sign,overlay2_risk_reversal_same_sign,risk_reversal_t1_forced_rich_side,2.0,C,0.0590934812055071,0.0799847612922745,0.0810522125277594,0.0590934812055071,0.0799847612922745,0.0810522125277594,0.2301812868408917,0.2892747680463988,0.2231328991864283,0.3031176604787028,0.2157723674069214,0.2968245799346808,,,,,,,,,,,,,
2025-09-10,SI,GFEX,GFEX.si2511-C-13000,C,2025-10-15,35,,0.0168124426643429,2539.0,664.0,9.0,13000.0,8665.0,C,term_structure_t1_high_iv_pressure,,,,,,334,334,1.0,15030.0,15030.0,0.00025,SI|C,,,,,False,0,,,,,,,False,,,0.6267352049391967,,False,738557.5,37708695.6,0.6390103573611192,4408113.399999999,2211.25,1993,False,iv_extreme_overlay,overlay3_term_structure_cluster_cap2,0,,,,,0.226363345246069,0.994186046511628,519.0,17.0,t3_p95_term_2d_repair_t1_no_trend_conflict_cluster_cap2,2025-09-05,0.0834761021652784,0.1017954724935601,0.121141608765819,-0.1602201165989927,0.9864864864864864,0.9922630560928434,0.994186046511628,0.003883495145631,0.994186046511628,0.95,0.03,0.00025,,,overlay3_term_structure_cluster_cap2,overlay3_term_structure_cluster_cap2,term_structure_t1_high_iv_pressure,3.0,C,,,,,,,,,,,,,0.0834761021652784,0.1017954724935601,0.121141608765819,0.2997779961122988,0.2163018939470204,0.3155137031923136,0.2137182306987534,0.3354428166973155,0.2143012079314965,-0.0486425339366516,C,False,
2025-09-11,MA,CZCE,CZCE.MA511C2850,C,2025-10-13,32,,0.0206189898358505,1320.0,207.0,1.5,2850.0,2382.0,C,term_structure_t1_high_iv_pressure,,,,,,1004,1004,1.0,15060.0,15060.0,0.00025,MA|C,,,,,False,0,,,,,,,False,,,0.3309271698340864,,False,1210824.0,19952993.1,0.3510090972661762,22252955.65,1206.0,18451,False,iv_extreme_overlay,overlay3_term_structure_cluster_cap2,0,,,,,0.0777534329633221,0.9819277108433736,1165.0,27.0,t3_p95_term_2d_repair_t1_no_trend_conflict_cluster_cap2,2025-09-04,0.0509483547032779,0.097237006601728,0.2153405784822573,0.3124829275535827,0.7757731958762887,0.9079965606190884,0.9819277108433736,0.9982773471145564,0.9819277108433736,0.95,0.03,0.00025,,,overlay3_term_structure_cluster_cap2,overlay3_term_structure_cluster_cap2,term_structure_t1_high_iv_pressure,3.0,C,,,,,,,,,,,,,0.0509483547032779,0.097237006601728,0.2153405784822573,0.2421724311079532,0.1912240764046753,0.2433070839002561,0.146070077298528,0.4799693404307026,0.2646287619484453,-0.0267206477732793,C,False,
2025-09-11,SA,CZCE,CZCE.SA511C1640,C,2025-10-13,32,,0.0264553594314108,10261.0,3410.0,1.5,1640.0,1287.0,C,term_structure_t1_high_iv_pressure,,,,,,502,502,1.0,15060.0,15060.0,0.00025,SA|C,,,,,False,0,,,,,,,False,,,0.3510090972661762,,False,661134.0000000001,21163817.1,0.3619742292844441,21042131.65,1317.0000000000002,15977,False,iv_extreme_overlay,overlay3_term_structure_cluster_cap2,0,,,,,0.2541073609753414,0.9603960396039604,407.0,17.0,t3_p95_term_2d_repair_t1_no_trend_conflict_cluster_cap2,2025-09-04,0.1568715934548459,0.2006354737230489,0.408020305624537,0.3233193164360609,0.7955665024630542,0.837037037037037,0.9603960396039604,0.9205955334987592,0.9603960396039604,0.95,0.03,0.00025,,,overlay3_term_structure_cluster_cap2,overlay3_term_structure_cluster_cap2,term_structure_t1_high_iv_pressure,3.0,C,,,,,,,,,,,,,0.1568715934548459,0.2006354737230489,0.408020305624537,0.4863347130758896,0.3294631196210436,0.4427700825288185,0.2421346088057696,0.8318439687177321,0.4238236630931951,-0.0725574712643678,C,False,
2025-09-12,PF,CZCE,CZCE.PF511P5900,P,2025-10-13,31,-0.0103028410864813,-0.0465024957077978,1110.0,847.0,5.5,5900.0,6340.0,P,high_iv_pressure,0.1524142575455366,,0.1524142575455366,,,2194,2194,1.0,60335.0,60335.0,0.001,PF|P,,,,,False,0,,,,,,,False,,,0.3616612692847604,,False,4601915.0,21824951.1,0.4379196037211009,20417520.15,2097.5,9734,False,monthly,monthly,0,,,,,,,,,,,,,,,,,,,,,,,,,,,,,,,,,,,,,,,,,,,,,,,,,,,,,,
2025-09-12,PK,CZCE,CZCE.PK511C8400,C,2025-10-13,31,-0.0061365379698287,0.0683902057423221,2040.0,844.0,11.5,8400.0,7774.0,C,high_iv_pressure,,0.2215909280929478,0.2215909280929478,,,1049,1049,1.0,60317.5,60317.5,0.001,PK|C,,,,,False,0,,,,,,,False,,,0.4379196037211009,,False,2496095.5000000005,26426866.1,0.4792824027784595,15815605.150000002,2379.5000000000005,6646,False,monthly,monthly,0,,,,,,,,,,,,,,,,,,,,,,,,,,,,,,,,,,,,,,,,,,,,,,,,,,,,,,
2025-09-12,SR,CZCE,CZCE.SR511C5900,C,2025-10-13,31,-0.0198019801980198,0.0641767985033062,5042.0,735.0,6.0,5900.0,5544.0,C,high_iv_pressure,0.1182417431907847,0.1679525852788753,0.1679525852788753,0.1182417431907847,0.0497108420880906,1005,1005,1.0,60300.0,60300.0,0.001,SR|C,,,,,False,0,,,,,,,False,,,0.4792824027784595,,False,3843120.0,28922961.6,0.5429667451096388,13319509.650000002,3824.0,3483,False,monthly,monthly,0,,,,,,,,,,,,,,,,,,,,,,,,,,,,,,,,,,,,,,,,,,,,,,,,,,,,,,
2025-09-26,AL,SHFE,SHFE.al2511C22000,C,2025-10-27,31,-0.0024125452352231,0.0762552043225941,1797.0,1184.0,29.0,22000.0,20675.0,C,high_iv_pressure,,0.1428267084239492,0.1428267084239492,,,418,418,1.0,60610.0,60610.0,0.001,AL|C,,,,,False,0,,,,,,,False,,,0.2985686629065357,,False,2997060.0,18115314.0,0.3479648918016386,24356389.75,7170.0,3396,False,monthly,monthly,0,,,,,,,,,,,,,,,,,,,,,,,,,,,,,,,,,,,,,,,,,,,,,,,,,,,,,,
2025-10-11,AG,SHFE,SHFE.ag2511P9500,P,2025-10-27,16,,-0.0399429852354541,3629.0,2506.0,16.5,9500.0,11059.0,P,,0.5673086302293489,0.4097071630980042,0.5673086302293489,0.4097071630980042,0.1576014671313446,61,61,1.0,15097.5,15097.5,0.00025,AG|P,,,,,False,0,,,,,,,False,,,0.3470522859067081,,False,920892.6,21112374.0,0.3621902273766997,21471013.0,15096.6,1422,False,iv_extreme_overlay,overlay1_high_iv_pullback,0,,,,,0.3158689041697931,0.951005025125628,800.0,58.0,t4_p95_pullback_3d,2025-09-29,0.3245840676819566,0.3270743608406219,0.3323882742564385,0.3418091865029757,0.92991239048811,0.9323308270676692,0.9397741530740276,0.951005025125628,0.951005025125628,0.95,0.04,0.00025,,,overlay1_high_iv_pullback,overlay1_high_iv_pullback,,1.0,,,,,,,,,,,,,,,,,,,,,,,,,,
2025-10-14,PF,CZCE,CZCE.PF512C6600,C,2025-11-12,29,-0.0477093206951027,0.0521962791641622,1303.0,295.0,7.0,6600.0,6028.0,C,high_iv_pressure,,0.1913975129814911,0.1913975129814911,,,1739,1739,1.0,60865.0,60865.0,0.001,PF|C,,,,,False,0,,,,,,,False,,,0.1382783289843394,,False,2815441.000000001,8418117.1,0.1845255446276093,34196528.4,1619.0000000000005,21122,False,monthly,monthly,0,,,,,,,,,,,,,,,,,,,,,,,,,,,,,,,,,,,,,,,,,,,,,,,,,,,,,,
2025-10-14,PK,CZCE,CZCE.PK512C8800,C,2025-11-12,29,0.0170137125444387,0.0672613257165817,1312.0,1258.0,14.0,8800.0,8010.0,C,high_iv_pressure,0.1686807536796303,0.2248620553947578,0.2248620553947578,0.1686807536796303,0.0561813017151274,869,869,1.0,60830.0,60830.0,0.001,PK|C,,,,,False,0,,,,,,,False,,,0.1845255446276093,,False,1824900.0,11233558.1,0.214501858756516,31381087.4,2100.0,14943,False,monthly,monthly,0,,,,,,,,,,,,,,,,,,,,,,,,,,,,,,,,,,,,,,,,,,,,,,,,,,,,,,
2025-10-14,SR,CZCE,CZCE.SR601MSC5700,C,2025-11-12,29,-0.0195900598585162,0.0503396341409931,1677.0,700.0,3.5,5700.0,5405.0,C,high_iv_pressure,,0.126293935738861,0.126293935738861,,,1739,1739,1.0,60865.0,60865.0,0.001,SR|C,,,,,False,0,,,,,,,False,,,0.214501858756516,,False,6895135.0,13058458.1,0.3277632608723684,29556187.4,3965.0,7454,False,monthly,monthly,0,,,,,,,,,,,,,,,,,,,,,,,,,,,,,,,,,,,,,,,,,,,,,,,,,,,,,,
2025-10-14,C,DCE,DCE.c2511-C-2220,C,2025-10-24,10,,0.0228109455487558,14588.0,1313.0,0.5,2220.0,2096.0,C,risk_reversal_t1_forced_rich_side,,,,,,3043,3043,1.0,15215.0,15215.0,0.00025,C|C,,,,,False,0,,,,,,,False,,,0.3277632608723684,,False,4506683.000000001,19953593.1,0.4017912872230745,22661052.4,1481.0000000000002,15301,False,iv_extreme_overlay,overlay2_risk_reversal_same_sign,0,,,,,0.0659296964674562,0.9688995215311004,1257.0,23.0,t3_p95_rr_2d_repair_same_sign,2025-10-09,0.0549077405401723,0.0646150494867297,0.0896955054595498,0.0655267848709973,0.8654458598726115,0.9123505976095616,0.9688995215311004,0.9177972865123704,0.9688995215311004,0.95,0.03,0.00025,,,overlay2_risk_reversal_same_sign,overlay2_risk_reversal_same_sign,risk_reversal_t1_forced_rich_side,2.0,C,0.0549077405401723,0.0646150494867297,0.0896955054595498,0.0549077405401723,0.0646150494867297,0.0896955054595498,0.1691074567421419,0.2240151972823143,0.1348214593617532,0.199436508848483,0.1120223687795045,0.2017178742390543,,,,,,,,,,,,,
2025-10-14,CU,SHFE,SHFE.cu2511P77000,P,2025-10-27,13,,-0.0274121885799333,2511.0,2320.0,46.0,77000.0,84730.0,P,term_structure_t1_high_iv_pressure,,,,,,66,66,1.0,15180.0,15180.0,0.00025,CU|P,,,,,False,0,,,,,,,False,,,0.4017912872230745,,False,1535820.0,24460276.1,0.427019093001724,18154369.4,23270.0,780,False,iv_extreme_overlay,overlay3_term_structure_cluster_cap2,0,,,,,0.0095494218848104,0.964405641370047,1492.0,16.0,t3_p95_term_2d_repair_t1_no_trend_conflict_cluster_cap2,2025-10-10,0.0063767122862916,0.0222155568078135,0.0298626783350376,0.0066492196504636,0.6773977196512407,0.9308724832214764,0.964405641370047,0.6807795698924731,0.964405641370047,0.95,0.03,0.00025,,,overlay3_term_structure_cluster_cap2,overlay3_term_structure_cluster_cap2,term_structure_t1_high_iv_pressure,3.0,P,,,,,,,,,,,,,0.0063767122862916,0.0222155568078135,0.0298626783350376,0.2300792552738574,0.2237025429875658,0.2315435645646508,0.2093280077568372,0.2374040656042599,0.2075413872692222,0.0769039632252452,P,False,
2025-10-16,SN,SHFE,SHFE.sn2511C335000,C,2025-10-27,11,,0.0125000374666647,1285.0,1388.0,90.0,335000.0,282010.0,C,risk_reversal_t1_forced_rich_side,,,,,,169,169,1.0,15210.0,15210.0,0.00025,SN|C,,,,,False,0,,,,,,,False,,,0.4001035574222139,,False,3113089.85,24369988.6,0.4512138941566342,18266453.15,18420.65,991,False,iv_extreme_overlay,overlay2_risk_reversal_same_sign,0,,,,,0.1401210742914587,0.9903846153846154,315.0,15.0,t3_p95_rr_2d_repair_same_sign,2025-10-13,0.0759005874023259,0.1024008845317362,0.1271441522535544,0.0343233811721275,0.9044585987261148,0.9616613418530352,0.9903846153846154,0.5048231511254019,0.9903846153846154,0.95,0.03,0.00025,,,overlay2_risk_reversal_same_sign,overlay2_risk_reversal_same_sign,risk_reversal_t1_forced_rich_side,2.0,C,0.0759005874023259,0.1024008845317362,0.1271441522535544,0.0759005874023259,0.1024008845317362,0.1271441522535544,0.2368095437439385,0.3127101311462644,0.2341220097933989,0.3365228943251352,0.2243610917675909,0.3515052440211453,,,,,,,,,,,,,
2025-10-17,SI,GFEX,GFEX.si2512-C-10000,C,2025-11-07,21,-0.0354691075514874,0.0653000647798502,1920.0,2509.0,25.0,10000.0,8430.0,C,high_iv_pressure,,0.6204349135349558,0.6204349135349558,,,487,487,1.0,60875.0,60875.0,0.001,SI|C,,,,,False,0,,,,,,,False,,,0.4510301067932132,,False,1087227.5,27483078.450000003,0.4688728072143343,15170736.949999996,2232.5,6795,False,monthly,monthly,0,,,,,,,,,,,,,,,,,,,,,,,,,,,,,,,,,,,,,,,,,,,,,,,,,,,,,,
2025-10-22,SI,GFEX,GFEX.si2512-C-13800,C,2025-11-07,16,,0.0044255074530164,1357.0,169.0,2.0,13800.0,8485.0,C,risk_reversal_t1_forced_rich_side,,,,,,1526,1526,1.0,15260.0,15260.0,0.00025,SI|C,,,,,False,0,,,,,,,False,,,0.4680452943075219,,False,3252287.5,28570305.950000003,0.5213250128647597,14158922.199999996,2131.25,6643,False,iv_extreme_overlay,overlay2_risk_reversal_same_sign,0,,,,,0.2348577239438763,0.9867549668874172,607.0,20.0,t3_p95_rr_2d_repair_same_sign,2025-10-17,0.2097906329491383,0.2371718350740381,0.2638827854289156,0.2457700659480837,0.9504950495049505,0.9785123966942147,0.9867549668874172,0.9817578772802652,0.9867549668874172,0.95,0.03,0.00025,,,overlay2_risk_reversal_same_sign,overlay2_risk_reversal_same_sign,risk_reversal_t1_forced_rich_side,2.0,C,0.2097906329491383,0.2371718350740381,0.2638827854289156,0.2097906329491383,0.2371718350740381,0.2638827854289156,0.1827456114963579,0.3925362444454962,0.2026890986258451,0.4398609336998833,0.1818289700458081,0.4457117554747237,,,,,,,,,,,,,
2025-10-27,A,DCE,DCE.a2601-C-4500,C,2025-12-16,50,0.0474237375032042,0.0558473935726214,1549.0,683.0,5.5,4500.0,4086.0,C,high_iv_pressure,0.1441318728179769,0.1651960871498567,0.1651960871498567,0.1441318728179769,0.0210642143318798,1109,1109,1.0,60995.0,60995.0,0.001,A|C,,,,,False,0,,,,,,,False,,,0.260176402159031,,False,2326682.0,15874991.0,0.2983085656184105,26836391.0,2098.0,12791,False,monthly,monthly,0,,,,,,,,,,,,,,,,,,,,,,,,,,,,,,,,,,,,,,,,,,,,,,,,,,,,,,
2025-10-27,CS,DCE,DCE.cs2601-C-3000,C,2025-12-16,50,-0.0210953346855984,0.0129565542515424,3453.0,789.0,1.0,3000.0,2413.0,C,high_iv_pressure,,0.2553677769615733,0.2553677769615733,,,6101,6101,1.0,61010.0,61010.0,0.001,CS|C,,,,,False,0,,,,,,,False,,,0.2983085656184105,,False,7421866.5,18201673.0,0.4199460848632807,24509709.0,1216.5,20147,False,monthly,monthly,0,,,,,,,,,,,,,,,,,,,,,,,,,,,,,,,,,,,,,,,,,,,,,,,,,,,,,,
2025-10-27,AU,SHFE,SHFE.au2512C1112,C,2025-11-24,28,,0.0332590244592841,1940.0,1710.0,1.18,1112.0,915.64,C,,0.3011805809388715,0.4012028047671048,0.4012028047671048,0.3011805809388715,0.1000222238282332,12,12,1.0,14160.0,14160.0,0.00025,AU|C,,,,,False,0,,,,,,,False,,,0.4199460848632807,,False,893174.3999999999,25623539.5,0.4345843861947618,17087842.5,74431.2,229,False,iv_extreme_overlay,overlay1_high_iv_pullback,0,,,,,0.2175646185163849,0.9790712884238064,1533.0,24.0,t4_p95_pullback_3d,2025-10-22,0.2258937846449615,0.2343471659348157,0.2397518137817401,0.2454041957568195,0.956266318537859,0.969301110385369,0.9745098039215686,0.9790712884238064,0.9790712884238064,0.95,0.04,0.00025,,,overlay1_high_iv_pullback,overlay1_high_iv_pullback,,1.0,,,,,,,,,,,,,,,,,,,,,,,,,,
2025-10-28,AL,SHFE,SHFE.al2512C23000,C,2025-11-24,27,0.0280532043530834,0.0608828523777283,1971.0,1951.0,27.0,23000.0,21255.0,C,high_iv_pressure,0.1262085349777578,0.1934177913320593,0.1934177913320593,0.1262085349777578,0.0672092563543014,451,451,1.0,60885.0,60885.0,0.001,AL|C,,,,,False,0,,,,,,,False,,,0.4346794202638168,,False,2886400.0,26516713.9,0.4819951880991926,16185330.1,6400.0,2528,False,monthly,monthly,0,,,,,,,,,,,,,,,,,,,,,,,,,,,,,,,,,,,,,,,,,,,,,,,,,,,,,,
2025-10-28,AU,SHFE,SHFE.au2512C1056,C,2025-11-24,27,0.0501735709326542,0.0619264987486111,1151.0,959.0,2.22,1056.0,907.56,C,high_iv_pressure,0.2779594191777882,0.4010522173115713,0.4010522173115713,0.2779594191777882,0.1230927981337831,27,27,1.0,59940.0,59940.0,0.001,AU|C,,,,,False,0,,,,,,,False,,,0.4819951880991926,,False,2020269.6,29403113.9,0.5151127765687282,13298930.1,74824.8,177,False,monthly,monthly,0,,,,,,,,,,,,,,,,,,,,,,,,,,,,,,,,,,,,,,,,,,,,,,,,,,,,,,
2025-11-01,CU,SHFE,SHFE.cu2512P78000,P,2025-11-24,23,,-0.0276886737834376,1745.0,21.0,56.0,78000.0,87130.0,P,term_structure_t1_high_iv_pressure,,,,,,54,54,1.0,15120.0,15120.0,0.00025,CU|P,,,,,False,0,,,,,,,False,,,0.513432942269563,,False,1191375.0,31423383.5,0.5328990564643123,11418371.75,22062.5,517,False,iv_extreme_overlay,overlay3_term_structure_cluster_cap2,0,,,,,-0.0012742436081525,0.9627906976744186,1508.0,13.0,t3_p95_term_2d_repair_t1_no_trend_conflict_cluster_cap2,2025-10-29,0.0052813274703711,0.0125069812146629,0.0290456262723989,0.0177093799246412,0.6410086264100863,0.8213811420982736,0.9627906976744186,0.8929521276595744,0.9627906976744186,0.95,0.03,0.00025,,,overlay3_term_structure_cluster_cap2,overlay3_term_structure_cluster_cap2,term_structure_t1_high_iv_pressure,3.0,P,,,,,,,,,,,,,0.0052813274703711,0.0125069812146629,0.0290456262723989,0.1951248915387132,0.1898435640683421,0.2088513580582554,0.1963443768435924,0.2434301053395951,0.2143844790671961,0.0495728552520755,P,False,
2025-11-03,PB,SHFE,SHFE.pb2512C19000,C,2025-11-24,21,0.0166180758017493,0.0437448598781407,1011.0,520.0,15.0,19000.0,17435.0,C,high_iv_pressure,,0.2039924416826916,0.2039924416826916,,,817,817,1.0,61275.0,61275.0,0.001,PB|C,,,,,False,0,,,,,,,False,,,0.5322025041035295,,False,3986960.0,32614758.5,0.5972610908706402,10283068.5,4880.0,2107,False,monthly,monthly,0,,,,,,,,,,,,,,,,,,,,,,,,,,,,,,,,,,,,,,,,,,,,,,,,,,,,,,
2025-11-07,LH,DCE,DCE.lh2601-C-15000,C,2025-12-16,39,,0.0288133386153819,1887.0,371.0,15.0,15000.0,11865.0,C,,,0.4023824906177043,0.4023824906177043,,,63,63,1.0,15120.0,15120.0,0.00025,LH|C,,,,,False,0,,,,,,,False,,,0.525599149845235,,False,613116.0,32262203.5,0.5355877189259709,10705032.0,9732.0,1099,False,iv_extreme_overlay,overlay1_high_iv_pullback,0,,,,,0.2221143235203613,0.9592592592592591,274.0,12.0,t4_p95_pullback_3d,2025-11-03,0.227430100842182,0.2371834358171398,0.244782391545035,0.2487111304773577,0.8864468864468864,0.9301470588235294,0.9520295202952028,0.9592592592592591,0.9592592592592591,0.95,0.04,0.00025,,,overlay1_high_iv_pullback,overlay1_high_iv_pullback,,1.0,,,,,,,,,,,,,,,,,,,,,,,,,,
2025-11-10,SI,GFEX,GFEX.si2601-C-10800,C,2025-12-05,25,0.0550823395797841,0.0607701154496881,1086.0,1506.0,22.0,10800.0,9290.0,C,high_iv_pressure,0.2414668007268572,0.4522694253182954,0.4522694253182954,0.2414668007268572,0.2108026245914382,557,557,1.0,61270.0,61270.0,0.001,SI|C,,,,,False,0,,,,,,,False,,,0.53594037466555,,False,1354902.5,32875319.5,0.5580282802594497,10063643.0,2432.5,4137,False,monthly,monthly,0,,,,,,,,,,,,,,,,,,,,,,,,,,,,,,,,,,,,,,,,,,,,,,,,,,,,,,
2025-11-13,PK,CZCE,CZCE.PK601C8500,C,2025-12-11,28,0.0,0.0796041365231804,6824.0,2662.0,12.5,8500.0,7966.0,C,high_iv_pressure,0.1509274291734637,0.1905719776261034,0.1905719776261034,0.1509274291734637,0.0396445484526397,981,981,1.0,61312.5,61312.5,0.001,PK|C,,,,,False,0,,,,,,,False,,,0.3699787759083818,,False,2659000.5,22694746.0,0.4133268596511906,20243723.0,2710.5,7468,False,monthly,monthly,0,,,,,,,,,,,,,,,,,,,,,,,,,,,,,,,,,,,,,,,,,,,,,,,,,,,,,,
2025-11-13,SR,CZCE,CZCE.SR601C5800,C,2025-12-11,28,0.0149529259737861,0.0494971170475075,15725.0,2918.0,3.5,5800.0,5498.0,C,high_iv_pressure,0.1352341019951246,0.1839321486827888,0.1839321486827888,0.1352341019951246,0.0486980466876642,1752,1752,1.0,61320.0,61320.0,0.001,SR|C,,,,,False,0,,,,,,,False,,,0.4133268596511906,,False,7048296.000000002,25353746.5,0.5282309844349597,17584722.5,4023.000000000001,4371,False,monthly,monthly,0,,,,,,,,,,,,,,,,,,,,,,,,,,,,,,,,,,,,,,,,,,,,,,,,,,,,,,
2025-11-17,PF,CZCE,CZCE.PF601P5900,P,2025-12-11,24,0.0321192052980132,-0.0780662235338482,1193.0,801.0,9.0,5900.0,6234.0,P,high_iv_pressure,0.1572731642411355,,0.1572731642411355,,,1366,1366,1.0,61470.0,61470.0,0.001,PF|P,,,,,False,0,,,,,,,False,,,0.5270654427210933,,False,3178682.0000000005,32402042.5,0.5787712398355676,10631379.75,2327.0000000000005,4568,False,monthly,monthly,0,,,,,,,,,,,,,,,,,,,,,,,,,,,,,,,,,,,,,,,,,,,,,,,,,,,,,,
2025-11-24,SI,GFEX,GFEX.si2601-C-10600,C,2025-12-05,11,,0.0277586180007089,2213.0,530.0,8.0,10600.0,8940.0,C,risk_reversal_t1_forced_rich_side,,,,,,385,385,1.0,15400.0,15400.0,0.00025,SI|C,,,,,False,0,,,,,,,False,,,0.3991639759011026,,False,875875.0,24602545.5,0.4133746089997134,18542084.0,2275.0,8150,False,iv_extreme_overlay,overlay2_risk_reversal_same_sign,0,,,,,0.1658388063564994,0.9920255183413078,630.0,24.0,t3_p95_rr_2d_repair_same_sign,2025-11-19,0.1449940462969612,0.1740937009155806,0.2764325330908017,0.0790345643569098,0.8569157392686805,0.9156050955414012,0.9920255183413078,0.4696485623003195,0.9920255183413078,0.95,0.03,0.00025,,,overlay2_risk_reversal_same_sign,overlay2_risk_reversal_same_sign,risk_reversal_t1_forced_rich_side,2.0,C,0.1449940462969612,0.1740937009155806,0.2764325330908017,0.1449940462969612,0.1740937009155806,0.2764325330908017,0.2568871298714812,0.4018811761684424,0.2780386777787627,0.4521323786943433,0.2824949053508563,0.558927438441658,,,,,,,,,,,,,
2025-11-25,AL,SHFE,SHFE.al2601C22600,C,2025-12-25,30,-0.000933924819052,0.0674923896224675,2410.0,488.0,22.0,22600.0,21395.0,C,high_iv_pressure,0.1291288359785518,0.1352744527371645,0.1352744527371645,0.1291288359785518,0.0061456167586126,560,560,1.0,61600.0,61600.0,0.001,AL|C,,,,,False,0,,,,,,,False,,,0.4129283850598175,,False,4365200.0,25478420.5,0.4836751170427957,17712832.5,7795.0,2272,False,monthly,monthly,0,,,,,,,,,,,,,,,,,,,,,,,,,,,,,,,,,,,,,,,,,,,,,,,,,,,,,,
2025-12-01,AU,SHFE,SHFE.au2601C1168,C,2025-12-25,24,0.0489016736401672,0.036803175779551,1268.0,3967.0,1.42,1168.0,962.64,C,high_iv_pressure,,0.4067809939285835,0.4067809939285835,,,43,43,1.0,61060.0,61060.0,0.001,AU|C,,,,,False,0,,,,,,,False,,,0.484751930397158,,False,3372541.6,29843620.5,0.5395323499157858,13251688.75,78431.2,168,False,monthly,monthly,0,,,,,,,,,,,,,,,,,,,,,,,,,,,,,,,,,,,,,,,,,,,,,,,,,,,,,,
2025-12-01,AO,SHFE,SHFE.ao2601C3250,C,2025-12-25,24,,0.0265510809220399,1230.0,538.0,2.5,3250.0,2689.0,C,risk_reversal_t1_forced_rich_side,,,,,,307,307,1.0,15350.0,15350.0,0.00025,AO|C,,,,,False,0,,,,,,,False,,,0.5395323499157858,,False,840873.0000000001,33216162.1,0.5531907064804275,9879147.15,2739.0000000000005,3606,False,iv_extreme_overlay,overlay2_risk_reversal_same_sign,0,,,,,0.1668874244348784,0.9571428571428572,353.0,20.0,t3_p95_rr_2d_repair_same_sign,2025-11-27,0.1514170390636571,0.1560226541377788,0.1760790167026227,0.1597768196512189,0.9005681818181818,0.9145299145299144,0.9571428571428572,0.9226361031518624,0.9571428571428572,0.95,0.03,0.00025,,,overlay2_risk_reversal_same_sign,overlay2_risk_reversal_same_sign,risk_reversal_t1_forced_rich_side,2.0,C,0.1514170390636571,0.1560226541377788,0.1760790167026227,0.1514170390636571,0.1560226541377788,0.1760790167026227,0.1751763329108917,0.3265933719745489,0.1746859454015274,0.3307085995393062,0.1594386226434366,0.3355176393460593,,,,,,,,,,,,,
2025-12-05,AU,SHFE,SHFE.au2601C1168,C,2025-12-25,20,,0.0179493358062903,1896.0,1760.0,0.54,1168.0,965.06,C,,,0.3783972359583502,0.3783972359583502,,,28,28,1.0,15120.0,15120.0,0.00025,AU|C,,,,,False,0,,,,,,,False,,,0.5179634481982766,,False,2176854.4,31826257.6,0.5533911452093631,11185233.65,77744.8,143,False,iv_extreme_overlay,overlay1_high_iv_pullback,0,,,,,0.2010943511750681,0.966730646193218,1567.0,46.0,t4_p95_pullback_3d,2025-12-01,0.1975504280732111,0.2120609820022909,0.2137330866635245,0.2324872428824057,0.8805874840357599,0.9303514376996804,0.9335038363171356,0.966730646193218,0.966730646193218,0.95,0.04,0.00025,,,overlay1_high_iv_pullback,overlay1_high_iv_pullback,,1.0,,,,,,,,,,,,,,,,,,,,,,,,,,
2025-12-08,SI,GFEX,GFEX.si2602-C-9900,C,2026-01-09,32,-0.066200215285253,0.0735123924084636,1113.0,831.0,24.0,9900.0,8675.0,C,high_iv_pressure,,0.3139084691422816,0.3139084691422816,,,513,513,1.0,61560.0,61560.0,0.001,SI|C,,,,,False,0,,,,,,,False,,,0.5515580413046722,,False,1174128.75,34003112.0,0.5706033614385913,9151328.0,2288.75,3998,False,monthly,monthly,0,,,,,,,,,,,,,,,,,,,,,,,,,,,,,,,,,,,,,,,,,,,,,,,,,,,,,,
2025-12-09,BR,SHFE,SHFE.br2601C12000,C,2025-12-25,16,,0.020303954545757,2413.0,1003.0,5.0,12000.0,10465.0,C,risk_reversal_t1_forced_rich_side,,,,,,618,618,1.0,15450.0,15450.0,0.00025,BR|C,,,,,False,0,,,,,,,False,,,0.5690248853065296,,False,2279029.5000000005,35177240.75,0.6058903264894825,8096909.75,3687.750000000001,2195,False,iv_extreme_overlay,overlay2_risk_reversal_same_sign,0,,,,,0.0391838222813973,0.9753320683111956,530.0,18.0,t3_p95_rr_2d_repair_same_sign,2025-12-04,0.1041540036781495,0.1130739951617044,0.1291861966952529,0.083192534689075,0.9035916824196596,0.9375,0.9753320683111956,0.7718631178707225,0.9753320683111956,0.95,0.03,0.00025,,,overlay2_risk_reversal_same_sign,overlay2_risk_reversal_same_sign,risk_reversal_t1_forced_rich_side,2.0,C,0.1041540036781495,0.1130739951617044,0.1291861966952529,0.1041540036781495,0.1130739951617044,0.1291861966952529,0.2078899265888643,0.3120439302670139,0.1879230476965639,0.3009970428582684,0.2003459413197535,0.3295321380150064,,,,,,,,,,,,,
2025-12-10,PB,SHFE,SHFE.pb2601C19600,C,2025-12-25,15,,0.009266659554565,1597.0,109.0,3.0,19600.0,17080.0,C,risk_reversal_t1_forced_rich_side,,,,,,1030,1030,1.0,15450.0,15450.0,0.00025,PB|C,,,,,False,0,,,,,,,False,,,0.6058001721348972,,False,4413550.0,37456270.25,0.677182862719953,5824320.25,4285.0,1359,False,iv_extreme_overlay,overlay2_risk_reversal_same_sign,0,,,,,0.0166134086116614,0.9941690962099126,346.0,17.0,t3_p95_rr_2d_repair_same_sign,2025-12-06,0.0421889504530515,0.0613229065069853,0.0939553621389016,0.0572547298435695,0.7797101449275362,0.9331395348837208,0.9941690962099126,0.9152046783625732,0.9941690962099126,0.95,0.03,0.00025,,,overlay2_risk_reversal_same_sign,overlay2_risk_reversal_same_sign,risk_reversal_t1_forced_rich_side,2.0,C,0.0421889504530515,0.0613229065069853,0.0939553621389016,0.0421889504530515,0.0613229065069853,0.0939553621389016,0.1388965357035393,0.1810854861565909,0.1355700985465797,0.1968930050535651,0.1140362097493006,0.2079915718882022,,,,,,,,,,,,,
2025-12-12,PF,CZCE,CZCE.PF602C6600,C,2026-01-13,32,-0.0224646983311938,0.0477637812722507,1311.0,1005.0,5.5,6600.0,6092.0,C,high_iv_pressure,,0.1644028897121105,0.1644028897121105,,,2249,2249,1.0,61847.5,61847.5,0.001,PF|C,,,,,False,0,,,,,,,False,,,0.4685631515117909,,False,4056071.500000001,28983841.75,0.53413505399422,14315955.0,1803.5,7937,False,monthly,monthly,0,,,,,,,,,,,,,,,,,,,,,,,,,,,,,,,,,,,,,,,,,,,,,,,,,,,,,,
2025-12-12,PK,CZCE,CZCE.PK603P7500,P,2026-02-11,61,0.0248604769152713,-0.0587641873681943,1374.0,467.0,10.5,7500.0,8080.0,P,high_iv_pressure,0.1273399547039569,,0.1273399547039569,,,1178,1178,1.0,61845.0,61845.0,0.001,PK|P,,,,,False,0,,,,,,,False,,,0.53413505399422,,False,3112865.0,33039913.25,0.5844587428692722,10259883.5,2642.5,3882,False,monthly,monthly,0,,,,,,,,,,,,,,,,,,,,,,,,,,,,,,,,,,,,,,,,,,,,,,,,,,,,,,
2025-12-12,SR,CZCE,CZCE.SR603MSP5000,P,2026-01-13,32,-0.0426505583012996,-0.0585543096764665,1409.0,1391.0,4.0,5000.0,5230.0,P,high_iv_pressure,0.1016842100208559,,0.1016842100208559,,,1546,1546,1.0,61840.0,61840.0,0.001,SR|P,,,,,False,0,,,,,,,False,,,0.5844587428692722,,False,6369520.0,36152778.25,0.6874306811844331,7147018.5,4120.0,1734,False,monthly,monthly,0,,,,,,,,,,,,,,,,,,,,,,,,,,,,,,,,,,,,,,,,,,,,,,,,,,,,,,
2025-12-16,JD,DCE,DCE.jd2602-C-3500,C,2026-01-20,35,,0.0230997463450556,1133.0,1.0,1.5,3500.0,3114.0,C,term_structure_t1_high_iv_pressure,,,,,,1031,1031,1.0,15465.0,15465.0,0.00025,JD|C,,,,,False,0,,,,,,,False,,,0.5195780619756688,,False,4446703.000000001,32160633.75,0.5914177323279793,11167684.5,4313.000000000001,2589,False,iv_extreme_overlay,overlay3_term_structure_cluster_cap2,0,,,,,0.3451210265143672,0.9844357976653696,260.0,11.0,t3_p95_term_2d_repair_t1_no_trend_conflict_cluster_cap2,2025-12-11,0.2743812335057767,0.2791584263627259,0.2957580590401691,0.1832971858557329,0.972972972972973,0.9767441860465116,0.9844357976653696,0.97265625,0.9844357976653696,0.95,0.03,0.00025,,,overlay3_term_structure_cluster_cap2,overlay3_term_structure_cluster_cap2,term_structure_t1_high_iv_pressure,3.0,C,,,,,,,,,,,,,0.2743812335057767,0.2791584263627259,0.2957580590401691,0.4514710391926649,0.1770898056868882,0.3987333978976706,0.1195749715349446,0.4053831839123523,0.1096251248721831,-0.033137194177764,C,False,
2025-12-17,A,DCE,DCE.a2603-P-3400,P,2026-02-25,70,-0.0181686046511627,-0.0126726813316931,1094.0,752.0,1.5,3400.0,4053.0,P,high_iv_pressure,0.1867361218087369,,0.1867361218087369,,,3293,4126,0.798109549200194,49395.0,61890.0,0.001,A|P,,,,,False,0,,,,,,,False,,,0.591380375510241,,False,6722659.5,36607336.75,0.6999828921775451,6723718.5,2041.5,3293,True,monthly,monthly,0,,,,,,,,,,,,,,,,,,,,,,,,,,,,,,,,,,,,,,,,,,,,,,,,,,,,,,
2025-12-24,V,DCE,DCE.v2602-P-4100,P,2026-01-20,27,,-0.0295561063547488,3268.0,816.0,4.5,4100.0,4751.0,P,risk_reversal_t1_forced_rich_side,,,,,,1,680,0.0014705882352941,22.5,15300.0,0.00025,V|P,,,,,False,0,,,,,,,False,,,0.6999775817180461,,False,853.9250000000002,42869887.25,0.6999915245668571,1373.0,853.9250000000002,1,True,iv_extreme_overlay,overlay2_risk_reversal_same_sign,0,,,,,0.0587838317014846,0.9580786026200874,1148.0,25.0,t3_p95_rr_2d_repair_same_sign,2025-12-19,0.066408997539087,0.0671480790474318,0.1588538982157303,0.1571641377666791,0.7114210985178727,0.7137870855148342,0.9580786026200874,0.958041958041958,0.9580786026200874,0.95,0.03,0.00025,,,overlay2_risk_reversal_same_sign,overlay2_risk_reversal_same_sign,risk_reversal_t1_forced_rich_side,2.0,P,-0.066408997539087,-0.0671480790474318,-0.1588538982157303,0.066408997539087,0.0671480790474318,0.1588538982157303,0.3052433487730094,0.2388343512339223,0.3006536758794106,0.2335055968319788,0.2876040109531839,0.1287501127374536,,,,,,,,,,,,,
2025-12-26,AL,SHFE,SHFE.al2602P21000,P,2026-01-26,31,0.0240581025873809,-0.0550492974062865,1667.0,3330.0,25.0,21000.0,22560.0,P,high_iv_pressure,0.1797581277212462,,0.1797581277212462,,,489,489,1.0,61125.0,61125.0,0.001,AL|P,,,,,False,0,,,,,,,False,,,0.4152035057462113,,False,3669945.0,25422692.675,0.4751410603308292,17437939.825,7505.0,2323,False,monthly,monthly,0,,,,,,,,,,,,,,,,,,,,,,,,,,,,,,,,,,,,,,,,,,,,,,,,,,,,,,
2025-12-26,AU,SHFE,SHFE.au2602P928,P,2026-01-26,31,0.067905229099259,-0.0726851157995998,1143.0,419.0,2.38,928.0,1023.16,P,high_iv_pressure,0.2549801376160017,,0.2549801376160017,,,25,25,1.0,59500.0,59500.0,0.001,AU|P,,,,,False,0,,,,,,,False,,,0.4751410603308292,,False,2962640.0000000005,29092637.675,0.5235269071799162,13767994.825,118505.60000000002,116,False,monthly,monthly,0,,,,,,,,,,,,,,,,,,,,,,,,,,,,,,,,,,,,,,,,,,,,,,,,,,,,,,
2025-12-29,MO,CFFEX,CFFEX.MO2601-P-6700,P,2026-01-16,18,,-0.0225384651358474,3363.0,470.0,3.4,6700.0,7439.0,P,term_structure_t1_high_iv_pressure,,,,,,44,44,1.0,14960.0,14960.0,0.00025,MO|P,,,,,False,0,,,,,,,False,,,0.5260036901985711,,False,1783760.0,32055277.675,0.5552738887581161,10603537.825,40540.0,261,False,iv_extreme_overlay,overlay3_term_structure_cluster_cap2,0,,,,,0.0664934220057172,0.950661853188929,834.0,29.0,t3_p95_term_2d_repair_t1_no_trend_conflict_cluster_cap2,2025-12-24,0.0507536345949253,0.0613789092964749,0.0738829488143101,0.0555074696177911,0.9099639855942376,0.9362980769230768,0.950661853188929,0.9253012048192772,0.950661853188929,0.95,0.03,0.00025,,,overlay3_term_structure_cluster_cap2,overlay3_term_structure_cluster_cap2,term_structure_t1_high_iv_pressure,3.0,P,,,,,,,,,,,,,0.0507536345949253,0.0613789092964749,0.0738829488143101,0.2391581292607665,0.1884044946658411,0.243302852048038,0.181923942751563,0.2590321705054683,0.1851492216911582,0.0291427941824591,P,False,
2025-12-31,PB,SHFE,SHFE.pb2602C19400,C,2026-01-26,26,0.0025996533795493,0.0736300367992238,2208.0,1828.0,41.0,19400.0,17355.0,C,high_iv_pressure,,0.2772214371900353,0.2772214371900353,,,300,300,1.0,61500.0,61500.0,0.001,PB|C,,,,,False,0,,,,,,,False,,,0.5497452612060794,,False,1363125.0,33839037.675,0.5718904391032382,9248785.075000005,4543.75,2035,False,monthly,monthly,0,,,,,,,,,,,,,,,,,,,,,,,,,,,,,,,,,,,,,,,,,,,,,,,,,,,,,,
2025-12-31,CU,SHFE,SHFE.cu2602P84000,P,2026-01-26,26,,-0.0318449305878615,1208.0,799.0,110.0,84000.0,98240.0,P,,0.3532609850632134,,0.3532609850632134,,,27,27,1.0,14850.0,14850.0,0.00025,CU|P,,,,,False,0,,,,,,,False,,,0.5718904391032382,,False,677970.0,35202162.675,0.5829046646943886,7885660.075000003,25110.0,314,False,iv_extreme_overlay,overlay1_high_iv_pullback,0,,,,,0.2591989666994774,0.9987381703470032,1589.0,30.0,t4_p95_pullback_3d,2025-12-26,0.2593686885760671,0.2718148036692085,0.3602664901847173,0.3761068142936561,0.9697732997481108,0.982356647763075,0.9955863808322823,0.9987381703470032,0.9987381703470032,0.95,0.04,0.00025,,,overlay1_high_iv_pullback,overlay1_high_iv_pullback,,1.0,,,,,,,,,,,,,,,,,,,,,,,,,,
2025-12-31,PX,CZCE,CZCE.PX603P6500,P,2026-01-28,28,,-0.0331431860338812,2326.0,276.0,6.0,6500.0,7260.0,P,,0.2555624357496174,,0.2555624357496174,,,512,512,1.0,15360.0,15360.0,0.00025,PX|P,,,,,False,0,,,,,,,False,,,0.5829046646943886,,False,1830400.0,35880132.675,0.6126411405296639,7207690.075000003,3575.0,2016,False,iv_extreme_overlay,overlay1_high_iv_pullback,0,,,,,0.2171631369722316,0.9873150105708244,477.0,29.0,t4_p95_pullback_3d,2025-12-25,0.2326666683000622,0.2410425625229468,0.2450667654441107,0.2639542374220763,0.9159663865546218,0.943157894736842,0.9535864978902954,0.9873150105708244,0.9873150105708244,0.95,0.04,0.00025,,,overlay1_high_iv_pullback,overlay1_high_iv_pullback,,1.0,,,,,,,,,,,,,,,,,,,,,,,,,,
2025-12-31,EB,DCE,DCE.eb2602-C-9000,C,2026-01-20,20,,0.009660192007739,8179.0,2109.0,2.5,9000.0,6791.0,C,risk_reversal_t1_forced_rich_side,,,,,,1231,1231,1.0,15387.5,15387.5,0.00025,EB|C,,,,,False,0,,,,,,,False,,,0.6126411405296639,,False,4195248.0,37710532.675,0.6807966752625021,5377290.075000003,3408.0,1577,False,iv_extreme_overlay,overlay2_risk_reversal_same_sign,0,,,,,0.0841878231716382,0.976897689768977,609.0,23.0,t3_p95_rr_2d_repair_same_sign,2025-12-26,0.1070447544714031,0.1253785854681567,0.1545065698966092,0.0955051715715634,0.8980263157894737,0.9373970345963756,0.976897689768977,0.8760330578512396,0.976897689768977,0.95,0.03,0.00025,,,overlay2_risk_reversal_same_sign,overlay2_risk_reversal_same_sign,risk_reversal_t1_forced_rich_side,2.0,C,0.1070447544714031,0.1253785854681567,0.1545065698966092,0.1070447544714031,0.1253785854681567,0.1545065698966092,0.2303299330679234,0.3373746875393265,0.2317665129084117,0.3571450983765684,0.2192324210757297,0.3737389909723389,,,,,,,,,,,,,
2026-01-09,L,DCE,DCE.l2602-P-6100,P,2026-01-20,11,,-0.0185358129941859,2911.0,2257.0,2.0,6100.0,6673.0,P,term_structure_t1_high_iv_pressure,,,,,,1547,1547,1.0,15470.0,15470.0,0.00025,L|P,,,,,False,0,,,,,,,False,,,0.5985777005494743,,False,1822017.925,37061529.425,0.628004961561826,6279661.825000003,1177.775,5331,False,iv_extreme_overlay,overlay3_term_structure_cluster_cap2,0,,,,,0.1250220296166823,0.980309423347398,714.0,19.0,t3_p95_term_2d_repair_t1_no_trend_conflict_cluster_cap2,2026-01-06,0.0677472966965229,0.0958815117679959,0.127386925225563,0.0523232736769387,0.9284712482468443,0.9648876404494382,0.980309423347398,0.8915492957746479,0.980309423347398,0.95,0.03,0.00025,,,overlay3_term_structure_cluster_cap2,overlay3_term_structure_cluster_cap2,term_structure_t1_high_iv_pressure,3.0,P,,,,,,,,,,,,,0.0677472966965229,0.0958815117679959,0.127386925225563,0.2734032998217732,0.2056560031252502,0.2994481768166873,0.2035666650486913,0.2948242092716903,0.1674372840461272,0.0122286762457963,P,False,
2026-01-12,SI,GFEX,GFEX.si2603-C-12000,C,2026-02-06,25,0.0567290283645141,0.0322726070794252,3084.0,3764.0,17.0,12000.0,8755.0,C,high_iv_pressure,,0.6215662011742714,0.6215662011742714,,,728,728,1.0,61880.0,61880.0,0.001,SI|C,,,,,False,0,,,,,,,False,,,0.6282516312471899,,False,1655290.0,38883547.35,0.6549965841530146,4440626.900000006,2273.75,1952,False,monthly,monthly,0,,,,,,,,,,,,,,,,,,,,,,,,,,,,,,,,,,,,,,,,,,,,,,,,,,,,,,
2026-01-13,BR,SHFE,SHFE.br2602P11200,P,2026-01-26,13,,-0.0368050042143299,1685.0,1999.0,9.0,11200.0,12210.0,P,,0.276954994457961,,0.276954994457961,,,344,344,1.0,15480.0,15480.0,0.00025,BR|P,,,,,False,0,,,,,,,False,,,0.5527080667370797,,False,2087048.0,34243477.35,0.5863941393715077,9125591.4,6067.0,1504,False,iv_extreme_overlay,overlay1_high_iv_pullback,0,,,,,0.2927857929044525,0.9509090909090908,554.0,25.0,t4_p95_pullback_3d,2026-01-07,0.2648100600296822,0.2659322366920698,0.2772291285183149,0.2996940995710746,0.8209764918625678,0.8315217391304348,0.9019963702359348,0.9509090909090908,0.9509090909090908,0.95,0.04,0.00025,,,overlay1_high_iv_pullback,overlay1_high_iv_pullback,,1.0,,,,,,,,,,,,,,,,,,,,,,,,,,
2026-01-14,PF,CZCE,CZCE.PF603P5800,P,2026-02-11,28,0.071287779237845,-0.0152333889097819,1034.0,70.0,2.0,5800.0,6522.0,P,high_iv_pressure,0.2261527130942504,,0.2261527130942504,,,4289,6195,0.6923325262308313,42890.0,61950.0,0.001,PF|P,,,,,False,0,,,,,,,False,,,0.5864207364283919,,False,7036104.5,36330525.35,0.6999923829357585,7036576.399999999,1640.5,4289,True,monthly,monthly,0,,,,,,,,,,,,,,,,,,,,,,,,,,,,,,,,,,,,,,,,,,,,,,,,,,,,,,
2026-01-16,LC,GFEX,GFEX.lc2603-P-100000,P,2026-02-06,21,,-0.0235399452340316,11427.0,11302.0,280.0,100000.0,146200.0,P,,0.9474064744773084,,0.9474064744773084,,,55,55,1.0,15400.0,15400.0,0.00025,LC|P,,,,,False,0,,,,,,,False,,,0.6691337500500151,,False,618475.0,41473819.85,0.6791121532344563,1913132.1499999985,11245.0,170,False,iv_extreme_overlay,overlay1_high_iv_pullback,0,,,,,0.6429596128321778,0.9964601769911504,569.0,29.0,t4_p95_pullback_3d,2026-01-12,0.6615970757966383,0.7038082793186039,0.7249624274703987,0.7695360461263367,0.9806338028169014,0.9858906525573192,0.9893992932862192,0.9964601769911504,0.9964601769911504,0.95,0.04,0.00025,,,overlay1_high_iv_pullback,overlay1_high_iv_pullback,,1.0,,,,,,,,,,,,,,,,,,,,,,,,,,
2026-01-16,AU,SHFE,SHFE.au2602C1208,C,2026-01-26,10,,0.0116973190194963,6701.0,3180.0,0.28,1208.0,1030.38,C,,0.3110299631693588,0.4288540453777982,0.4288540453777982,0.3110299631693588,0.1178240822084394,15,55,0.2727272727272727,4200.0,15400.0,0.00025,AU|C,,,,,False,0,,,,,,,False,,,0.6791121532344563,,False,1240656.0000000002,42092294.85,0.6991287517731137,1294657.1499999985,82710.40000000001,15,True,iv_extreme_overlay,overlay1_high_iv_pullback,0,,,,,0.2145943345474731,0.9837092731829574,1600.0,60.0,t4_p95_pullback_3d,2026-01-12,0.2267715138925582,0.2448997008088481,0.2503554511981882,0.2551781633308269,0.9480925578486554,0.9755944931163956,0.9812147777082028,0.9837092731829574,0.9837092731829574,0.95,0.04,0.00025,,,overlay1_high_iv_pullback,overlay1_high_iv_pullback,,1.0,,,,,,,,,,,,,,,,,,,,,,,,,,
2026-01-16,M,DCE,DCE.m2603-C-3450,C,2026-02-25,40,,0.0258050985632085,4724.0,3590.0,3.0,3450.0,2722.0,C,risk_reversal_t1_forced_rich_side,,,,,,38,516,0.0736434108527131,1140.0,15480.0,0.00025,M|C,,,,,False,0,,,,,,,False,,,0.6991287517731137,,False,52858.0,43332950.85,0.6999815565518408,54001.14999999851,1391.0,38,True,iv_extreme_overlay,overlay2_risk_reversal_same_sign,0,,,,,0.3083156319951445,0.9690402476780186,1295.0,12.0,t3_p95_rr_2d_repair_same_sign,2026-01-13,0.3047741460834267,0.3148422553591562,0.3323372359319484,0.2937080981703911,0.9544049459041732,0.9636504253673628,0.9690402476780186,0.9473276529821844,0.9690402476780186,0.95,0.03,0.00025,,,overlay2_risk_reversal_same_sign,overlay2_risk_reversal_same_sign,risk_reversal_t1_forced_rich_side,2.0,C,0.3047741460834267,0.3148422553591562,0.3323372359319484,0.3047741460834267,0.3148422553591562,0.3323372359319484,0.0799735535967269,0.3847476996801536,0.0791832530780843,0.3940255084372406,0.0687128793238978,0.4010501152558463,,,,,,,,,,,,,
2026-01-20,SF,CZCE,CZCE.SF603C6500,C,2026-02-11,22,,0.0295405293797373,1983.0,1495.0,5.0,6500.0,5552.0,C,risk_reversal_t1_forced_rich_side,,,,,,621,621,1.0,15525.0,15525.0,0.00025,SF|C,,,,,False,0,,,,,,,False,,,0.5299313041585806,,False,877473.0,32920986.0,0.5440560454787203,10565198.0,1413.0,7477,False,iv_extreme_overlay,overlay2_risk_reversal_same_sign,0,,,,,0.1141131158177446,0.9521178637200736,546.0,14.0,t3_p95_rr_2d_repair_same_sign,2026-01-15,0.1078454158447081,0.1214562398241617,0.1490230084172109,0.1400482851470693,0.818348623853211,0.8768382352941176,0.9521178637200736,0.9354243542435424,0.9521178637200736,0.95,0.03,0.00025,,,overlay2_risk_reversal_same_sign,overlay2_risk_reversal_same_sign,risk_reversal_t1_forced_rich_side,2.0,C,0.1078454158447081,0.1214562398241617,0.1490230084172109,0.1078454158447081,0.1214562398241617,0.1490230084172109,0.1618766791672923,0.2697220950120004,0.1737747186221411,0.2952309584463028,0.1709568636956552,0.3199798721128661,,,,,,,,,,,,,
2026-01-20,V,DCE,DCE.v2603-P-4000,P,2026-02-25,36,,-0.0194067264816647,2594.0,794.0,3.0,4000.0,4754.0,P,term_structure_t1_high_iv_pressure,,,,,,1035,1035,1.0,15525.0,15525.0,0.00025,V|P,,,,,False,0,,,,,,,False,,,0.5440560454787203,,False,876593.25,33798459.0,0.5581666254045193,9687725.0,846.95,11438,False,iv_extreme_overlay,overlay3_term_structure_cluster_cap2,0,,,,,0.1712239975077827,0.9798590130916416,996.0,30.0,t3_p95_term_2d_repair_t1_no_trend_conflict_cluster_cap2,2026-01-12,0.1462541610636102,0.2854886014788783,0.3043303076568276,0.2197792969071317,0.9316582914572864,0.977867203219316,0.9798590130916416,0.9657258064516128,0.9798590130916416,0.95,0.03,0.00025,,,overlay3_term_structure_cluster_cap2,overlay3_term_structure_cluster_cap2,term_structure_t1_high_iv_pressure,3.0,P,,,,,,,,,,,,,0.1462541610636102,0.2854886014788783,0.3043303076568276,0.3382116775091139,0.1919575164455036,0.6302280333309697,0.3447394318520914,0.5572280169333883,0.2528977092765606,0.0294180345342145,P,False,
2026-01-27,AL,SHFE,SHFE.al2603P23000,P,2026-02-13,17,0.0597600872410033,-0.0799801124461121,4541.0,6452.0,36.0,23000.0,24295.0,P,high_iv_pressure,0.2084000734486882,,0.2084000734486882,,,345,345,1.0,62100.0,62100.0,0.001,AL|P,,,,,False,0,,,,,,,False,,,0.3659641611553706,,False,3136050.0,22782718.25,0.4163392698231566,20795053.75,9090.0,2287,False,monthly,monthly,0,,,,,,,,,,,,,,,,,,,,,,,,,,,,,,,,,,,,,,,,,,,,,,,,,,,,,,
2026-01-27,AU,SHFE,SHFE.au2603C1368,C,2026-02-13,17,0.1721633454724005,0.0704598557594478,2032.0,8248.0,3.94,1368.0,1145.86,C,high_iv_pressure,0.3852583727570802,0.5416813086449741,0.5416813086449741,0.3852583727570802,0.1564229358878938,15,15,1.0,59100.0,59100.0,0.001,AU|C,,,,,False,0,,,,,,,False,,,0.4163392698231566,,False,1434131.9999999998,25918768.25,0.4393760694098817,17659003.75,95608.8,184,False,monthly,monthly,0,,,,,,,,,,,,,,,,,,,,,,,,,,,,,,,,,,,,,,,,,,,,,,,,,,,,,,
2026-01-27,PB,SHFE,SHFE.pb2603C19600,C,2026-02-13,17,-0.0233362143474502,0.0565175714940774,5456.0,4838.0,35.0,19600.0,16950.0,C,high_iv_pressure,,0.4105431709461954,0.4105431709461954,,,355,355,1.0,62125.0,62125.0,0.001,PB|C,,,,,False,0,,,,,,,False,,,0.4393760694098817,,False,1566437.5,27352900.25,0.4645381233579357,16224871.75,4412.5,3677,False,monthly,monthly,0,,,,,,,,,,,,,,,,,,,,,,,,,,,,,,,,,,,,,,,,,,,,,,,,,,,,,,
2026-01-27,NI,SHFE,SHFE.ni2603P120000,P,2026-02-13,17,,-0.0288721246997624,3292.0,3683.0,160.0,120000.0,143420.0,P,term_structure_t1_high_iv_pressure,,,,,,97,97,1.0,15520.0,15520.0,0.00025,NI|P,,,,,False,0,,,,,,,False,,,0.4645381233579357,,False,711107.0,28919337.75,0.4759608023328958,14658434.25,7331.0,1999,False,iv_extreme_overlay,overlay3_term_structure_cluster_cap2,0,,,,,0.072723939738992,1.0,374.0,28.0,t3_p95_term_2d_repair_t1_no_trend_conflict_cluster_cap2,2026-01-23,0.0201980271565269,0.1089737652153001,0.1199505784742921,0.0588402900738679,0.8605898123324397,0.9973118279569892,1.0,0.9891891891891892,1.0,0.95,0.03,0.00025,,,overlay3_term_structure_cluster_cap2,overlay3_term_structure_cluster_cap2,term_structure_t1_high_iv_pressure,3.0,P,,,,,,,,,,,,,0.0201980271565269,0.1089737652153001,0.1199505784742921,0.506386351153846,0.4861883239973191,0.5707050152021382,0.461731249986838,0.5803776978670558,0.4604271193927637,0.0910441110946087,P,False,
2026-01-28,EB,DCE,DCE.eb2603-P-6800,P,2026-02-25,28,,-0.031927469033704,1934.0,760.0,7.5,6800.0,7783.0,P,,0.2853290537782356,,0.2853290537782356,,,414,414,1.0,15525.0,15525.0,0.00025,EB|P,,,,,False,0,,,,,,,False,,,0.4469323185756733,,False,2220282.0000000005,27800044.75,0.4826270734250098,15741293.65,5363.000000000001,2935,False,iv_extreme_overlay,overlay1_high_iv_pullback,0,,,,,0.2899534217916519,0.9786259541984732,659.0,29.0,t4_p95_pullback_3d,2026-01-22,0.2782921523305982,0.297397685467131,0.3035055099847657,0.3071210258385047,0.9407294832826748,0.9680365296803652,0.972560975609756,0.9786259541984732,0.9786259541984732,0.95,0.04,0.00025,,,overlay1_high_iv_pullback,overlay1_high_iv_pullback,,1.0,,,,,,,,,,,,,,,,,,,,,,,,,,
2026-01-29,SH,CZCE,CZCE.SH603C2560,C,2026-02-11,13,,0.0267854584944698,2526.0,419.0,2.5,2560.0,1976.0,C,risk_reversal_t1_forced_rich_side,,,,,,206,206,1.0,15450.0,15450.0,0.00025,SH|C,,,,,False,0,,,,,,,False,,,0.483507426324264,,False,626034.0000000001,30020326.75,0.4935903308393351,13441733.15,3039.0000000000005,4423,False,iv_extreme_overlay,overlay2_risk_reversal_same_sign,0,,,,,0.2984904484909613,0.9650924024640656,490.0,30.0,t3_p95_rr_2d_repair_same_sign,2026-01-26,0.2606390490850949,0.2896748606915972,0.3051563934476063,0.2701396357632667,0.9325153374233128,0.956967213114754,0.9650924024640656,0.948559670781893,0.9650924024640656,0.95,0.03,0.00025,,,overlay2_risk_reversal_same_sign,overlay2_risk_reversal_same_sign,risk_reversal_t1_forced_rich_side,2.0,C,0.2606390490850949,0.2896748606915972,0.3051563934476063,0.2606390490850949,0.2896748606915972,0.3051563934476063,0.2895738169775603,0.5502128660626552,0.2628964061401997,0.552571266831797,0.2994975255838348,0.6046539190314412,,,,,,,,,,,,,
2026-01-29,BR,SHFE,SHFE.br2603P11600,P,2026-02-13,15,,-0.020816114424253,2167.0,1582.0,10.0,11600.0,13890.0,P,term_structure_t1_high_iv_pressure,,,,,,310,310,1.0,15500.0,15500.0,0.00025,BR|P,,,,,False,0,,,,,,,False,,,0.4935903308393351,,False,1522565.0,30646360.75,0.5181127649451333,12815699.15,4911.5,2609,False,iv_extreme_overlay,overlay3_term_structure_cluster_cap2,0,,,,,0.0165256110736115,1.0,493.0,27.0,t3_p95_term_2d_repair_t1_no_trend_conflict_cluster_cap2,2026-01-26,0.0131355496772888,0.0537603508034093,0.125529684585347,0.0461834014690968,0.6138211382113821,0.9490835030549898,1.0,0.9263803680981596,1.0,0.95,0.03,0.00025,,,overlay3_term_structure_cluster_cap2,overlay3_term_structure_cluster_cap2,term_structure_t1_high_iv_pressure,3.0,P,,,,,,,,,,,,,0.0131355496772888,0.0537603508034093,0.125529684585347,0.3985545191433061,0.3854189694660172,0.4445890410603479,0.3908286902569386,0.5567475960654826,0.4312179114801355,0.139686684073107,P,False,
2026-01-30,RM,CZCE,CZCE.RM603C2700,C,2026-02-11,12,,0.0276242961942618,2316.0,1805.0,2.0,2700.0,2283.0,C,risk_reversal_t1_forced_rich_side,,,,,,777,777,1.0,15540.0,15540.0,0.00025,RM|C,,,,,False,0,,,,,,,False,,,0.517429691309828,,False,902485.5,32168925.75,0.5319459607465404,11350509.65,1161.5,9772,False,iv_extreme_overlay,overlay2_risk_reversal_same_sign,0,,,,,0.263051703277977,0.9620349278663628,1320.0,40.0,t3_p95_rr_2d_repair_same_sign,2026-01-27,0.2433131224927403,0.2549537424534913,0.2904659135568685,0.2643671299556069,0.9423805913570888,0.9522003034901366,0.9620349278663628,0.9551671732522796,0.9620349278663628,0.95,0.03,0.00025,,,overlay2_risk_reversal_same_sign,overlay2_risk_reversal_same_sign,risk_reversal_t1_forced_rich_side,2.0,C,0.2433131224927403,0.2549537424534913,0.2904659135568685,0.2433131224927403,0.2549537424534913,0.2904659135568685,0.1742882640997555,0.4176013865924959,0.1530685148746369,0.4080222573281282,0.1473213137580665,0.4377872273149351,,,,,,,,,,,,,
2026-02-02,AU,SHFE,SHFE.au2603C1528,C,2026-02-13,11,,0.0217315279794333,5177.0,18433.0,1.44,1528.0,1038.72,C,risk_reversal_t1_forced_rich_side,,,,,,10,10,1.0,14400.0,14400.0,0.00025,AU|C,,,,,False,0,,,,,,,False,,,0.4998491751766459,,False,845375.9999999999,30837739.25,0.51355188187925,12348122.699999996,84537.59999999999,146,False,iv_extreme_overlay,overlay2_risk_reversal_same_sign,0,,,,,0.0912689090325544,1.0,1610.0,84.0,t3_p95_rr_2d_repair_same_sign,2026-01-29,0.198107432841378,0.2036536449103801,0.229141289397039,0.087519858061034,0.9987569919204476,0.9993781094527364,1.0,0.960772104607721,1.0,0.95,0.03,0.00025,,,overlay2_risk_reversal_same_sign,overlay2_risk_reversal_same_sign,risk_reversal_t1_forced_rich_side,2.0,C,0.198107432841378,0.2036536449103801,0.229141289397039,0.198107432841378,0.2036536449103801,0.229141289397039,0.6023598063243191,0.8004672391656971,0.5017051887243892,0.7053588336347694,0.4672871943147823,0.6964284837118213,,,,,,,,,,,,,
2026-02-03,ZN,SHFE,SHFE.zn2603C29000,C,2026-02-13,10,,0.0273035594952144,1121.0,1710.0,20.0,29000.0,24805.0,C,risk_reversal_t1_forced_rich_side,,,,,,155,155,1.0,15500.0,15500.0,0.00025,ZN|C,,,,,False,0,,,,,,,False,,,0.5101266772941732,,False,976693.75,31683115.25,0.5258523259082717,11792714.699999996,6301.25,1871,False,iv_extreme_overlay,overlay2_risk_reversal_same_sign,0,,,,,0.1215053562469081,0.9961685823754788,1569.0,27.0,t3_p95_rr_2d_repair_same_sign,2026-01-30,0.0612022092937281,0.1840522765249413,0.1968130218344446,0.1483773620120286,0.8322704081632653,0.9948947032546268,0.9961685823754788,0.9865814696485624,0.9961685823754788,0.95,0.03,0.00025,,,overlay2_risk_reversal_same_sign,overlay2_risk_reversal_same_sign,risk_reversal_t1_forced_rich_side,2.0,C,0.0612022092937281,0.1840522765249413,0.1968130218344446,0.0612022092937281,0.1840522765249413,0.1968130218344446,0.4340169077107086,0.4952191170044367,0.2916163855632353,0.4756686620881767,0.2832497671072487,0.4800627889416933,,,,,,,,,,,,,
2026-02-05,EG,DCE,DCE.eg2603-C-4800,C,2026-02-25,20,,0.0168653382132611,1009.0,368.0,2.5,4800.0,3735.0,C,risk_reversal_t1_forced_rich_side,,,,,,621,621,1.0,15525.0,15525.0,0.00025,EG|C,,,,,False,0,,,,,,,False,,,0.5255247842582234,,False,2334960.0,32659809.0,0.5630963251772649,10843117.949999996,3760.0,2883,False,iv_extreme_overlay,overlay2_risk_reversal_same_sign,0,,,,,0.0590678945169963,1.0,612.0,30.0,t3_p95_rr_2d_repair_same_sign,2026-02-02,0.1024971023842079,0.1090613144314455,0.1594182740309301,0.1395650778567466,0.9787234042553192,0.981967213114754,1.0,0.9983552631578948,1.0,0.95,0.03,0.00025,,,overlay2_risk_reversal_same_sign,overlay2_risk_reversal_same_sign,risk_reversal_t1_forced_rich_side,2.0,C,0.1024971023842079,0.1090613144314455,0.1594182740309301,0.1024971023842079,0.1090613144314455,0.1594182740309301,0.2929804411914574,0.3954775435756653,0.2725239789444896,0.3815852933759351,0.2577292961228165,0.4171475701537466,,,,,,,,,,,,,
2026-02-11,LH,DCE,DCE.lh2603-P-10000,P,2026-02-25,14,,-0.0330934746257,1040.0,755.0,12.5,10000.0,11555.0,P,,0.4129222642399178,0.2922975123032653,0.4129222642399178,0.2922975123032653,0.1206247519366525,78,78,1.0,15600.0,15600.0,0.00025,LH|P,,,,,False,0,,,,,,,False,,,0.3231521883952503,,False,736632.0,20166042.0,0.3349564007856623,23516872.45,9444.0,2490,False,iv_extreme_overlay,overlay1_high_iv_pullback,0,,,,,0.2149745223579814,0.9702380952380952,340.0,21.0,t4_p95_pullback_3d,2026-02-05,0.2225387730329125,0.233510560604048,0.2349463965905504,0.2509302702590517,0.8230088495575221,0.9023668639053254,0.913946587537092,0.9702380952380952,0.9702380952380952,0.95,0.04,0.00025,,,overlay1_high_iv_pullback,overlay1_high_iv_pullback,,1.0,,,,,,,,,,,,,,,,,,,,,,,,,,
2026-02-11,LC,GFEX,GFEX.lc2604-P-100000,P,2026-03-06,23,,-0.0182903693838978,3826.0,4070.0,220.0,100000.0,150260.0,P,,0.8186267920733192,,0.8186267920733192,,,70,70,1.0,15400.0,15400.0,0.00025,LC|P,,,,,False,0,,,,,,,False,,,0.3349564007856623,,False,804265.0,20902674.0,0.3478444030421143,22780240.45,11489.5,1982,False,iv_extreme_overlay,overlay1_high_iv_pullback,0,,,,,0.599340432235083,0.9554030874785592,587.0,28.0,t4_p95_pullback_3d,2026-02-05,0.5796154907907953,0.6025133474410502,0.6230538697831386,0.6347824562998647,0.9300341296928328,0.9452991452991452,0.9537671232876712,0.9554030874785592,0.9554030874785592,0.95,0.04,0.00025,,,overlay1_high_iv_pullback,overlay1_high_iv_pullback,,1.0,,,,,,,,,,,,,,,,,,,,,,,,,,
2026-02-12,PK,CZCE,CZCE.PK604C8400,C,2026-03-11,27,0.0140377743746809,0.0737064007767011,1670.0,590.0,9.5,8400.0,7946.0,C,high_iv_pressure,,0.1478870510018346,0.1478870510018346,,,1314,1314,1.0,62415.0,62415.0,0.001,PK|C,,,,,False,0,,,,,,,False,,,0.3477475528941382,,False,3791547.0,21706939.0,0.4084885533149304,21988141.45,2885.5,7620,False,monthly,monthly,0,,,,,,,,,,,,,,,,,,,,,,,,,,,,,,,,,,,,,,,,,,,,,,,,,,,,,,
2026-02-12,SR,CZCE,CZCE.SR605MSC5800,C,2026-03-11,27,-0.0056872037914691,0.0292127213044594,1538.0,390.0,3.0,5800.0,5245.0,C,high_iv_pressure,0.1315911864589665,0.1899462131669708,0.1899462131669708,0.1315911864589665,0.0583550267080043,2080,2080,1.0,62400.0,62400.0,0.001,SR|C,,,,,False,0,,,,,,,False,,,0.4084885533149304,,False,5517200.0,25498486.0,0.4968747048044398,18196594.45,2652.5,6860,False,monthly,monthly,0,,,,,,,,,,,,,,,,,,,,,,,,,,,,,,,,,,,,,,,,,,,,,,,,,,,,,,
2026-02-12,SI,GFEX,GFEX.si2604-C-11000,C,2026-03-06,22,-0.04524627720504,0.0120678992612303,1050.0,1008.0,4.0,11000.0,8335.0,C,high_iv_pressure,,0.4860919740305694,0.4860919740305694,,,3121,3121,1.0,62420.0,62420.0,0.001,SI|C,,,,,False,0,,,,,,,False,,,0.4968747048044398,,False,6565803.75,31015686.0,0.6020596038289249,12679394.449999996,2103.75,6027,False,monthly,monthly,0,,,,,,,,,,,,,,,,,,,,,,,,,,,,,,,,,,,,,,,,,,,,,,,,,,,,,,
2026-02-13,AG,SHFE,SHFE.ag2604P10000,P,2026-03-25,40,,-0.0243015483017748,7542.0,6438.0,80.0,10000.0,19782.0,P,,1.3215451180378737,,1.3215451180378737,,,13,13,1.0,15600.0,15600.0,0.00025,AG|P,,,,,False,0,,,,,,,False,,,0.4745893029785746,,False,324199.19999999995,29622800.5,0.4797833248049111,14069630.449999996,24938.4,564,False,iv_extreme_overlay,overlay1_high_iv_pullback,0,,,,,0.8574439300681513,0.9877777777777778,904.0,63.0,t4_p95_pullback_3d,2026-02-09,0.7718484523707055,0.7867524002080695,0.849346166749755,0.8710976427497027,0.9778516057585824,0.9800443458980044,0.9855715871254164,0.9877777777777778,0.9877777777777778,0.95,0.04,0.00025,,,overlay1_high_iv_pullback,overlay1_high_iv_pullback,,1.0,,,,,,,,,,,,,,,,,,,,,,,,,,
2026-02-26,IO,CFFEX,CFFEX.IO2603-P-4300,P,2026-03-20,22,,-0.0285463714675791,1424.0,236.0,2.6,4300.0,4712.2,P,risk_reversal_t1_forced_rich_side,,,,,,60,60,1.0,15600.0,15600.0,0.00025,IO|P,,,,,False,0,,,,,,,False,,,0.271388857633717,,False,1563600.0000000002,17003014.95,0.2963458207984222,26853282.5,26060.000000000004,1030,False,iv_extreme_overlay,overlay2_risk_reversal_same_sign,0,,,,,0.0232883278582888,0.9618768328445748,1367.0,20.0,t3_p95_rr_2d_repair_same_sign,2026-02-13,0.0306159067924502,0.0662040815144709,0.0688739715924499,0.026363765581023,0.7005856515373353,0.9545787545787546,0.9618768328445748,0.6280264123257521,0.9618768328445748,0.95,0.03,0.00025,,,overlay2_risk_reversal_same_sign,overlay2_risk_reversal_same_sign,risk_reversal_t1_forced_rich_side,2.0,P,-0.0306159067924502,-0.0662040815144709,-0.0688739715924499,0.0306159067924502,0.0662040815144709,0.0688739715924499,0.2107762038813053,0.1801602970888551,0.238519645972984,0.1723155644585131,0.2213502626392386,0.1524762910467887,,,,,,,,,,,,,
2026-02-26,JD,DCE,DCE.jd2604-P-2900,P,2026-03-17,19,,-0.0218194246480337,1372.0,632.0,1.5,2900.0,3239.0,P,term_structure_t1_high_iv_pressure,,,,,,1044,1044,1.0,15660.0,15660.0,0.00025,JD|P,,,,,False,0,,,,,,,False,,,0.2963458207984222,,False,5009112.000000001,18566614.95,0.3762973580661903,25289682.5,4798.000000000001,5270,False,iv_extreme_overlay,overlay3_term_structure_cluster_cap2,0,,,,,-0.0418893718701531,1.0,304.0,22.0,t3_p95_term_2d_repair_t1_no_trend_conflict_cluster_cap2,2026-02-13,0.0635476825613664,0.1005365850405669,0.824518021612061,0.5318984943971419,0.6039603960396039,0.7582781456953642,1.0,0.9966666666666668,1.0,0.95,0.03,0.00025,,,overlay3_term_structure_cluster_cap2,overlay3_term_structure_cluster_cap2,term_structure_t1_high_iv_pressure,3.0,P,,,,,,,,,,,,,0.0635476825613664,0.1005365850405669,0.824518021612061,0.1828688383624575,0.119321155801091,0.226483171299069,0.125946586258502,1.0438865561502912,0.2193685345382302,0.0796167822926989,P,False,
2026-02-27,AU,SHFE,SHFE.au2604P904,P,2026-03-25,26,,-0.0161187640636423,1831.0,809.0,0.84,904.0,1160.34,P,,0.6602232433318815,0.5392693432762361,0.6602232433318815,0.5392693432762361,0.1209539000556454,18,18,1.0,15120.0,15120.0,0.00025,AU|P,,,,,False,0,,,,,,,False,,,0.3762782594314629,,False,1686009.6,23575726.95,0.403187663286462,20282796.5,93667.2,216,False,iv_extreme_overlay,overlay1_high_iv_pullback,0,,,,,0.3101490657044911,0.9926108374384236,1628.0,113.0,t4_p95_pullback_3d,2026-02-13,0.2869376542866487,0.3088151221642216,0.3181948071887852,0.3265223413990133,0.9803318992009834,0.9870848708487084,0.992,0.9926108374384236,0.9926108374384236,0.95,0.04,0.00025,,,overlay1_high_iv_pullback,overlay1_high_iv_pullback,,1.0,,,,,,,,,,,,,,,,,,,,,,,,,,
2026-02-27,AP,CZCE,CZCE.AP605P7300,P,2026-03-27,28,,-0.012591938745763,4073.0,1186.0,6.0,7300.0,9760.0,P,risk_reversal_t1_forced_rich_side,,,,,,261,261,1.0,15660.0,15660.0,0.00025,AP|P,,,,,False,0,,,,,,,False,,,0.403187663286462,,False,1289340.0,25261736.55,0.4237660578379549,18596786.899999995,4940.0,3764,False,iv_extreme_overlay,overlay2_risk_reversal_same_sign,0,,,,,0.1008859101790065,0.9541284403669724,439.0,24.0,t3_p95_rr_2d_repair_same_sign,2026-02-24,0.0504476437750489,0.1153121681557795,0.1290804801749172,0.1044480063924228,0.6986301369863014,0.9382151029748284,0.9541284403669724,0.9310344827586208,0.9541284403669724,0.95,0.03,0.00025,,,overlay2_risk_reversal_same_sign,overlay2_risk_reversal_same_sign,risk_reversal_t1_forced_rich_side,2.0,P,-0.0504476437750489,-0.1153121681557795,-0.1290804801749172,0.0504476437750489,0.1153121681557795,0.1290804801749172,0.3665207636895751,0.3160731199145261,0.4145894502236193,0.2992772820678399,0.4395833254272727,0.3105028452523555,,,,,,,,,,,,,
2026-02-28,SN,SHFE,SHFE.sn2604P280000,P,2026-03-25,25,,-0.0067012973000301,1948.0,243.0,218.0,280000.0,455610.0,P,term_structure_t1_high_iv_pressure,,,,,,71,71,1.0,15478.0,15478.0,0.00025,SN|P,,,,,False,0,,,,,,,False,,,0.4237737683452984,,False,2118118.15,26551076.55,0.4575804167701086,17306648.899999995,29832.65,580,False,iv_extreme_overlay,overlay3_term_structure_cluster_cap2,0,,,,,0.0598259601184721,0.9614243323442137,340.0,36.0,t3_p95_term_2d_repair_t1_no_trend_conflict_cluster_cap2,2026-02-25,0.0419724307834241,0.0668738059758161,0.0953302023509564,0.0016358846283298,0.8289085545722714,0.9230769230769232,0.9614243323442137,0.2916666666666667,0.9614243323442137,0.95,0.03,0.00025,,,overlay3_term_structure_cluster_cap2,overlay3_term_structure_cluster_cap2,term_structure_t1_high_iv_pressure,3.0,P,,,,,,,,,,,,,0.0419724307834241,0.0668738059758161,0.0953302023509564,0.6032112758185654,0.5612388450351412,0.5734972067196941,0.5066234007438779,0.5822797163439123,0.4869495139929559,0.0606697459584295,P,False,
2026-03-02,BR,SHFE,SHFE.br2604P11000,P,2026-03-25,23,,-0.0217841488363053,1424.0,1141.0,11.0,11000.0,13340.0,P,,0.3927817888222356,,0.3927817888222356,,,284,284,1.0,15620.0,15620.0,0.00025,BR|P,,,,,False,0,,,,,,,False,,,0.4578194874526151,,False,1341616.0,28669194.7,0.4792438056417209,15165628.499999996,4724.0,3210,False,iv_extreme_overlay,overlay1_high_iv_pullback,0,,,,,0.3405192201763237,0.9584775086505192,582.0,36.0,t4_p95_pullback_3d,2026-02-24,0.2642705107464343,0.2672377902759206,0.3081754146377932,0.3332869104817378,0.7848537005163512,0.8155172413793104,0.932642487046632,0.9584775086505192,0.9584775086505192,0.95,0.04,0.00025,,,overlay1_high_iv_pullback,overlay1_high_iv_pullback,,1.0,,,,,,,,,,,,,,,,,,,,,,,,,,
2026-03-04,CU,SHFE,SHFE.cu2604P80000,P,2026-03-25,21,,-0.0165528322699799,1257.0,1121.0,72.0,80000.0,101430.0,P,,0.479571758770913,0.4522127762452185,0.479571758770913,0.4522127762452185,0.0273589825256945,43,43,1.0,15480.0,15480.0,0.00025,CU|P,,,,,False,0,,,,,,,False,,,0.4798876300151929,,False,1105852.5,30010810.7,0.4975707556287032,13765203.05,25717.5,535,False,iv_extreme_overlay,overlay1_high_iv_pullback,0,,,,,0.2683599931016213,0.9723587223587224,1632.0,30.0,t4_p95_pullback_3d,2026-02-27,0.264655537288003,0.2689329765485224,0.2821913354676141,0.2837733103613584,0.9570815450643776,0.9613496932515336,0.9705340699815838,0.9723587223587224,0.9723587223587224,0.95,0.04,0.00025,,,overlay1_high_iv_pullback,overlay1_high_iv_pullback,,1.0,,,,,,,,,,,,,,,,,,,,,,,,,,
2026-03-13,AL,SHFE,SHFE.al2604C29000,C,2026-03-25,12,,0.0322036562424078,11931.0,10359.0,24.0,29000.0,24995.0,C,,0.3521415631085125,0.4321006750152423,0.4321006750152423,0.3521415631085125,0.0799591119067298,130,130,1.0,15600.0,15600.0,0.00025,AL|C,,,,,False,0,,,,,,,False,,,0.2302516746927611,,False,827937.5,14437847.45,0.2434554432307046,29455397.749999996,6368.75,4624,False,iv_extreme_overlay,overlay1_high_iv_pullback,0,,,,,0.2460284272518048,0.993125,1604.0,55.0,t4_p95_pullback_3d,2026-03-09,0.2683850931416147,0.2912396420808041,0.292024829372787,0.324530890699599,0.9401122894572675,0.972534332084894,0.9731417863835105,0.993125,0.993125,0.95,0.04,0.00025,,,overlay1_high_iv_pullback,overlay1_high_iv_pullback,,1.0,,,,,,,,,,,,,,,,,,,,,,,,,,
2026-03-13,ZN,SHFE,SHFE.zn2604C28000,C,2026-03-25,12,,0.0194970604112641,1989.0,942.0,12.0,28000.0,24080.0,C,risk_reversal_t1_forced_rich_side,,,,,,261,261,1.0,15660.0,15660.0,0.00025,ZN|C,,,,,False,0,,,,,,,False,,,0.2434554432307046,,False,1586880.0,15265784.95,0.268762662939308,28627460.249999996,6080.0,4708,False,iv_extreme_overlay,overlay2_risk_reversal_same_sign,0,,,,,0.0685236371385635,0.9905719673161534,1594.0,27.0,t3_p95_rr_2d_repair_same_sign,2026-03-10,0.1185805615536107,0.1488013979545163,0.155438350944134,0.1429977966205486,0.9522912743251726,0.984924623115578,0.9905719673161534,0.979245283018868,0.9905719673161534,0.95,0.03,0.00025,,,overlay2_risk_reversal_same_sign,overlay2_risk_reversal_same_sign,risk_reversal_t1_forced_rich_side,2.0,C,0.1185805615536107,0.1488013979545163,0.155438350944134,0.1185805615536107,0.1488013979545163,0.155438350944134,0.2284329622248941,0.3470135237785049,0.2320416059227786,0.3808430038772949,0.2327471525316534,0.3881855034757874,,,,,,,,,,,,,
2026-03-16,CJ,CZCE,CZCE.CJ605C11000,C,2026-03-27,11,,0.0251314468938076,1313.0,189.0,8.0,11000.0,9070.0,C,risk_reversal_t1_forced_rich_side,,,,,,392,392,1.0,15680.0,15680.0,0.00025,CJ|C,,,,,False,0,,,,,,,False,,,0.2685336425183204,,False,1348970.0,16852664.950000003,0.2900283929819816,27078014.849999998,3441.25,7868,False,iv_extreme_overlay,overlay2_risk_reversal_same_sign,0,,,,,0.226453553673536,0.9638888888888888,363.0,30.0,t3_p95_rr_2d_repair_same_sign,2026-03-11,0.2498460198304961,0.2528029611528718,0.2984005415206683,0.254354802921813,0.9530386740331492,0.9556786703601108,0.9638888888888888,0.9610027855153204,0.9638888888888888,0.95,0.03,0.00025,,,overlay2_risk_reversal_same_sign,overlay2_risk_reversal_same_sign,risk_reversal_t1_forced_rich_side,2.0,C,0.2498460198304961,0.2528029611528718,0.2984005415206683,0.2498460198304961,0.2528029611528718,0.2984005415206683,0.2832595783347055,0.5331055981652016,0.2664863481216414,0.5192893092745132,0.2894846809978317,0.5878852225185001,,,,,,,,,,,,,
2026-03-17,PX,CZCE,CZCE.PX605P8000,P,2026-03-27,10,,-0.0257716640161633,19375.0,23083.0,12.5,8000.0,10060.0,P,,0.8627885645967766,,0.8627885645967766,,,251,251,1.0,15687.5,15687.5,0.00025,PX|P,,,,,False,0,,,,,,,False,,,0.2101047868030184,,False,962585.0,13192522.95,0.2254349641293184,30760621.6,3835.0,8021,False,iv_extreme_overlay,overlay1_high_iv_pullback,0,,,,,0.6949352509362512,1.0,523.0,20.0,t4_p95_pullback_3d,2026-03-11,0.6537710339208361,0.9446052053436692,1.1077801290132876,1.1158145558222394,0.9904214559386972,0.9961612284069098,0.9980769230769232,1.0,1.0,0.95,0.04,0.00025,,,overlay1_high_iv_pullback,overlay1_high_iv_pullback,,1.0,,,,,,,,,,,,,,,,,,,,,,,,,,
