entry_date,product,exchange,contract_code,option_type,target_expiry,dte,trend_20d,delta,close_oi,volume,entry_price,strike,spot_close,sell_side,side_rule,put_iv_pressure,call_iv_pressure,selected_side_iv_pressure,other_side_iv_pressure,side_iv_pressure_diff,qty,target_qty,qty_fill_ratio,premium_cash,target_premium_cash,target_premium_pct,budget_group,current_group_premium_cash_before,group_premium_budget_cash,group_premium_cap_cash,portfolio_group_premium_cap_pct_nav,capped_by_group_premium,corr_peer_count,corr_peer_products,current_corr_premium_cash_before,corr_premium_budget_cash,corr_premium_cap_cash,portfolio_corr_premium_cap_pct_nav,portfolio_corr_threshold,capped_by_corr_premium,portfolio_group_margin_trigger_pct_nav,portfolio_group_new_trade_cap_after_trigger_pct_nav,group_margin_trigger_margin_pct,group_margin_trigger_budget_cash,capped_by_group_margin_trigger,margin_cash,current_margin_cash_before,post_open_margin_pct_nav,margin_budget_cash,one_lot_margin_cash,max_qty_by_margin,capped_by_margin,entry_reason,reentry_count,trigger_contract_code,trigger_entry_price,trigger_last_price,trigger_decay_ratio,overlay_atm_iv,overlay_iv_percentile,overlay_iv_prior_days,overlay_atm_option_obs,overlay_signal_rule,overlay_trigger_trade_date,overlay_atm_iv_lag1,overlay_atm_iv_lag2,overlay_atm_iv_lag3,overlay_atm_iv_lag4,overlay_iv_percentile_lag1,overlay_iv_percentile_lag2,overlay_iv_percentile_lag3,overlay_iv_percentile_lag4,strategy_layer,overlay_trigger_iv_percentile,overlay_tier_threshold,overlay_tier_max_abs_delta,overlay_tier_target_premium_pct,overlay_iv_pullback_pct,overlay_entry_iv_rebound_pct,overlay_strategy,overlay_signal_family,overlay_side_rule,overlay_priority,forced_sell_side,risk_reversal_lag1,risk_reversal_lag2,risk_reversal_lag3,abs_risk_reversal_lag1,abs_risk_reversal_lag2,abs_risk_reversal_lag3,put_iv_lag1,call_iv_lag1,put_iv_lag2,call_iv_lag2,put_iv_lag3,call_iv_lag3,term_spread_lag1,term_spread_lag2,term_spread_lag3,near_atm_iv_lag1,next_atm_iv_lag1,near_atm_iv_lag2,next_atm_iv_lag2,near_atm_iv_lag3,next_atm_iv_lag3,t1_trend_20d,t1_side,t1_trend_conflict,t1_side_skip_reason
2022-01-07,TA,CZCE,CZCE.TA203P4400,P,2022-02-09,33,,-0.0344360929864065,4224,1094,7.0,4400.0,5210.0,P,l4_diff02_delta04_l3eff015,0.2981958748201329,0.2947204590719074,0.2981958748201329,0.2947204590719074,0.0034754157482254,1071,1071,1.0,37485.0,37500.0,0.00075,CHEM|P,,,,,False,,,,,,,,False,0.45,0.00075,0.0,,False,1432462.5,0.0,0.02864925,35000000.0,1337.5,26168,False,monthly,0.0,,,,,,,,,,,,,,,,,,,,,,,,,,,,,,,,,,,,,,,,,,,,,,,,,,,,,,,
2022-02-10,CF,CZCE,CZCE.CF205P19000,P,2022-04-07,56,,-0.0686817022310181,2542,875,65.0,19000.0,21775.0,P,l4_diff02_delta04_l3eff015,0.2906041989975939,,0.2906041989975939,,,153,153,1.0,49725.0,50000.0,0.001,SOFT|P,,,,,False,,,,,,,,False,0.45,0.00075,0.0,,False,882618.75,0.0,0.017652375,35000000.0,5768.75,6067,False,monthly,0.0,,,,,,,,,,,,,,,,,,,,,,,,,,,,,,,,,,,,,,,,,,,,,,,,,,,,,,,
2022-02-10,RM,CZCE,CZCE.RM205P2900,P,2022-04-07,56,,-0.0731739179989846,2120,888,17.0,2900.0,3518.0,P,l4_diff02_delta04_l3eff015,0.3944622016828256,,0.3944622016828256,,,441,441,1.0,74970.0,75000.0,0.0015,AGRI|P,,,,,False,,,,,,,,False,0.45,0.00075,0.0,,False,850689.0,0.0,0.01701378,35000000.0,1929.0,18144,False,monthly,0.0,,,,,,,,,,,,,,,,,,,,,,,,,,,,,,,,,,,,,,,,,,,,,,,,,,,,,,,
2022-02-10,TA,CZCE,CZCE.TA204P5000,P,2022-03-03,21,,-0.0558638368478645,1991,3157,13.0,5000.0,5760.0,P,l4_diff02_delta04_l3eff015,0.4259237532700509,,0.4259237532700509,,,1153,1153,1.0,74945.0,75000.0,0.0015,CHEM|P,,,,,False,,,,,,,,False,0.45,0.00075,0.0,,False,1735265.0,0.0,0.0347053,35000000.0,1505.0,23255,False,monthly,0.0,,,,,,,,,,,,,,,,,,,,,,,,,,,,,,,,,,,,,,,,,,,,,,,,,,,,,,,
2022-02-17,CF,CZCE,CZCE.CF205P16000,P,2022-04-07,49,,-0.0187141116281195,1171,10,21.0,16000.0,21155.0,P,risk_reversal_lag1_positive_sell_call_else_sell_put,,,,,,119,119,1.0,12495.0,12500.0,0.00025,SOFT|P,,,,,False,,,,,,,,False,,,,,False,641856.25,0.0,0.012837125,35000000.0,5393.75,6488,False,iv_extreme_overlay,,,,,,,,,,t3_p95_rr_2d_repair_same_sign,,,,,,,,,,overlay2_risk_reversal_same_sign,0.9906832298136646,,,,,,risk_reversal_sidecar,risk_reversal_repair,risk_reversal_lag1_positive_sell_call_else_sell_put,2.0,P,-0.1146119790596164,-0.1156241487312849,-0.1194456644069858,0.1146119790596164,0.1156241487312849,0.1194456644069858,0.2996941142218093,0.1850821351621929,0.3043086247554966,0.1886844760242116,0.3150676327139592,0.1956219683069734,,,,,,,,,,,,,
2022-02-23,AL,SHFE,SHFE.al2204P20000,P,2022-03-25,30,,-0.0326980589771298,2088,453,21.0,20000.0,22710.0,P,l4_diff02_delta04_l3eff015,0.2453401444039257,,0.2453401444039257,,,476,476,1.0,49980.0,50000.0,0.001,METAL|P,,,,,False,,,,,,,,False,0.45,0.00075,0.0,,False,2752470.0,0.0,0.0550494,35000000.0,5782.5,6052,False,monthly,0.0,,,,,,,,,,,,,,,,,,,,,,,,,,,,,,,,,,,,,,,,,,,,,,,,,,,,,,,
2022-02-23,AU,SHFE,SHFE.au2204C424,C,2022-03-25,30,,0.0662738162698118,2894,1722,0.64,424.0,387.88,C,l4_diff02_delta04_l3eff015,,0.2026768296994874,0.2026768296994874,,,78,78,1.0,49920.0,50000.0,0.001,METAL|C,,,,,False,,,,,,,,False,0.45,0.00075,0.0,,False,3481982.4000000004,0.0,0.069639648,35000000.0,44640.8,784,False,monthly,0.0,,,,,,,,,,,,,,,,,,,,,,,,,,,,,,,,,,,,,,,,,,,,,,,,,,,,,,,
2022-02-23,CU,SHFE,SHFE.cu2204P62000,P,2022-03-25,30,,-0.0278602092028304,1881,1145,54.0,62000.0,70680.0,P,l4_diff02_delta04_l3eff015,0.2434142125231226,0.218408629969147,0.2434142125231226,0.218408629969147,0.0250055825539755,185,185,1.0,49950.0,50000.0,0.001,METAL|P,,,,,False,,,,,,,,False,0.45,0.00075,0.0,,False,3318900.0,0.0,0.066378,35000000.0,17940.0,1950,False,monthly,0.0,,,,,,,,,,,,,,,,,,,,,,,,,,,,,,,,,,,,,,,,,,,,,,,,,,,,,,,
2022-02-25,RM,CZCE,CZCE.RM205P2650,P,2022-04-07,41,,-0.0262482206549034,1255,200,5.5,2650.0,3500.0,P,risk_reversal_lag1_positive_sell_call_else_sell_put,,,,,,227,227,1.0,12485.0,12500.0,0.00025,AGRI|P,,,,,False,,,,,,,,False,,,,,False,409735.0,0.0,0.0081947,35000000.0,1805.0,19390,False,iv_extreme_overlay,,,,,,,,,,t3_p95_rr_2d_repair_same_sign,,,,,,,,,,overlay2_risk_reversal_same_sign,0.963963963963964,,,,,,risk_reversal_sidecar,risk_reversal_repair,risk_reversal_lag1_positive_sell_call_else_sell_put,2.0,P,-0.0894792055672661,-0.1040838903333193,-0.1099397738344897,0.0894792055672661,0.1040838903333193,0.1099397738344897,0.3991080868375409,0.3096288812702747,0.3848458174515945,0.2807619271182752,0.3811570498781533,0.2712172760436636,,,,,,,,,,,,,
2022-03-04,MA,CZCE,CZCE.MA205P2600,P,2022-04-07,34,,-0.0670319858703106,3529,2184,11.0,2600.0,3073.0,P,l4_diff02_delta04_l3eff015,0.3976893418541707,,0.3976893418541707,,,681,681,1.0,74910.0,75000.0,0.0015,CHEM|P,,,,,False,,,,,,,,False,0.45,0.00075,0.0,,False,1121266.5,0.0,0.02242533,35000000.0,1646.5,21257,False,monthly,0.0,,,,,,,,,,,,,,,,,,,,,,,,,,,,,,,,,,,,,,,,,,,,,,,,,,,,,,,
2022-03-11,V,DCE,DCE.v2205-P-7000,P,2022-04-11,31,,-0.0146139273537489,1274,18,6.5,7000.0,9226.0,P,higher_iv_pressure,0.4480863141577319,,0.4480863141577319,,,384,384,1.0,12480.0,12500.0,0.00025,CHEM|P,,,,,False,,,,,,,,False,,,,,False,632467.2000000001,0.0,0.012649344,35000000.0,1647.0500000000002,21250,False,iv_extreme_overlay,,,,,,0.3377353918225507,0.89,400.0,54.0,t4_p90_pullback_3d_lag1_ivpct_lt95_trend15,2022-03-11,0.3353275477240919,0.3431815515489713,0.3532268991838144,0.3680716871212151,0.8847117794486216,0.8969849246231156,0.9143576826196472,0.9267676767676768,,0.9267676767676768,0.9,0.04,0.00025,,,iv_pullback_sidecar,iv_extreme_pullback,higher_iv_pressure,1.0,,,,,,,,,,,,,,,,,,,,,,,-0.0271179314694135,,,
2022-03-11,TA,CZCE,CZCE.TA205P4600,P,2022-04-07,27,,-0.0258515564111978,1535,99,9.0,4600.0,6030.0,P,term_structure_t1_high_iv_pressure,,,,,,277,277,1.0,12465.0,12500.0,0.00025,CHEM|P,,,,,False,,,,,,,,False,,,,,False,430042.5,0.0,0.00860085,35000000.0,1552.5,22544,False,iv_extreme_overlay,,,,,,,,,,t3_p95_term_2d_repair_t1_no_trend_conflict_cluster_cap2,,,,,,,,,,overlay3_term_structure_cluster_cap2,1.0,,,,,,term_structure_sidecar,term_structure_repair,term_structure_t1_high_iv_pressure,3.0,P,,,,,,,,,,,,,0.0575107493740901,0.0771738525956399,0.119620850152452,0.5353962390079239,0.4778854896338337,0.551068266583778,0.4738944139881381,0.6125418784468668,0.4929210282944148,0.0614583333333333,P,False,
2022-03-12,CU,SHFE,SHFE.cu2204P62000,P,2022-03-25,13,,-0.0114003776249622,1702,7,20.0,62000.0,72370.0,P,higher_iv_pressure,0.3655200646033711,,0.3655200646033711,,,125,125,1.0,12500.0,12500.0,0.00025,METAL|P,,,,,False,,,,,,,,False,,,,,False,2274062.5,0.0,0.04548125,35000000.0,18192.5,1923,False,iv_extreme_overlay,,,,,,0.2103539957546097,0.6544715447154471,492.0,42.0,t4_p90_pullback_3d_lag1_ivpct_lt95_trend15,2022-03-12,0.2095398230181341,0.2175947056908822,0.2347280540097932,0.2702305467586211,0.6496945010183299,0.753061224489796,0.885480572597137,0.9897540983606558,,0.9897540983606558,0.9,0.04,0.00025,,,iv_pullback_sidecar,iv_extreme_pullback,higher_iv_pressure,1.0,,,,,,,,,,,,,,,,,,,,,,,0.0126032768519814,,,
2022-03-15,MA,CZCE,CZCE.MA205C3600,C,2022-04-07,23,,0.0327656539882078,1587,224,4.0,3600.0,2917.0,C,higher_iv_pressure,0.4200778358496403,0.4541864621959359,0.4541864621959359,0.4200778358496403,0.0341086263462956,312,312,1.0,12480.0,12500.0,0.00025,CHEM|C,,,,,False,,,,,,,,False,,,,,False,467532.0,0.0,0.00935064,35000000.0,1498.5,23356,False,iv_extreme_overlay,,,,,,0.326514127466579,0.844059405940594,404.0,36.0,t4_p90_pullback_3d_lag1_ivpct_lt95_trend15,2022-03-15,0.342453840477102,0.3597573356291437,0.4191091588036308,0.4510180743066904,0.8883374689826302,0.9079601990049752,0.9376558603491272,0.965,,0.965,0.9,0.04,0.00025,,,iv_pullback_sidecar,iv_extreme_pullback,higher_iv_pressure,1.0,,,,,,,,,,,,,,,,,,,,,,,0.0971555227188769,,,
2022-03-15,L,DCE,DCE.l2205-C-10800,C,2022-04-11,27,,0.0392081421665169,4191,2505,15.0,10800.0,8808.0,C,higher_iv_pressure,,0.4129280308105007,0.4129280308105007,,,166,166,1.0,12450.0,12500.0,0.00025,CHEM|C,,,,,False,,,,,,,,False,,,,,False,268322.4,0.0,0.005366448,35000000.0,1616.4,21653,False,iv_extreme_overlay,,,,,,0.4092164822043315,1.0,402.0,54.0,t4_p90_pullback_3d_lag1_ivpct_lt95_trend15,2022-03-15,0.2612703373538275,0.2898088947435819,0.3100359736043007,0.3392491792533937,0.8453865336658354,0.9275,0.962406015037594,0.9824120603015076,,0.9824120603015076,0.9,0.04,0.00025,,,iv_pullback_sidecar,iv_extreme_pullback,higher_iv_pressure,1.0,,,,,,,,,,,,,,,,,,,,,,,0.0016903313049356,,,
2022-03-15,PP,DCE,DCE.pp2205-C-11000,C,2022-04-11,27,,0.0201191587692664,1477,664,7.0,11000.0,8660.0,C,higher_iv_pressure,,0.4172894367813382,0.4172894367813382,,,357,357,1.0,12495.0,12500.0,0.00025,CHEM|C,,,,,False,,,,,,,,False,,,,,False,553528.5,0.0,0.01107057,35000000.0,1550.5,22573,False,iv_extreme_overlay,,,,,,0.2762653191264114,0.8805970149253731,402.0,52.0,t4_p90_pullback_3d_lag1_ivpct_lt95_trend15,2022-03-15,0.2801740013324951,0.303484957515115,0.3553544860712936,0.3723656939602721,0.8977556109725686,0.9425,0.987468671679198,0.992462311557789,,0.992462311557789,0.9,0.04,0.00025,,,iv_pullback_sidecar,iv_extreme_pullback,higher_iv_pressure,1.0,,,,,,,,,,,,,,,,,,,,,,,0.0391200951248513,,,
2022-03-21,IO,CFFEX,CFFEX.IO2204-P-3550,P,2022-04-15,25,,-0.0282679636266148,1654,676,4.4,3550.0,4215.0,P,higher_iv_pressure,0.3554712395189168,0.2583410087196799,0.3554712395189168,0.2583410087196799,0.0971302307992368,28,28,1.0,12320.000000000002,12500.0,0.00025,CFFEX_INDEX|P,,,,,False,,,,,,,,False,,,,,False,608720.0,0.0,0.0121744,35000000.0,21740.0,1609,False,iv_extreme_overlay,,,,,,0.2185841022238472,0.6666666666666666,423.0,50.0,t4_p90_pullback_3d_lag1_ivpct_lt95_trend15,2022-03-21,0.2233778449703135,0.2367093323905177,0.2513037227164804,0.333415205844303,0.6990521327014217,0.7957244655581948,0.8547619047619047,1.0,,1.0,0.9,0.04,0.00025,,,iv_pullback_sidecar,iv_extreme_pullback,higher_iv_pressure,1.0,,,,,,,,,,,,,,,,,,,,,,,-0.0895284804680777,,,
2022-03-26,CU,SHFE,SHFE.cu2205P62000,P,2022-04-25,30,,-0.0166792748705003,1267,6,36.0,62000.0,73250.0,P,l4_diff02_delta04_l3eff015,0.2786668071343532,0.2622250724779214,0.2786668071343532,0.2622250724779214,0.0164417346564318,277,277,1.0,49860.0,50000.0,0.001,METAL|P,,,,,False,,,,,,,,False,0.45,0.00075,0.0,,False,5122422.5,0.0,0.10244845,35000000.0,18492.5,1892,False,monthly,0.0,,,,,,,,,,,,,,,,,,,,,,,,,,,,,,,,,,,,,,,,,,,,,,,,,,,,,,,
2022-03-28,AL,SHFE,SHFE.al2205P20000,P,2022-04-25,28,,-0.0415956681849443,1955,228,33.0,20000.0,22990.0,P,l4_diff02_delta04_l3eff015,0.2975626027563111,,0.2975626027563111,,,303,303,1.0,49995.0,50000.0,0.001,METAL|P,,,,,False,,,,,,,,False,0.45,0.00075,0.0,,False,1791487.5,0.0,0.03582975,35000000.0,5912.5,5919,False,monthly,0.0,,,,,,,,,,,,,,,,,,,,,,,,,,,,,,,,,,,,,,,,,,,,,,,,,,,,,,,
2022-03-28,ZN,SHFE,SHFE.zn2205C31500,C,2022-04-25,28,,0.0637463830922293,1191,1264,78.0,31500.0,26440.0,C,l4_diff02_delta04_l3eff015,,0.4004670558027465,0.4004670558027465,,,192,192,1.0,74880.0,75000.0,0.0015,METAL|C,,,,,False,,,,,,,,False,0.45,0.00075,0.0,,False,1344000.0,0.0,0.02688,35000000.0,7000.0,5000,False,monthly,0.0,,,,,,,,,,,,,,,,,,,,,,,,,,,,,,,,,,,,,,,,,,,,,,,,,,,,,,,
2022-04-01,M,DCE,DCE.m2205-C-4350,C,2022-04-11,10,,0.0244993826837896,2598,5943,2.0,4350.0,3883.0,C,risk_reversal_lag1_positive_sell_call_else_sell_put,,,,,,625,625,1.0,12500.0,12500.0,0.00025,AGRI|C,,,,,False,,,,,,,,False,,,,,False,1225937.5,0.0,0.02451875,35000000.0,1961.5,17843,False,iv_extreme_overlay,,,,,,,,,,t3_p95_rr_2d_repair_same_sign,,,,,,,,,,overlay2_risk_reversal_same_sign,0.97667638483965,,,,,,risk_reversal_sidecar,risk_reversal_repair,risk_reversal_lag1_positive_sell_call_else_sell_put,2.0,C,0.0789148531469076,0.0851459868139727,0.0860477165719401,0.0789148531469076,0.0851459868139727,0.0860477165719401,0.3410739319491029,0.4199887850960105,0.3017018730229677,0.3868478598369404,0.3014359961685916,0.3874837127405318,,,,,,,,,,,,,
2022-04-06,RU,SHFE,SHFE.ru2205C16000,C,2022-04-25,19,,0.0137799712888979,3474,884,5.0,16000.0,13400.0,C,risk_reversal_lag1_positive_sell_call_else_sell_put,,,,,,250,250,1.0,12500.0,12500.0,0.00025,CHEM|C,,,,,False,,,,,,,,False,,,,,False,1687500.0,0.0,0.03375,35000000.0,6750.0,5185,False,iv_extreme_overlay,,,,,,,,,,t3_p95_rr_2d_repair_same_sign,,,,,,,,,,overlay2_risk_reversal_same_sign,0.973293768545994,,,,,,risk_reversal_sidecar,risk_reversal_repair,risk_reversal_lag1_positive_sell_call_else_sell_put,2.0,C,0.1077105096156401,0.1126229322762747,0.1524695422556042,0.1077105096156401,0.1126229322762747,0.1524695422556042,0.2125113610280328,0.320221870643673,0.2045266969609259,0.3171496292372007,0.2061566306373868,0.3586261728929911,,,,,,,,,,,,,
2022-04-07,ZN,SHFE,SHFE.zn2205C31500,C,2022-04-25,18,,0.0265929018557994,1981,1214,21.0,31500.0,26955.0,C,risk_reversal_lag1_positive_sell_call_else_sell_put,,,,,,119,119,1.0,12495.0,12500.0,0.00025,METAL|C,,,,,False,,,,,,,,False,,,,,False,814406.25,0.0,0.016288125,35000000.0,6843.75,5114,False,iv_extreme_overlay,,,,,,,,,,t3_p95_rr_2d_repair_same_sign,,,,,,,,,,overlay2_risk_reversal_same_sign,0.9585798816568049,,,,,,risk_reversal_sidecar,risk_reversal_repair,risk_reversal_lag1_positive_sell_call_else_sell_put,2.0,C,0.044674770507161,0.066670292239633,0.0952917130203744,0.044674770507161,0.066670292239633,0.0952917130203744,0.3083997436468072,0.3530745141539683,0.2925461565012487,0.3592164487408817,0.279155875667861,0.3744475886882354,,,,,,,,,,,,,
2022-04-08,CF,CZCE,CZCE.CF207C24000,C,2022-06-06,59,,0.0777009236836423,4747,594,61.0,24000.0,21200.0,C,l4_diff02_delta04_l3eff015,,0.2111304651646716,0.2111304651646716,,,245,245,1.0,74725.0,75000.0,0.0015,SOFT|C,,,,,False,,,,,,,,False,0.45,0.00075,0.0,,False,1373225.0,0.0,0.0274645,35000000.0,5605.0,6244,False,monthly,0.0,,,,,,,,,,,,,,,,,,,,,,,,,,,,,,,,,,,,,,,,,,,,,,,,,,,,,,,
2022-04-12,C,DCE,DCE.c2207-C-3160,C,2022-06-08,57,,0.0761206834791704,5803,148,6.0,3160.0,2885.0,C,l4_diff02_delta04_l3eff015,0.1470128826894097,0.1746249593997306,0.1746249593997306,0.1470128826894097,0.0276120767103209,1250,1250,1.0,75000.0,75000.0,0.0015,AGRI|C,,,,,False,,,,,,,,False,0.45,0.00075,0.0,,False,1962500.0,0.0,0.03925,35000000.0,1570.0,22292,False,monthly,0.0,,,,,,,,,,,,,,,,,,,,,,,,,,,,,,,,,,,,,,,,,,,,,,,,,,,,,,,
2022-04-18,IO,CFFEX,CFFEX.IO2205-P-3550,P,2022-05-20,32,,-0.02830939786349,2119,533,4.0,3550.0,4158.2,P,risk_reversal_lag1_positive_sell_call_else_sell_put,,,,,,31,31,1.0,12400.0,12500.0,0.00025,CFFEX_INDEX|P,,,,,False,,,,,,,,False,,,,,False,672700.0,0.0,0.013454,35000000.0,21700.0,1612,False,iv_extreme_overlay,,,,,,,,,,t3_p95_rr_2d_repair_same_sign,,,,,,,,,,overlay2_risk_reversal_same_sign,0.9572368421052632,,,,,,risk_reversal_sidecar,risk_reversal_repair,risk_reversal_lag1_positive_sell_call_else_sell_put,2.0,P,-0.0545317216051157,-0.0550372678777972,-0.0601001704455155,0.0545317216051157,0.0550372678777972,0.0601001704455155,0.2555056975686972,0.2009739759635814,0.2759055427680583,0.2208682748902611,0.2823369183695423,0.2222367479240267,,,,,,,,,,,,,
2022-04-21,TA,CZCE,CZCE.TA206P5600,P,2022-05-09,18,,-0.0338175826565091,3178,4954,5.5,5600.0,6284.0,P,higher_iv_pressure,0.3398765513548368,,0.3398765513548368,,,454,454,1.0,12485.0,12500.0,0.00025,CHEM|P,,,,,False,,,,,,,,False,,,,,False,725719.0000000001,0.0,0.01451438,35000000.0,1598.5000000000002,21895,False,iv_extreme_overlay,,,,,,0.2916049455343147,0.7855477855477856,429.0,36.0,t4_p90_pullback_3d_lag1_ivpct_lt95_trend15,2022-04-21,0.3081415291207674,0.3161251339595198,0.3396832078060147,0.3461356201232295,0.8411214953271028,0.8641686182669789,0.92018779342723,0.9388235294117648,,0.9388235294117648,0.9,0.04,0.00025,,,iv_pullback_sidecar,iv_extreme_pullback,higher_iv_pressure,1.0,,,,,,,,,,,,,,,,,,,,,,,0.0302731161566305,,,
2022-04-26,ZN,SHFE,SHFE.zn2206C34000,C,2022-05-25,29,,0.0227835471909849,1317,1314,23.0,34000.0,27630.0,C,risk_reversal_lag1_positive_sell_call_else_sell_put,,,,,,108,108,1.0,12420.0,12500.0,0.00025,METAL|C,,,,,False,,,,,,,,False,,,,,False,758430.0,0.0,0.0151686,35000000.0,7022.5,4983,False,iv_extreme_overlay,,,,,,,,,,t3_p95_rr_2d_repair_same_sign,,,,,,,,,,overlay2_risk_reversal_same_sign,0.9654178674351584,,,,,,risk_reversal_sidecar,risk_reversal_repair,risk_reversal_lag1_positive_sell_call_else_sell_put,2.0,C,0.0141731091133378,0.065070402609506,0.1034532110561184,0.0141731091133378,0.065070402609506,0.1034532110561184,0.3185091034651162,0.332682212578454,0.3399327434346285,0.4050031460441345,0.3479924916944079,0.4514457027505263,,,,,,,,,,,,,
2022-04-26,AU,SHFE,SHFE.au2206P332,P,2022-05-25,29,,-0.0088071727727282,1153,17,0.1,332.0,402.22,P,l4_diff02_delta04_l3eff015,0.2918981679963187,0.2510622961009032,0.2918981679963187,0.2510622961009032,0.0408358718954154,500,500,1.0,50000.0,50000.0,0.001,METAL|P,,,,,False,,,,,,,,False,0.45,0.00075,0.0,,False,16138800.000000006,0.0,0.3227760000000001,35000000.0,32277.60000000001,1084,False,monthly,0.0,,,,,,,,,,,,,,,,,,,,,,,,,,,,,,,,,,,,,,,,,,,,,,,,,,,,,,,
2022-04-26,ZN,SHFE,SHFE.zn2206C34000,C,2022-05-25,29,,0.0227835471909849,1317,1314,23.0,34000.0,27630.0,C,l4_diff02_delta04_l3eff015,,0.3591426487824417,0.3591426487824417,,,652,652,1.0,74980.0,75000.0,0.0015,METAL|C,,,,,False,,,,,,,,False,0.45,0.00075,0.0,,False,4578670.0,0.0,0.0915734,35000000.0,7022.5,4983,False,monthly,0.0,,,,,,,,,,,,,,,,,,,,,,,,,,,,,,,,,,,,,,,,,,,,,,,,,,,,,,,
2022-05-12,RM,CZCE,CZCE.RM207C4400,C,2022-06-06,25,,0.0180914809501475,1955,361,2.0,4400.0,3665.0,C,higher_iv_pressure,,0.3267962807561004,0.3267962807561004,,,625,625,1.0,12500.0,12500.0,0.00025,AGRI|C,,,,,False,,,,,,,,False,,,,,False,1157812.5,0.0,0.02315625,35000000.0,1852.5,18893,False,iv_extreme_overlay,,,,,,0.2870214407096498,0.8820861678004536,441.0,44.0,t4_p90_pullback_3d_lag1_ivpct_lt95_trend15,2022-05-12,0.2890729650724881,0.2955124894413491,0.3004322891489225,0.3008311529598959,0.8863636363636364,0.8997722095671982,0.908675799086758,0.9107551487414188,,0.9107551487414188,0.9,0.04,0.00025,,,iv_pullback_sidecar,iv_extreme_pullback,higher_iv_pressure,1.0,,,,,,,,,,,,,,,,,,,,,,,-0.0469033428349313,,,
2022-05-17,TA,CZCE,CZCE.TA207P5800,P,2022-06-06,20,,-0.0368580643821159,3662,9880,9.5,5800.0,6806.0,P,higher_iv_pressure,0.436314996820335,,0.436314996820335,,,263,263,1.0,12492.5,12500.0,0.00025,CHEM|P,,,,,False,,,,,,,,False,,,,,False,459987.0,0.0,0.00919974,35000000.0,1749.0,20011,False,iv_extreme_overlay,,,,,,0.3427368618479633,0.918918918918919,444.0,42.0,t4_p90_pullback_3d_lag1_ivpct_lt95_trend15,2022-05-17,0.3565742913976217,0.3596777678217078,0.3661328427057696,0.3860000593430177,0.945823927765237,0.9479638009049772,0.9546485260770976,0.9704545454545456,,0.9704545454545456,0.9,0.04,0.00025,,,iv_pullback_sidecar,iv_extreme_pullback,higher_iv_pressure,1.0,,,,,,,,,,,,,,,,,,,,,,,0.1222076215505914,,,
2022-05-30,ZN,SHFE,SHFE.zn2207C34000,C,2022-06-24,25,,0.0049864472865007,1035,72,4.0,34000.0,26155.0,C,l4_diff02_delta04_l3eff015,0.2247432249795818,0.3816579099623873,0.3816579099623873,0.2247432249795818,0.1569146849828055,3750,3750,1.0,75000.0,75000.0,0.0015,METAL|C,,,,,False,,,,,,,,False,0.45,0.00075,0.0,,False,24595312.5,0.0,0.49190625,35000000.0,6558.75,5336,False,monthly,0.0,,,,,,,,,,,,,,,,,,,,,,,,,,,,,,,,,,,,,,,,,,,,,,,,,,,,,,,
2022-06-07,IO,CFFEX,CFFEX.IO2206-P-3750,P,2022-06-17,10,,-0.0221767131276865,1317,578,1.8,3750.0,4152.4,P,risk_reversal_lag1_positive_sell_call_else_sell_put,,,,,,69,69,1.0,12420.0,12500.0,0.00025,CFFEX_INDEX|P,,,,,False,,,,,,,,False,,,,,False,1564920.0,0.0,0.0312984,35000000.0,22680.0,1543,False,iv_extreme_overlay,,,,,,,,,,t3_p95_rr_2d_repair_same_sign,,,,,,,,,,overlay2_risk_reversal_same_sign,0.96048632218845,,,,,,risk_reversal_sidecar,risk_reversal_repair,risk_reversal_lag1_positive_sell_call_else_sell_put,2.0,P,-0.0421315716270493,-0.061116278160255,-0.0720085880044097,0.0421315716270493,0.061116278160255,0.0720085880044097,0.2711796796389797,0.2290481080119304,0.2661909845051965,0.2050747063449415,0.2691575251153695,0.1971489371109598,,,,,,,,,,,,,
2022-06-07,SR,CZCE,CZCE.SR209C6700,C,2022-08-03,57,,0.0705463454756128,31307,10354,12.5,6700.0,6050.0,C,l4_diff02_delta04_l3eff015,0.1313366296387277,0.1716971278382668,0.1716971278382668,0.1313366296387277,0.040360498199539,600,600,1.0,75000.0,75000.0,0.0015,SOFT|C,,,,,False,,,,,,,,False,0.45,0.00075,0.0,,False,1890000.0,0.0,0.0378,35000000.0,3150.0,11111,False,monthly,0.0,,,,,,,,,,,,,,,,,,,,,,,,,,,,,,,,,,,,,,,,,,,,,,,,,,,,,,,
2022-06-07,TA,CZCE,CZCE.TA208P6600,P,2022-07-05,28,,-0.0709579045567319,3692,13265,30.0,6600.0,7782.0,P,l4_diff02_delta04_l3eff015,0.4350755198551892,,0.4350755198551892,,,500,500,1.0,75000.0,75000.0,0.0015,CHEM|P,,,,,False,,,,,,,,False,0.45,0.00075,0.0,,False,1047750.0,0.0,0.020955,35000000.0,2095.5,16702,False,monthly,0.0,,,,,,,,,,,,,,,,,,,,,,,,,,,,,,,,,,,,,,,,,,,,,,,,,,,,,,,
2022-06-09,C,DCE,DCE.c2209-C-3320,C,2022-08-05,57,,0.0380231569960192,17885,2352,3.5,3320.0,2857.0,C,l4_diff02_delta04_l3eff015,0.185733217195501,0.1957675540384472,0.1957675540384472,0.185733217195501,0.0100343368429461,1071,1071,1.0,37485.0,37500.0,0.00075,AGRI|C,,,,,False,,,,,,,,False,0.45,0.00075,0.0,,False,1567408.5,0.0,0.03134817,35000000.0,1463.5,23915,False,monthly,0.0,,,,,,,,,,,,,,,,,,,,,,,,,,,,,,,,,,,,,,,,,,,,,,,,,,,,,,,
2022-06-13,TA,CZCE,CZCE.TA208P6100,P,2022-07-05,22,,-0.0318134238797324,1953,1025,9.0,6100.0,7260.0,P,higher_iv_pressure,0.3956116852943955,,0.3956116852943955,,,277,277,1.0,12465.0,12500.0,0.00025,CHEM|P,,,,,False,,,,,,,,False,,,,,False,515220.0,0.0,0.0103044,35000000.0,1860.0,18817,False,iv_extreme_overlay,,,,,,0.3460967660280185,0.9242424242424242,462.0,44.0,t4_p90_pullback_3d_lag1_ivpct_lt95_trend15,2022-06-13,0.3518087204408823,0.3567822953219612,0.3701669177820656,0.3927312331544603,0.9327548806941433,0.9434782608695652,0.9564270152505446,0.9759825327510916,,0.9759825327510916,0.9,0.04,0.00025,,,iv_pullback_sidecar,iv_extreme_pullback,higher_iv_pressure,1.0,,,,,,,,,,,,,,,,,,,,,,,0.1102479832685987,,,
2022-06-25,AU,SHFE,SHFE.au2208P340,P,2022-07-25,30,,-0.0374511837775867,1951,71,0.52,340.0,394.36,P,l4_diff02_delta04_l3eff015,0.297731103198439,0.2616346444465378,0.297731103198439,0.2616346444465378,0.0360964587519011,96,96,1.0,49920.0,50000.0,0.001,METAL|P,,,,,False,,,,,,,,False,0.45,0.00075,0.0,,False,3498009.600000001,0.0,0.069960192,35000000.0,36437.600000000006,960,False,monthly,0.0,,,,,,,,,,,,,,,,,,,,,,,,,,,,,,,,,,,,,,,,,,,,,,,,,,,,,,,
2022-06-25,CU,SHFE,SHFE.cu2208C75000,C,2022-07-25,30,,0.0181743934247839,1429,42,32.0,75000.0,63450.0,C,l4_diff02_delta04_l3eff015,,0.2736636803430891,0.2736636803430891,,,234,234,1.0,37440.0,37500.0,0.00075,METAL|C,,,,,False,,,,,,,,False,0.45,0.00075,0.0,,False,3749265.0,0.0,0.0749853,35000000.0,16022.5,2184,False,monthly,0.0,,,,,,,,,,,,,,,,,,,,,,,,,,,,,,,,,,,,,,,,,,,,,,,,,,,,,,,
2022-06-27,PG,DCE,DCE.pg2208-C-6700,C,2022-07-07,10,,0.014224714626455,1233,2623,2.0,6700.0,5715.0,C,term_structure_t1_high_iv_pressure,,,,,,312,312,1.0,12480.0,12500.0,0.00025,CHEM|C,,,,,False,,,,,,,,False,,,,,False,4071600.0,0.0,0.081432,35000000.0,13050.0,2681,False,iv_extreme_overlay,,,,,,,,,,t3_p95_term_2d_repair_t1_no_trend_conflict_cluster_cap2,,,,,,,,,,overlay3_term_structure_cluster_cap2,0.9733924611973392,,,,,,term_structure_sidecar,term_structure_repair,term_structure_t1_high_iv_pressure,3.0,C,,,,,,,,,,,,,0.0094522699931652,0.0474845518734495,0.0818163300218034,0.4551338605435303,0.4456815905503651,0.4414632357590298,0.3939786838855802,0.4228946336331222,0.3410783036113187,-0.0842431155287599,C,False,
2022-06-29,AL,SHFE,SHFE.al2208C21000,C,2022-07-25,26,,0.07984226992099,2244,1481,41.0,21000.0,19260.0,C,l4_diff02_delta04_l3eff015,,0.2257536218236795,0.2257536218236795,,,243,243,1.0,49815.0,50000.0,0.001,METAL|C,,,,,False,,,,,,,,False,0.45,0.00075,0.0,,False,1332855.0,0.0,0.0266571,35000000.0,5485.0,6381,False,monthly,0.0,,,,,,,,,,,,,,,,,,,,,,,,,,,,,,,,,,,,,,,,,,,,,,,,,,,,,,,
2022-06-30,CU,SHFE,SHFE.cu2208C75000,C,2022-07-25,25,,0.0142222617357655,1373,377,24.0,75000.0,63050.0,C,higher_iv_pressure,,0.2974551692205668,0.2974551692205668,,,104,104,1.0,12480.0,12500.0,0.00025,METAL|C,,,,,False,,,,,,,,False,,,,,False,1651780.0,0.0,0.0330356,35000000.0,15882.5,2203,False,iv_extreme_overlay,,,,,,0.2371067787280782,0.901213171577123,577.0,40.0,t4_p90_pullback_3d_lag1_ivpct_lt95_trend15,2022-06-30,0.2198650217090862,0.234913351586488,0.2603341236520711,0.2844006343207098,0.8090277777777778,0.8956521739130435,0.970383275261324,0.9982547993019196,,0.9982547993019196,0.9,0.04,0.00025,,,iv_pullback_sidecar,iv_extreme_pullback,higher_iv_pressure,1.0,,,,,,,,,,,,,,,,,,,,,,,-0.1182042833607908,,,
2022-07-01,CF,CZCE,CZCE.CF209C20400,C,2022-08-03,33,,0.0319885971173804,3815,1196,18.0,20400.0,17350.0,C,higher_iv_pressure,,0.3036046041604392,0.3036046041604392,,,138,138,1.0,12420.0,12500.0,0.00025,SOFT|C,,,,,False,,,,,,,,False,,,,,False,610995.0,0.0,0.0122199,35000000.0,4427.5,7905,False,iv_extreme_overlay,,,,,,0.2901362922252238,0.9390756302521008,476.0,18.0,t4_p90_pullback_3d_lag1_ivpct_lt95_trend15,2022-07-01,0.2802325379993087,0.2949153791989311,0.3010571130876729,0.3517521548101853,0.9347368421052632,0.940928270042194,0.9471458773784356,0.9682203389830508,,0.9682203389830508,0.9,0.04,0.00025,,,iv_pullback_sidecar,iv_extreme_pullback,higher_iv_pressure,1.0,,,,,,,,,,,,,,,,,,,,,,,,,,
2022-07-01,ZN,SHFE,SHFE.zn2208C25500,C,2022-07-25,24,,0.0782144814478261,1260,1147,63.0,25500.0,22650.0,C,l4_diff02_delta04_l3eff015,,0.3171929006342378,0.3171929006342378,,,238,238,1.0,74970.0,75000.0,0.0015,METAL|C,,,,,False,,,,,,,,False,0.45,0.00075,0.0,,False,1422645.0,0.0,0.0284529,35000000.0,5977.5,5855,False,monthly,0.0,,,,,,,,,,,,,,,,,,,,,,,,,,,,,,,,,,,,,,,,,,,,,,,,,,,,,,,
2022-07-11,C,DCE,DCE.c2209-P-2280,P,2022-08-05,25,,-0.0211969062709781,1018,11,2.0,2280.0,2729.0,P,risk_reversal_lag1_positive_sell_call_else_sell_put,,,,,,625,625,1.0,12500.0,12500.0,0.00025,AGRI|P,,,,,False,,,,,,,,False,,,,,False,865312.5000000001,0.0,0.01730625,35000000.0,1384.5000000000002,25279,False,iv_extreme_overlay,,,,,,,,,,t3_p95_rr_2d_repair_same_sign,,,,,,,,,,overlay2_risk_reversal_same_sign,0.9642857142857144,,,,,,risk_reversal_sidecar,risk_reversal_repair,risk_reversal_lag1_positive_sell_call_else_sell_put,2.0,P,-0.0445120951619837,-0.0513172183448878,-0.0521155032475645,0.0445120951619837,0.0513172183448878,0.0521155032475645,0.2101885290160513,0.1656764338540676,0.2236623349917337,0.1723451166468458,0.2278042300227145,0.17568872677515,,,,,,,,,,,,,
2022-07-12,M,DCE,DCE.m2209-P-3050,P,2022-08-05,24,,-0.0262675154764251,1470,281,5.5,3050.0,3919.0,P,risk_reversal_lag1_positive_sell_call_else_sell_put,,,,,,227,227,1.0,12485.0,12500.0,0.00025,AGRI|P,,,,,False,,,,,,,,False,,,,,False,457291.50000000006,0.0,0.00914583,35000000.0,2014.5,17374,False,iv_extreme_overlay,,,,,,,,,,t3_p95_rr_2d_repair_same_sign,,,,,,,,,,overlay2_risk_reversal_same_sign,0.9974554707379136,,,,,,risk_reversal_sidecar,risk_reversal_repair,risk_reversal_lag1_positive_sell_call_else_sell_put,2.0,P,-0.1495968989598593,-0.1522055408866162,-0.1696162042216967,0.1495968989598593,0.1522055408866162,0.1696162042216967,0.4523008715809614,0.302703972621102,0.4304556243652275,0.2782500834786113,0.4597777616920772,0.2901615574703804,,,,,,,,,,,,,
2022-07-21,I,DCE,DCE.i2209-P-510,P,2022-08-05,15,,-0.0358381138496855,1133,2572,1.4,510.0,653.0,P,higher_iv_pressure,0.7179852677676599,0.560927529456411,0.7179852677676599,0.560927529456411,0.1570577383112489,89,89,1.0,12460.0,12500.0,0.00025,FERROUS|P,,,,,False,,,,,,,,False,,,,,False,332103.5,0.0,0.00664207,35000000.0,3731.5,9379,False,iv_extreme_overlay,,,,,,0.49222368446064,0.7868852459016393,488.0,36.0,t4_p90_pullback_3d_lag1_ivpct_lt95_trend15,2022-07-21,0.5267609086539723,0.5391103363985044,0.5492130224146317,0.6133136757208302,0.8850102669404517,0.9053497942386832,0.9216494845360824,0.9855371900826446,,0.9855371900826446,0.9,0.04,0.00025,,,iv_pullback_sidecar,iv_extreme_pullback,higher_iv_pressure,1.0,,,,,,,,,,,,,,,,,,,,,,,-0.1411003236245954,,,
2022-07-21,PG,DCE,DCE.pg2209-C-6000,C,2022-08-05,15,,0.0311308516540143,1101,4609,4.8,6000.0,5164.0,C,higher_iv_pressure,,0.3888511541133938,0.3888511541133938,,,130,130,1.0,12480.0,12500.0,0.00025,CHEM|C,,,,,False,,,,,,,,False,,,,,False,1610959.9999999998,0.0,0.0322191999999999,35000000.0,12391.999999999998,2824,False,iv_extreme_overlay,,,,,,0.3839873688881144,0.6864754098360656,488.0,60.0,t4_p90_pullback_3d_lag1_ivpct_lt95_trend15,2022-07-21,0.3803041906827371,0.3999277236791992,0.4090812490810912,0.4721656614710114,0.6591375770020534,0.7510288065843621,0.7793814432989691,0.9524793388429752,,0.9524793388429752,0.9,0.04,0.00025,,,iv_pullback_sidecar,iv_extreme_pullback,higher_iv_pressure,1.0,,,,,,,,,,,,,,,,,,,,,,,-0.0676638176638176,,,
2022-07-26,CU,SHFE,SHFE.cu2209P49000,P,2022-08-25,30,,-0.0668406766343201,1618,1650,210.0,49000.0,58050.0,P,l4_diff02_delta04_l3eff015,0.4105244467119786,0.2940051419983761,0.4105244467119786,0.2940051419983761,0.1165193047136025,71,71,1.0,74550.0,75000.0,0.0015,METAL|P,,,,,False,,,,,,,,False,0.45,0.00075,0.0,,False,1104937.5,0.0,0.02209875,35000000.0,15562.5,2248,False,monthly,0.0,,,,,,,,,,,,,,,,,,,,,,,,,,,,,,,,,,,,,,,,,,,,,,,,,,,,,,,
2022-07-28,CU,SHFE,SHFE.cu2209P50000,P,2022-08-25,28,,-0.0386028714546118,3187,3148,100.0,50000.0,59750.0,P,higher_iv_pressure,0.3788754458322596,0.3030152224720638,0.3788754458322596,0.3030152224720638,0.0758602233601958,25,25,1.0,12500.0,12500.0,0.00025,METAL|P,,,,,False,,,,,,,,False,,,,,False,385937.5,0.0,0.00771875,35000000.0,15437.5,2267,False,iv_extreme_overlay,,,,,,0.2338440068427736,0.8569051580698835,601.0,36.0,t4_p90_pullback_3d_lag1_ivpct_lt95_trend15,2022-07-28,0.2487154147873005,0.2609869375989663,0.2869074249407201,0.287451891332492,0.9133333333333332,0.9415692821368948,0.9732441471571908,0.9748743718592964,,0.9748743718592964,0.9,0.04,0.00025,,,iv_pullback_sidecar,iv_extreme_pullback,higher_iv_pressure,1.0,,,,,,,,,,,,,,,,,,,,,,,-0.0359960552268244,,,
2022-07-29,ZN,SHFE,SHFE.zn2209P20000,P,2022-08-25,27,,-0.0240110725536936,1824,1455,23.0,20000.0,24305.0,P,risk_reversal_lag1_positive_sell_call_else_sell_put,,,,,,108,108,1.0,12420.0,12500.0,0.00025,METAL|P,,,,,False,,,,,,,,False,,,,,False,668655.0,0.0,0.0133731,35000000.0,6191.25,5653,False,iv_extreme_overlay,,,,,,,,,,t3_p95_rr_2d_repair_same_sign,,,,,,,,,,overlay2_risk_reversal_same_sign,0.9573934837092732,,,,,,risk_reversal_sidecar,risk_reversal_repair,risk_reversal_lag1_positive_sell_call_else_sell_put,2.0,P,-0.0447238116585061,-0.1101028397319562,-0.111143827043523,0.0447238116585061,0.1101028397319562,0.111143827043523,0.3097253952837664,0.2650015836252602,0.3499662389607924,0.2398633992288361,0.357153849394216,0.2460100223506929,,,,,,,,,,,,,
2022-08-08,TA,CZCE,CZCE.TA210C6800,C,2022-09-05,28,,0.0357516819658248,2471,3573,7.5,6800.0,5694.0,C,higher_iv_pressure,,0.3554528200367852,0.3554528200367852,,,333,333,1.0,12487.5,12500.0,0.00025,CHEM|C,,,,,False,,,,,,,,False,,,,,False,486513.0,0.0,0.00973026,35000000.0,1461.0,23956,False,iv_extreme_overlay,,,,,,0.3431136393126257,0.850597609561753,502.0,32.0,t4_p90_pullback_3d_lag1_ivpct_lt95_trend15,2022-08-08,0.3491511874235929,0.352040092483449,0.3545054837290516,0.3885148118498987,0.872255489021956,0.876,0.8777555110220441,0.9457831325301204,,0.9457831325301204,0.9,0.04,0.00025,,,iv_pullback_sidecar,iv_extreme_pullback,higher_iv_pressure,1.0,,,,,,,,,,,,,,,,,,,,,,,-0.1120801033591731,,,
2022-08-26,AU,SHFE,SHFE.au2210C472,C,2022-09-26,31,,0.0095269057644519,3389,149,0.1,472.0,387.86,C,l4_diff02_delta04_l3eff015,0.1543165294775599,0.2640519340214817,0.2640519340214817,0.1543165294775599,0.1097354045439218,500,500,1.0,50000.0,50000.0,0.001,METAL|C,,,,,False,,,,,,,,False,0.45,0.00075,0.0,,False,15564400.000000002,0.0,0.311288,35000000.0,31128.800000000003,1124,False,monthly,0.0,,,,,,,,,,,,,,,,,,,,,,,,,,,,,,,,,,,,,,,,,,,,,,,,,,,,,,,
2022-09-06,MA,CZCE,CZCE.MA211P2300,P,2022-10-12,36,,-0.0580870681475153,2387,2298,6.5,2300.0,2657.0,P,l4_diff02_delta04_l3eff015,0.3209860960934755,0.2809920768024043,0.3209860960934755,0.2809920768024043,0.0399940192910711,1153,1153,1.0,74945.0,75000.0,0.0015,CHEM|P,,,,,False,,,,,,,,False,0.45,0.00075,0.0,,False,1606705.5,0.0,0.03213411,35000000.0,1393.5,25116,False,monthly,0.0,,,,,,,,,,,,,,,,,,,,,,,,,,,,,,,,,,,,,,,,,,,,,,,,,,,,,,,
2022-09-09,CU,SHFE,SHFE.cu2210P55000,P,2022-09-26,17,,-0.0199392442324703,7668,6349,32.0,55000.0,63070.0,P,risk_reversal_lag1_positive_sell_call_else_sell_put,,,,,,78,78,1.0,12480.0,12500.0,0.00025,METAL|P,,,,,False,,,,,,,,False,,,,,False,1242345.0,0.0,0.0248469,35000000.0,15927.5,2197,False,iv_extreme_overlay,,,,,,,,,,t3_p95_rr_2d_repair_same_sign,,,,,,,,,,overlay2_risk_reversal_same_sign,0.973568281938326,,,,,,risk_reversal_sidecar,risk_reversal_repair,risk_reversal_lag1_positive_sell_call_else_sell_put,2.0,P,-0.0845140100747499,-0.087009773711879,-0.1058188248642358,0.0845140100747499,0.087009773711879,0.1058188248642358,0.2986612194878023,0.2141472094130523,0.3168874544131117,0.2298776807012326,0.3293829035386746,0.2235640786744388,,,,,,,,,,,,,
2022-09-29,AL,SHFE,SHFE.al2211C20000,C,2022-10-25,26,,0.0754440359317198,1336,1262,38.0,20000.0,18230.0,C,l4_diff02_delta04_l3eff015,,0.2366317554408366,0.2366317554408366,,,394,394,1.0,74860.0,75000.0,0.0015,METAL|C,,,,,False,,,,,,,,False,0.45,0.00075,0.0,,False,1922720.0,0.0,0.0384544,35000000.0,4880.0,7172,False,monthly,0.0,,,,,,,,,,,,,,,,,,,,,,,,,,,,,,,,,,,,,,,,,,,,,,,,,,,,,,,
2022-10-12,CU,SHFE,SHFE.cu2211P55000,P,2022-10-25,13,,-0.0212629726759858,12536,4204,32.0,55000.0,62460.0,P,risk_reversal_lag1_positive_sell_call_else_sell_put,,,,,,78,78,1.0,12480.0,12500.0,0.00025,METAL|P,,,,,False,,,,,,,,False,,,,,False,1230450.0,0.0,0.024609,35000000.0,15775.0,2218,False,iv_extreme_overlay,,,,,,,,,,t3_p95_rr_2d_repair_same_sign,,,,,,,,,,overlay2_risk_reversal_same_sign,0.9763948497854076,,,,,,risk_reversal_sidecar,risk_reversal_repair,risk_reversal_lag1_positive_sell_call_else_sell_put,2.0,P,-0.0670452779384077,-0.0849631719320011,-0.1125935249747207,0.0670452779384077,0.0849631719320011,0.1125935249747207,0.2957603748848808,0.228715096946473,0.3157720314193757,0.2308088594873746,0.3584813469171909,0.2458878219424701,,,,,,,,,,,,,
2022-10-13,CF,CZCE,CZCE.CF301C17400,C,2022-12-05,53,,0.0382068990662062,1146,175,26.0,17400.0,13720.0,C,higher_iv_pressure,,0.3479982751536033,0.3479982751536033,,,96,96,1.0,12480.0,12500.0,0.00025,SOFT|C,,,,,False,,,,,,,,False,,,,,False,341760.0,0.0,0.0068352,35000000.0,3560.0,9831,False,iv_extreme_overlay,,,,,,0.2638890049519198,0.8363970588235294,544.0,14.0,t4_p90_pullback_3d_lag1_ivpct_lt95_trend15,2022-10-13,0.2760770821802735,0.3047148052118394,0.3120830301492385,0.3349727444697045,0.8692449355432781,0.918819188191882,0.9242144177449167,0.9444444444444444,,0.9444444444444444,0.9,0.04,0.00025,,,iv_pullback_sidecar,iv_extreme_pullback,higher_iv_pressure,1.0,,,,,,,,,,,,,,,,,,,,,,,,,,
2022-10-13,CF,CZCE,CZCE.CF301C16200,C,2022-12-05,53,,0.0758906676831625,3992,783,50.0,16200.0,13720.0,C,l4_diff02_delta04_l3eff015,,0.3170597347667608,0.3170597347667608,,,300,300,1.0,75000.0,75000.0,0.0015,SOFT|C,,,,,False,,,,,,,,False,0.45,0.00075,0.0,,False,1104000.0,0.0,0.02208,35000000.0,3680.0,9510,False,monthly,0.0,,,,,,,,,,,,,,,,,,,,,,,,,,,,,,,,,,,,,,,,,,,,,,,,,,,,,,,
2022-10-13,MA,CZCE,CZCE.MA212P2425,P,2022-11-03,21,,-0.0495599832294372,1279,2048,4.5,2425.0,2745.0,P,l4_diff02_delta04_l3eff015,0.3356374928560404,0.3113591543113049,0.3356374928560404,0.3113591543113049,0.0242783385447354,1666,1666,1.0,74970.0,75000.0,0.0015,CHEM|P,,,,,False,,,,,,,,False,0.45,0.00075,0.0,,False,2361555.0,0.0,0.0472311,35000000.0,1417.5,24691,False,monthly,0.0,,,,,,,,,,,,,,,,,,,,,,,,,,,,,,,,,,,,,,,,,,,,,,,,,,,,,,,
2022-10-13,RM,CZCE,CZCE.RM301P2600,P,2022-12-05,53,,-0.0625073457104269,3738,632,12.5,2600.0,3179.0,P,l4_diff02_delta04_l3eff015,0.3781504165844533,,0.3781504165844533,,,600,600,1.0,75000.0,75000.0,0.0015,AGRI|P,,,,,False,,,,,,,,False,0.45,0.00075,0.0,,False,1028700.0,0.0,0.020574,35000000.0,1714.5000000000002,20414,False,monthly,0.0,,,,,,,,,,,,,,,,,,,,,,,,,,,,,,,,,,,,,,,,,,,,,,,,,,,,,,,
2022-10-13,SR,CZCE,CZCE.SR301C6200,C,2022-12-05,53,,0.0589302686297964,3746,3444,8.5,6200.0,5625.0,C,l4_diff02_delta04_l3eff015,0.144983277137613,0.1916437823706563,0.1916437823706563,0.144983277137613,0.0466605052330433,882,882,1.0,74970.0,75000.0,0.0015,SOFT|C,,,,,False,,,,,,,,False,0.45,0.00075,0.0,,False,2555595.0,0.0,0.0511119,35000000.0,2897.5,12079,False,monthly,0.0,,,,,,,,,,,,,,,,,,,,,,,,,,,,,,,,,,,,,,,,,,,,,,,,,,,,,,,
2022-10-21,RM,CZCE,CZCE.RM301P2400,P,2022-12-05,45,,-0.0219928181274316,1116,147,3.0,2400.0,3016.0,P,higher_iv_pressure,0.3473653960365493,,0.3473653960365493,,,416,416,1.0,12480.0,12500.0,0.00025,AGRI|P,,,,,False,,,,,,,,False,,,,,False,639808.0,0.0,0.01279616,35000000.0,1538.0,22756,False,iv_extreme_overlay,,,,,,0.28937379507849,0.8054545454545454,550.0,12.0,t4_p90_pullback_3d_lag1_ivpct_lt95_trend15,2022-10-21,0.2954789191066499,0.3020432029676576,0.3177974195653287,0.3303518089675596,0.819672131147541,0.8521897810218978,0.8939670932358318,0.9285714285714286,,0.9285714285714286,0.9,0.04,0.00025,,,iv_pullback_sidecar,iv_extreme_pullback,higher_iv_pressure,1.0,,,,,,,,,,,,,,,,,,,,,,,,,,
2022-10-26,AU,SHFE,SHFE.au2212P360,P,2022-11-24,29,,-0.0241600096676562,1269,553,0.16,360.0,392.42,P,l4_diff02_delta04_l3eff015,0.1968666100320497,0.1822487979212095,0.1968666100320497,0.1822487979212095,0.0146178121108402,234,234,1.0,37440.0,37500.0,0.00075,METAL|P,,,,,False,,,,,,,,False,0.45,0.00075,0.0,,False,10936504.8,0.0,0.2187300959999999,35000000.0,46737.2,748,False,monthly,0.0,,,,,,,,,,,,,,,,,,,,,,,,,,,,,,,,,,,,,,,,,,,,,,,,,,,,,,,
2022-10-26,CU,SHFE,SHFE.cu2212P55000,P,2022-11-24,29,,-0.0385621963158599,3747,2375,86.0,55000.0,63640.0,P,l4_diff02_delta04_l3eff015,0.3068030518862696,0.2071821302555787,0.3068030518862696,0.2071821302555787,0.0996209216306909,174,174,1.0,74820.0,75000.0,0.0015,METAL|P,,,,,False,,,,,,,,False,0.45,0.00075,0.0,,False,2843160.0,0.0,0.0568632,35000000.0,16340.0,2141,False,monthly,0.0,,,,,,,,,,,,,,,,,,,,,,,,,,,,,,,,,,,,,,,,,,,,,,,,,,,,,,,
2022-11-02,CU,SHFE,SHFE.cu2212P54000,P,2022-11-24,22,,-0.0275808469959368,2441,1680,60.0,54000.0,63530.0,P,risk_reversal_lag1_positive_sell_call_else_sell_put,,,,,,41,41,1.0,12300.0,12500.0,0.00025,METAL|P,,,,,False,,,,,,,,False,,,,,False,663482.5,0.0,0.01326965,35000000.0,16182.5,2162,False,iv_extreme_overlay,,,,,,,,,,t3_p95_rr_2d_repair_same_sign,,,,,,,,,,overlay2_risk_reversal_same_sign,0.9832285115303984,,,,,,risk_reversal_sidecar,risk_reversal_repair,risk_reversal_lag1_positive_sell_call_else_sell_put,2.0,P,-0.1035834329983528,-0.1271638763998102,-0.127170305711755,0.1035834329983528,0.1271638763998102,0.127170305711755,0.3240958752035873,0.2205124422052344,0.353929814965167,0.2267659385653567,0.344479212292452,0.217308906580697,,,,,,,,,,,,,
2022-11-04,C,DCE,DCE.c2301-P-2580,P,2022-12-07,33,,-0.0247758535389684,2476,151,1.5,2580.0,2869.0,P,risk_reversal_lag1_positive_sell_call_else_sell_put,,,,,,833,833,1.0,12495.0,12500.0,0.00025,AGRI|P,,,,,False,,,,,,,,False,,,,,False,1207433.5000000002,0.0,0.02414867,35000000.0,1449.5000000000002,24146,False,iv_extreme_overlay,,,,,,,,,,t3_p95_rr_2d_repair_same_sign,,,,,,,,,,overlay2_risk_reversal_same_sign,0.9650924024640656,,,,,,risk_reversal_sidecar,risk_reversal_repair,risk_reversal_lag1_positive_sell_call_else_sell_put,2.0,P,-0.0333796540249695,-0.042099577392401,-0.0549936253433147,0.0333796540249695,0.042099577392401,0.0549936253433147,0.1674913354534953,0.1341116814285258,0.1712360727952332,0.1291364954028322,0.2051654739689729,0.1501718486256582,,,,,,,,,,,,,
2022-11-04,MA,CZCE,CZCE.MA301C3000,C,2022-12-05,31,,0.063073178590783,7163,7306,6.0,3000.0,2619.0,C,l4_diff02_delta04_l3eff015,0.2891546230012954,0.3110865641094592,0.3110865641094592,0.2891546230012954,0.0219319411081637,1250,1250,1.0,75000.0,75000.0,0.0015,CHEM|C,,,,,False,,,,,,,,False,0.45,0.00075,0.0,,False,1711875.0000000002,0.0,0.0342375,35000000.0,1369.5000000000002,25556,False,monthly,0.0,,,,,,,,,,,,,,,,,,,,,,,,,,,,,,,,,,,,,,,,,,,,,,,,,,,,,,,
2022-11-05,ZN,SHFE,SHFE.zn2212P20000,P,2022-11-24,19,,-0.0159488345168223,1639,54,12.0,20000.0,23940.0,P,risk_reversal_lag1_positive_sell_call_else_sell_put,,,,,,208,208,1.0,12480.0,12500.0,0.00025,METAL|P,,,,,False,,,,,,,,False,,,,,False,1257360.0,0.0,0.0251472,35000000.0,6045.0,5789,False,iv_extreme_overlay,,,,,,,,,,t3_p95_rr_2d_repair_same_sign,,,,,,,,,,overlay2_risk_reversal_same_sign,0.9690949227373068,,,,,,risk_reversal_sidecar,risk_reversal_repair,risk_reversal_lag1_positive_sell_call_else_sell_put,2.0,P,-0.0779803039618276,-0.1118121123266806,-0.1201341604680173,0.0779803039618276,0.1118121123266806,0.1201341604680173,0.3365001917497481,0.2585198877879204,0.3483504690498056,0.2365383567231249,0.3503922709918109,0.2302581105237935,,,,,,,,,,,,,
2022-11-11,M,DCE,DCE.m2301-P-3650,P,2022-12-07,26,,-0.0398414122068502,9376,1441,6.0,3650.0,4225.0,P,higher_iv_pressure,0.3819292082240756,,0.3819292082240756,,,208,208,1.0,12480.0,12500.0,0.00025,AGRI|P,,,,,False,,,,,,,,False,,,,,False,451880.0,0.0,0.0090376,35000000.0,2172.5,16110,False,iv_extreme_overlay,,,,,,0.2486732787853112,0.8330373001776199,563.0,32.0,t4_p90_pullback_3d_lag1_ivpct_lt95_trend15,2022-11-11,0.2537808033792971,0.2539199813701742,0.258429906667515,0.2771294987171091,0.8558718861209964,0.857397504456328,0.8767857142857143,0.9177101967799642,,0.9177101967799642,0.9,0.04,0.00025,,,iv_pullback_sidecar,iv_extreme_pullback,higher_iv_pressure,1.0,,,,,,,,,,,,,,,,,,,,,,,-0.0873015873015873,,,
2022-11-30,AL,SHFE,SHFE.al2301P17000,P,2022-12-26,26,,-0.0276409986479043,1075,464,13.0,17000.0,19135.0,P,l4_diff02_delta04_l3eff015,0.2351991234700577,,0.2351991234700577,,,576,576,1.0,37440.0,37500.0,0.00075,METAL|P,,,,,False,,,,,,,,False,0.45,0.00075,0.0,,False,2792880.0,0.0,0.0558576,35000000.0,4848.75,7218,False,monthly,0.0,,,,,,,,,,,,,,,,,,,,,,,,,,,,,,,,,,,,,,,,,,,,,,,,,,,,,,,
2022-12-06,CF,CZCE,CZCE.CF303P12200,P,2023-02-03,59,,-0.0689741049682083,2126,2365,34.0,12200.0,13675.0,P,l4_diff02_delta04_l3eff015,0.2122143234496498,,0.2122143234496498,,,294,294,1.0,49980.0,50000.0,0.001,SOFT|P,,,,,False,,,,,,,,False,0.45,0.00075,0.0,,False,1055092.5,0.0,0.02110185,35000000.0,3588.75,9752,False,monthly,0.0,,,,,,,,,,,,,,,,,,,,,,,,,,,,,,,,,,,,,,,,,,,,,,,,,,,,,,,
2022-12-06,MA,CZCE,CZCE.MA302C2900,C,2023-01-05,30,,0.0386952511737877,1830,1992,3.0,2900.0,2515.0,C,l4_diff02_delta04_l3eff015,0.2607099512027037,0.276883831166202,0.276883831166202,0.2607099512027037,0.0161738799634983,1666,1666,1.0,49980.0,50000.0,0.001,CHEM|C,,,,,False,,,,,,,,False,0.45,0.00075,0.0,,False,2144975.0,0.0,0.0428995,35000000.0,1287.5,27184,False,monthly,0.0,,,,,,,,,,,,,,,,,,,,,,,,,,,,,,,,,,,,,,,,,,,,,,,,,,,,,,,
2022-12-06,SR,CZCE,CZCE.SR303C6100,C,2023-02-03,59,,0.0674797440378386,9168,1736,10.0,6100.0,5548.0,C,l4_diff02_delta04_l3eff015,0.1161068757149304,0.1841655437097884,0.1841655437097884,0.1161068757149304,0.068058667994858,750,750,1.0,75000.0,75000.0,0.0015,SOFT|C,,,,,False,,,,,,,,False,0.45,0.00075,0.0,,False,2166000.0000000005,0.0,0.04332,35000000.0,2888.000000000001,12119,False,monthly,0.0,,,,,,,,,,,,,,,,,,,,,,,,,,,,,,,,,,,,,,,,,,,,,,,,,,,,,,,
2022-12-27,CU,SHFE,SHFE.cu2302P62000,P,2023-01-18,22,,-0.0553868453154229,1019,626,74.0,62000.0,66680.0,P,l4_diff02_delta04_l3eff015,0.2485683315765372,,0.2485683315765372,,,101,101,1.0,37370.0,37500.0,0.00075,METAL|P,,,,,False,,,,,,,,False,0.45,0.00075,0.0,,False,2223010.0,0.0,0.0444602,35000000.0,22010.0,1590,False,monthly,0.0,,,,,,,,,,,,,,,,,,,,,,,,,,,,,,,,,,,,,,,,,,,,,,,,,,,,,,,
2023-01-06,MA,CZCE,CZCE.MA303C2950,C,2023-02-03,28,,0.0255305052158421,1496,1593,1.5,2950.0,2617.0,C,l4_diff02_delta04_l3eff015,0.2203038041315138,0.2309707075235014,0.2309707075235014,0.2203038041315138,0.0106669033919876,3333,3333,1.0,49995.0,50000.0,0.001,CHEM|C,,,,,False,,,,,,,,False,0.45,0.00075,0.0,,False,4411225.5,0.0,0.08822451,35000000.0,1323.5,26445,False,monthly,0.0,,,,,,,,,,,,,,,,,,,,,,,,,,,,,,,,,,,,,,,,,,,,,,,,,,,,,,,
2023-01-06,TA,CZCE,CZCE.TA303P4700,P,2023-02-03,28,,-0.0350308554142461,2116,7893,5.0,4700.0,5290.0,P,l4_diff02_delta04_l3eff015,0.2339156856843356,0.2330965321050582,0.2339156856843356,0.2330965321050582,0.0008191535792773,1500,1500,1.0,37500.0,37500.0,0.00075,CHEM|P,,,,,False,,,,,,,,False,0.45,0.00075,0.0,,False,2021250.0,0.0,0.040425,35000000.0,1347.5,25974,False,monthly,0.0,,,,,,,,,,,,,,,,,,,,,,,,,,,,,,,,,,,,,,,,,,,,,,,,,,,,,,,
2023-01-19,AL,SHFE,SHFE.al2303P17500,P,2023-02-22,34,,-0.0446630178046502,1027,793,18.0,17500.0,19045.0,P,l4_diff02_delta04_l3eff015,0.1657121878899782,,0.1657121878899782,,,416,416,1.0,37440.0,37500.0,0.00075,METAL|P,,,,,False,,,,,,,,False,0.45,0.00075,0.0,,False,2392000.0,0.0,0.04784,35000000.0,5750.0,6086,False,monthly,0.0,,,,,,,,,,,,,,,,,,,,,,,,,,,,,,,,,,,,,,,,,,,,,,,,,,,,,,,
2023-01-19,CU,SHFE,SHFE.cu2303P60000,P,2023-02-22,34,,-0.0298757309800949,2291,3372,72.0,60000.0,70270.0,P,l4_diff02_delta04_l3eff015,0.2694663334984328,0.269099175025744,0.2694663334984328,0.269099175025744,0.0003671584726888,104,104,1.0,37440.0,37500.0,0.00075,METAL|P,,,,,False,,,,,,,,False,0.45,0.00075,0.0,,False,1864460.0,0.0,0.0372892,35000000.0,17927.5,1952,False,monthly,0.0,,,,,,,,,,,,,,,,,,,,,,,,,,,,,,,,,,,,,,,,,,,,,,,,,,,,,,,
2023-02-03,CF,CZCE,CZCE.CF305C18600,C,2023-04-06,62,,0.0271224241588637,19974,1493,16.0,18600.0,15080.0,C,risk_reversal_lag1_positive_sell_call_else_sell_put,,,,,,156,156,1.0,12480.0,12500.0,0.00025,SOFT|C,,,,,False,,,,,,,,False,,,,,False,600600.0,0.0,0.012012,35000000.0,3850.0,9090,False,iv_extreme_overlay,,,,,,,,,,t3_p95_rr_2d_repair_same_sign,,,,,,,,,,overlay2_risk_reversal_same_sign,0.9770114942528736,,,,,,risk_reversal_sidecar,risk_reversal_repair,risk_reversal_lag1_positive_sell_call_else_sell_put,2.0,C,0.068074822673427,0.0946881708852246,0.1157874201631968,0.068074822673427,0.0946881708852246,0.1157874201631968,0.1989199367615072,0.2669947594349343,0.1956378962817455,0.2903260671669702,0.1885953056968477,0.3043827258600445,,,,,,,,,,,,,
2023-02-06,CF,CZCE,CZCE.CF305C18000,C,2023-04-06,59,,0.0361364072874726,2026,409,21.0,18000.0,14925.0,C,l4_diff02_delta04_l3eff015,0.2384911781879703,0.2500613854876011,0.2500613854876011,0.2384911781879703,0.0115702072996308,357,357,1.0,37485.0,37500.0,0.00075,SOFT|C,,,,,False,,,,,,,,False,0.45,0.00075,0.0,,False,1369541.25,0.0,0.027390825,35000000.0,3836.25,9123,False,monthly,0.0,,,,,,,,,,,,,,,,,,,,,,,,,,,,,,,,,,,,,,,,,,,,,,,,,,,,,,,
2023-02-06,MA,CZCE,CZCE.MA304C3050,C,2023-03-03,25,,0.0304921166029952,5670,16296,2.0,3050.0,2700.0,C,l4_diff02_delta04_l3eff015,0.233647911279506,0.2440146740903314,0.2440146740903314,0.233647911279506,0.0103667628108254,2500,2500,1.0,50000.0,50000.0,0.001,CHEM|C,,,,,False,,,,,,,,False,0.45,0.00075,0.0,,False,3425000.0,0.0,0.0685,35000000.0,1370.0,25547,False,monthly,0.0,,,,,,,,,,,,,,,,,,,,,,,,,,,,,,,,,,,,,,,,,,,,,,,,,,,,,,,
2023-02-06,RM,CZCE,CZCE.RM305P2800,P,2023-04-06,59,,-0.0691638079367235,1857,1111,9.5,2800.0,3202.0,P,l4_diff02_delta04_l3eff015,0.2460699410731914,,0.2460699410731914,,,789,789,1.0,74955.0,75000.0,0.0015,AGRI|P,,,,,False,,,,,,,,False,0.45,0.00075,0.0,,False,1338144.0000000002,0.0,0.02676288,35000000.0,1696.0000000000002,20636,False,monthly,0.0,,,,,,,,,,,,,,,,,,,,,,,,,,,,,,,,,,,,,,,,,,,,,,,,,,,,,,,
2023-02-06,SR,CZCE,CZCE.SR305P5400,P,2023-04-06,59,,-0.0350267178991336,4930,1413,4.0,5400.0,5885.0,P,l4_diff02_delta04_l3eff015,0.1314195815927179,0.1204318068958121,0.1314195815927179,0.1204318068958121,0.0109877746969058,1250,1250,1.0,50000.0,50000.0,0.001,SOFT|P,,,,,False,,,,,,,,False,0.45,0.00075,0.0,,False,4375000.0,0.0,0.0875,35000000.0,3500.0,10000,False,monthly,0.0,,,,,,,,,,,,,,,,,,,,,,,,,,,,,,,,,,,,,,,,,,,,,,,,,,,,,,,
2023-02-06,TA,CZCE,CZCE.TA304C6400,C,2023-03-03,25,,0.0330613655254072,5709,12133,5.0,6400.0,5610.0,C,l4_diff02_delta04_l3eff015,0.2630023343051179,0.2679335304388904,0.2679335304388904,0.2630023343051179,0.0049311961337725,1500,1500,1.0,37500.0,37500.0,0.00075,CHEM|C,,,,,False,,,,,,,,False,0.45,0.00075,0.0,,False,2141250.0,0.0,0.042825,35000000.0,1427.5,24518,False,monthly,0.0,,,,,,,,,,,,,,,,,,,,,,,,,,,,,,,,,,,,,,,,,,,,,,,,,,,,,,,
2023-02-08,A,DCE,DCE.a2305-P-5100,P,2023-04-10,61,,-0.0734544593397144,1603,1139,11.0,5100.0,5546.0,P,l4_diff02_delta04_l3eff015,0.1753241079044278,0.115990447276119,0.1753241079044278,0.115990447276119,0.0593336606283087,681,681,1.0,74910.0,75000.0,0.0015,AGRI|P,,,,,False,,,,,,,,False,0.45,0.00075,0.0,,False,2333106.0,0.0,0.04666212,35000000.0,3426.0,10215,False,monthly,0.0,,,,,,,,,,,,,,,,,,,,,,,,,,,,,,,,,,,,,,,,,,,,,,,,,,,,,,,
2023-02-08,Y,DCE,DCE.y2305-C-10800,C,2023-04-10,61,,0.0142672043873626,1668,420,4.0,10800.0,8764.0,C,l4_diff02_delta04_l3eff015,0.2144155086183006,0.2286002007854109,0.2286002007854109,0.2144155086183006,0.0141846921671102,1250,1250,1.0,50000.0,50000.0,0.001,AGRI|C,,,,,False,,,,,,,,False,0.45,0.00075,0.0,,False,5527500.0,0.0,0.11055,35000000.0,4422.0,7914,False,monthly,0.0,,,,,,,,,,,,,,,,,,,,,,,,,,,,,,,,,,,,,,,,,,,,,,,,,,,,,,,
2023-02-23,AL,SHFE,SHFE.al2304C20000,C,2023-03-27,32,,0.0782903498957356,2782,2635,33.0,20000.0,18575.0,C,l4_diff02_delta04_l3eff015,,0.1731941669209513,0.1731941669209513,,,303,303,1.0,49995.0,50000.0,0.001,METAL|C,,,,,False,,,,,,,,False,0.45,0.00075,0.0,,False,1784670.0,0.0,0.0356934,35000000.0,5890.0,5942,False,monthly,0.0,,,,,,,,,,,,,,,,,,,,,,,,,,,,,,,,,,,,,,,,,,,,,,,,,,,,,,,
2023-03-06,MA,CZCE,CZCE.MA305C2850,C,2023-04-06,31,,0.0775307968509635,5435,8069,5.5,2850.0,2605.0,C,l4_diff02_delta04_l3eff015,0.2040398866126665,0.2394082445192304,0.2394082445192304,0.2040398866126665,0.0353683579065639,909,909,1.0,49995.0,50000.0,0.001,CHEM|C,,,,,False,,,,,,,,False,0.45,0.00075,0.0,,False,1304415.0,0.0,0.0260883,35000000.0,1435.0,24390,False,monthly,0.0,,,,,,,,,,,,,,,,,,,,,,,,,,,,,,,,,,,,,,,,,,,,,,,,,,,,,,,
2023-03-06,TA,CZCE,CZCE.TA305C6600,C,2023-04-06,31,,0.0303216390573853,6779,15919,4.5,6600.0,5802.0,C,l4_diff02_delta04_l3eff015,0.2536264527865184,0.2575756090534757,0.2575756090534757,0.2536264527865184,0.0039491562669573,1666,1666,1.0,37485.0,37500.0,0.00075,CHEM|C,,,,,False,,,,,,,,False,0.45,0.00075,0.0,,False,2454018.0,0.0,0.04908036,35000000.0,1473.0,23761,False,monthly,0.0,,,,,,,,,,,,,,,,,,,,,,,,,,,,,,,,,,,,,,,,,,,,,,,,,,,,,,,
2023-03-24,I,DCE,DCE.i2305-P-730,P,2023-04-10,17,,-0.0299767600966264,3659,4100,0.9,730.0,857.5,P,risk_reversal_lag1_positive_sell_call_else_sell_put,,,,,,138,138,1.0,12420.0,12500.0,0.00025,FERROUS|P,,,,,False,,,,,,,,False,,,,,False,663262.5,0.0,0.01326525,35000000.0,4806.25,7282,False,iv_extreme_overlay,,,,,,,,,,t3_p95_rr_2d_repair_same_sign,,,,,,,,,,overlay2_risk_reversal_same_sign,0.966804979253112,,,,,,risk_reversal_sidecar,risk_reversal_repair,risk_reversal_lag1_positive_sell_call_else_sell_put,2.0,P,-0.1002268695782659,-0.1409138059553367,-0.161332671514809,0.1002268695782659,0.1409138059553367,0.161332671514809,0.3949174840502986,0.2946906144720326,0.4257650688267222,0.2848512628713855,0.4462579257130307,0.2849252541982217,,,,,,,,,,,,,
2023-03-27,C,DCE,DCE.c2305-P-2380,P,2023-04-10,14,,-0.015463252170381,1072,326,1.0,2380.0,2733.0,P,risk_reversal_lag1_positive_sell_call_else_sell_put,,,,,,1250,1250,1.0,12500.0,12500.0,0.00025,AGRI|P,,,,,False,,,,,,,,False,,,,,False,1720625.0,0.0,0.0344125,35000000.0,1376.5,25426,False,iv_extreme_overlay,,,,,,,,,,t3_p95_rr_2d_repair_same_sign,,,,,,,,,,overlay2_risk_reversal_same_sign,1.0,,,,,,risk_reversal_sidecar,risk_reversal_repair,risk_reversal_lag1_positive_sell_call_else_sell_put,2.0,P,-0.0442692904450347,-0.0483283609192855,-0.0951771036927915,0.0442692904450347,0.0483283609192855,0.0951771036927915,0.1976397989500238,0.153370508504989,0.1854497605113191,0.1371213995920336,0.2279716804288384,0.1327945767360469,,,,,,,,,,,,,
2023-03-28,CU,SHFE,SHFE.cu2305P59000,P,2023-04-24,27,,-0.0286523089324035,1087,897,70.0,59000.0,69530.0,P,risk_reversal_lag1_positive_sell_call_else_sell_put,,,,,,35,35,1.0,12250.0,12500.0,0.00025,METAL|P,,,,,False,,,,,,,,False,,,,,False,620637.5,0.0,0.01241275,35000000.0,17732.5,1973,False,iv_extreme_overlay,,,,,,,,,,t3_p95_rr_2d_repair_same_sign,,,,,,,,,,overlay2_risk_reversal_same_sign,0.9891891891891892,,,,,,risk_reversal_sidecar,risk_reversal_repair,risk_reversal_lag1_positive_sell_call_else_sell_put,2.0,P,-0.0962685318443768,-0.1217086877292523,-0.1454933519508569,0.0962685318443768,0.1217086877292523,0.1454933519508569,0.3279304771270442,0.2316619452826674,0.327161030431207,0.2054523427019547,0.360546540490693,0.2150531885398361,,,,,,,,,,,,,
2023-03-28,AL,SHFE,SHFE.al2305P17000,P,2023-04-24,27,,-0.0379138038418635,1852,648,16.0,17000.0,18720.0,P,l4_diff02_delta04_l3eff015,0.2028214205997542,,0.2028214205997542,,,468,468,1.0,37440.0,37500.0,0.00075,METAL|P,,,,,False,,,,,,,,False,0.45,0.00075,0.0,,False,2405520.0,0.0,0.0481104,35000000.0,5140.0,6809,False,monthly,0.0,,,,,,,,,,,,,,,,,,,,,,,,,,,,,,,,,,,,,,,,,,,,,,,,,,,,,,,
2023-03-28,CU,SHFE,SHFE.cu2305P62000,P,2023-04-24,27,,-0.0680834932482856,1519,744,170.0,62000.0,69530.0,P,l4_diff02_delta04_l3eff015,0.3237977580065742,,0.3237977580065742,,,88,88,1.0,74800.0,75000.0,0.0015,METAL|P,,,,,False,,,,,,,,False,0.45,0.00075,0.0,,False,1604460.0,0.0,0.0320892,35000000.0,18232.5,1919,False,monthly,0.0,,,,,,,,,,,,,,,,,,,,,,,,,,,,,,,,,,,,,,,,,,,,,,,,,,,,,,,
2023-04-07,MA,CZCE,CZCE.MA306C2650,C,2023-05-08,31,,0.0762633204288388,8629,6024,5.5,2650.0,2396.0,C,l4_diff02_delta04_l3eff015,0.2291277363467263,0.2866423434064254,0.2866423434064254,0.2291277363467263,0.0575146070596991,909,909,1.0,49995.0,50000.0,0.001,CHEM|C,,,,,False,,,,,,,,False,0.45,0.00075,0.0,,False,1138977.0,0.0,0.02277954,35000000.0,1253.0,27932,False,monthly,0.0,,,,,,,,,,,,,,,,,,,,,,,,,,,,,,,,,,,,,,,,,,,,,,,,,,,,,,,
2023-04-07,OI,CZCE,CZCE.OI307C10400,C,2023-06-05,59,,0.047897014547812,5265,416,17.5,10400.0,8679.0,C,l4_diff02_delta04_l3eff015,,0.2620934643737286,0.2620934643737286,,,428,428,1.0,74900.0,75000.0,0.0015,AGRI|C,,,,,False,,,,,,,,False,0.45,0.00075,0.0,,False,1932206.0,0.0,0.03864412,35000000.0,4514.5,7752,False,monthly,0.0,,,,,,,,,,,,,,,,,,,,,,,,,,,,,,,,,,,,,,,,,,,,,,,,,,,,,,,
2023-04-07,TA,CZCE,CZCE.TA306P5400,P,2023-05-08,31,,-0.0783516543568354,8091,11663,17.5,5400.0,6024.0,P,l4_diff02_delta04_l3eff015,0.3396071801023721,,0.3396071801023721,,,857,857,1.0,74987.5,75000.0,0.0015,CHEM|P,,,,,False,,,,,,,,False,0.45,0.00075,0.0,,False,1365629.5,0.0,0.02731259,35000000.0,1593.5,21964,False,monthly,0.0,,,,,,,,,,,,,,,,,,,,,,,,,,,,,,,,,,,,,,,,,,,,,,,,,,,,,,,
2023-04-08,ZN,SHFE,SHFE.zn2305P20000,P,2023-04-24,16,,-0.0163766807544613,1312,11,7.0,20000.0,22340.0,P,risk_reversal_lag1_positive_sell_call_else_sell_put,,,,,,357,357,1.0,12495.0,12500.0,0.00025,METAL|P,,,,,False,,,,,,,,False,,,,,False,2006340.0,0.0,0.0401268,35000000.0,5620.0,6227,False,iv_extreme_overlay,,,,,,,,,,t3_p95_rr_2d_repair_same_sign,,,,,,,,,,overlay2_risk_reversal_same_sign,0.9757914338919924,,,,,,risk_reversal_sidecar,risk_reversal_repair,risk_reversal_lag1_positive_sell_call_else_sell_put,2.0,P,-0.0470196459918209,-0.1212277683234412,-0.1255459928037094,0.0470196459918209,0.1212277683234412,0.1255459928037094,0.2094957464629596,0.1624761004711387,0.2941759754681078,0.1729482071446666,0.2959049267990448,0.1703589339953354,,,,,,,,,,,,,
2023-05-09,MA,CZCE,CZCE.MA307C2500,C,2023-06-05,27,,0.072272691437756,6739,8147,4.5,2500.0,2276.0,C,l4_diff02_delta04_l3eff015,,0.2773454979562592,0.2773454979562592,,,1111,1111,1.0,49995.0,50000.0,0.001,CHEM|C,,,,,False,,,,,,,,False,0.45,0.00075,0.0,,False,1334311.0000000002,0.0,0.02668622,35000000.0,1201.0000000000002,29142,False,monthly,0.0,,,,,,,,,,,,,,,,,,,,,,,,,,,,,,,,,,,,,,,,,,,,,,,,,,,,,,,
2023-05-19,I,DCE,DCE.i2307-P-660,P,2023-06-07,19,,-0.027549187708431,2304,6795,0.8,660.0,786.0,P,risk_reversal_lag1_positive_sell_call_else_sell_put,,,,,,156,156,1.0,12480.000000000002,12500.0,0.00025,FERROUS|P,,,,,False,,,,,,,,False,,,,,False,686867.9999999999,0.0,0.0137373599999999,35000000.0,4402.999999999999,7949,False,iv_extreme_overlay,,,,,,,,,,t3_p95_rr_2d_repair_same_sign,,,,,,,,,,overlay2_risk_reversal_same_sign,0.9568627450980391,,,,,,risk_reversal_sidecar,risk_reversal_repair,risk_reversal_lag1_positive_sell_call_else_sell_put,2.0,P,-0.1089190712097994,-0.1244844192682991,-0.1551892455152861,0.1089190712097994,0.1244844192682991,0.1551892455152861,0.4090692653614276,0.3001501941516282,0.4116324350654332,0.287148015797134,0.4484572457959002,0.293268000280614,,,,,,,,,,,,,
2023-05-26,AL,SHFE,SHFE.al2307C19400,C,2023-06-26,31,,0.0619514825318949,1262,748,21.0,19400.0,18115.0,C,l4_diff02_delta04_l3eff015,,0.1507722787252347,0.1507722787252347,,,476,476,1.0,49980.0,50000.0,0.001,METAL|C,,,,,False,,,,,,,,False,0.45,0.00075,0.0,,False,2832200.0,0.0,0.056644,35000000.0,5950.0,5882,False,monthly,0.0,,,,,,,,,,,,,,,,,,,,,,,,,,,,,,,,,,,,,,,,,,,,,,,,,,,,,,,
2023-06-06,CF,CZCE,CZCE.CF309P14600,P,2023-08-03,58,,-0.0683331008119214,4719,386,52.0,14600.0,16825.0,P,l4_diff02_delta04_l3eff015,0.2773877961792484,,0.2773877961792484,,,192,192,1.0,49920.0,50000.0,0.001,SOFT|P,,,,,False,,,,,,,,False,0.45,0.00075,0.0,,False,857520.0,0.0,0.0171504,35000000.0,4466.25,7836,False,monthly,0.0,,,,,,,,,,,,,,,,,,,,,,,,,,,,,,,,,,,,,,,,,,,,,,,,,,,,,,,
2023-06-06,SR,CZCE,CZCE.SR309P5900,P,2023-08-03,58,,-0.0658301765902986,9806,9704,21.0,5900.0,6846.0,P,l4_diff02_delta04_l3eff015,0.2963391922557399,,0.2963391922557399,,,357,357,1.0,74970.0,75000.0,0.0015,SOFT|P,,,,,False,,,,,,,,False,0.45,0.00075,0.0,,False,1296981.0,0.0,0.02593962,35000000.0,3633.0,9633,False,monthly,0.0,,,,,,,,,,,,,,,,,,,,,,,,,,,,,,,,,,,,,,,,,,,,,,,,,,,,,,,
2023-06-06,TA,CZCE,CZCE.TA308P5000,P,2023-07-05,29,,-0.0654854044536751,12232,22572,12.5,5000.0,5590.0,P,l4_diff02_delta04_l3eff015,0.2894469872479892,0.2460199049233712,0.2894469872479892,0.2460199049233712,0.043427082324618,1200,1200,1.0,75000.0,75000.0,0.0015,CHEM|P,,,,,False,,,,,,,,False,0.45,0.00075,0.0,,False,1752000.0,0.0,0.03504,35000000.0,1460.0,23972,False,monthly,0.0,,,,,,,,,,,,,,,,,,,,,,,,,,,,,,,,,,,,,,,,,,,,,,,,,,,,,,,
2023-06-27,AG,SHFE,SHFE.ag2308C6100,C,2023-07-25,28,,0.0635836258788754,1287,1435,10.5,6100.0,5456.0,C,l4_diff02_delta04_l3eff015,0.2546434455152481,0.2904918545718261,0.2904918545718261,0.2546434455152481,0.0358484090565779,317,317,1.0,49927.5,50000.0,0.001,METAL|C,,,,,False,,,,,,,,False,0.45,0.00075,0.0,,False,2669742.3000000003,0.0,0.053394846,35000000.0,8421.900000000001,4155,False,monthly,0.0,,,,,,,,,,,,,,,,,,,,,,,,,,,,,,,,,,,,,,,,,,,,,,,,,,,,,,,
2023-06-27,CU,SHFE,SHFE.cu2308P62000,P,2023-07-25,28,,-0.0627750283380578,1672,2202,112.0,62000.0,67770.0,P,l4_diff02_delta04_l3eff015,0.274001246124911,0.1486700996261064,0.274001246124911,0.1486700996261064,0.1253311464988046,133,133,1.0,74480.0,75000.0,0.0015,METAL|P,,,,,False,,,,,,,,False,0.45,0.00075,0.0,,False,2662660.0,0.0,0.0532532,35000000.0,20020.0,1748,False,monthly,0.0,,,,,,,,,,,,,,,,,,,,,,,,,,,,,,,,,,,,,,,,,,,,,,,,,,,,,,,
2023-06-30,SR,CZCE,CZCE.SR309P5900,P,2023-08-03,34,,-0.0368327556316724,7769,5267,8.0,5900.0,6765.0,P,higher_iv_pressure,0.3036220574480549,,0.3036220574480549,,,156,156,1.0,12480.0,12500.0,0.00025,SOFT|P,,,,,False,,,,,,,,False,,,,,False,540150.0,0.0,0.010803,35000000.0,3462.5,10108,False,iv_extreme_overlay,,,,,,0.1778799625511621,0.9066852367688022,718.0,14.0,t4_p90_pullback_3d_lag1_ivpct_lt95_trend15,2023-06-30,0.1850179887170733,0.1855927889291076,0.1886824249115249,0.1937073936619345,0.9372384937238494,0.9413407821229052,0.9594405594405594,0.9761904761904762,,0.9761904761904762,0.9,0.04,0.00025,,,iv_pullback_sidecar,iv_extreme_pullback,higher_iv_pressure,1.0,,,,,,,,,,,,,,,,,,,,,,,,,,
2023-07-06,MA,CZCE,CZCE.MA309C2425,C,2023-08-03,28,,0.0733085806805901,4405,4613,5.5,2425.0,2150.0,C,l4_diff02_delta04_l3eff015,0.2484568418568515,0.3390463577329083,0.3390463577329083,0.2484568418568515,0.0905895158760568,1363,1363,1.0,74965.0,75000.0,0.0015,CHEM|C,,,,,False,,,,,,,,False,0.45,0.00075,0.0,,False,1540190.0,0.0,0.0308038,35000000.0,1130.0,30973,False,monthly,0.0,,,,,,,,,,,,,,,,,,,,,,,,,,,,,,,,,,,,,,,,,,,,,,,,,,,,,,,
2023-07-06,RM,CZCE,CZCE.RM309P3250,P,2023-08-03,28,,-0.0673904394440767,2932,3760,9.0,3250.0,3654.0,P,l4_diff02_delta04_l3eff015,0.350473729884221,,0.350473729884221,,,833,833,1.0,74970.0,75000.0,0.0015,AGRI|P,,,,,False,,,,,,,,False,0.45,0.00075,0.0,,False,1596861.0,0.0,0.03193722,35000000.0,1917.0,18257,False,monthly,0.0,,,,,,,,,,,,,,,,,,,,,,,,,,,,,,,,,,,,,,,,,,,,,,,,,,,,,,,
2023-07-06,TA,CZCE,CZCE.TA309C6300,C,2023-08-03,28,,0.0711093153326774,11432,22397,13.0,6300.0,5624.0,C,l4_diff02_delta04_l3eff015,0.2481155171905675,0.2863465864767163,0.2863465864767163,0.2481155171905675,0.0382310692861488,1153,1153,1.0,74945.0,75000.0,0.0015,CHEM|C,,,,,False,,,,,,,,False,0.45,0.00075,0.0,,False,1696063.0,0.0,0.03392126,35000000.0,1471.0,23793,False,monthly,0.0,,,,,,,,,,,,,,,,,,,,,,,,,,,,,,,,,,,,,,,,,,,,,,,,,,,,,,,
2023-07-10,Y,DCE,DCE.y2309-C-10000,C,2023-08-07,28,,0.0184212978704246,6846,3231,5.0,10000.0,8180.0,C,l4_diff02_delta04_l3eff015,0.2933427617935842,0.3029594172703646,0.3029594172703646,0.2933427617935842,0.0096166554767803,1000,1000,1.0,50000.0,50000.0,0.001,AGRI|C,,,,,False,,,,,,,,False,0.45,0.00075,0.0,,False,4140000.0,0.0,0.0828,35000000.0,4140.0,8454,False,monthly,0.0,,,,,,,,,,,,,,,,,,,,,,,,,,,,,,,,,,,,,,,,,,,,,,,,,,,,,,,
2023-07-17,PG,DCE,DCE.pg2309-C-4400,C,2023-08-07,21,,0.0351747685764469,1460,3377,4.0,4400.0,3814.0,C,higher_iv_pressure,0.2859105746137093,0.3309312378699929,0.3309312378699929,0.2859105746137093,0.0450206632562836,156,156,1.0,12480.0,12500.0,0.00025,CHEM|C,,,,,False,,,,,,,,False,,,,,False,1478256.0000000002,0.0,0.02956512,35000000.0,9476.000000000002,3693,False,iv_extreme_overlay,,,,,,0.3479587631691458,0.657496561210454,727.0,50.0,t4_p90_pullback_3d_lag1_ivpct_lt95_trend15,2023-07-17,0.244757062017128,0.2822231803342298,0.2910494480730089,0.7654361076043024,0.0110192837465564,0.1820689655172414,0.2693370165745856,0.9986168741355465,,0.9986168741355465,0.9,0.04,0.00025,,,iv_pullback_sidecar,iv_extreme_pullback,higher_iv_pressure,1.0,,,,,,,,,,,,,,,,,,,,,,,0.0234729261136303,,,
2023-07-20,CF,CZCE,CZCE.CF309P15800,P,2023-08-03,14,,-0.0215410210715251,6864,6500,6.0,15800.0,17220.0,P,term_structure_t1_high_iv_pressure,,,,,,416,416,1.0,12480.0,12500.0,0.00025,SOFT|P,,,,,False,,,,,,,,False,,,,,False,2117440.0,0.0,0.0423488,35000000.0,5090.0,6876,False,iv_extreme_overlay,,,,,,,,,,t3_p95_term_2d_repair_t1_no_trend_conflict_cluster_cap2,,,,,,,,,,overlay3_term_structure_cluster_cap2,0.9628252788104088,,,,,,term_structure_sidecar,term_structure_repair,term_structure_t1_high_iv_pressure,3.0,P,,,,,,,,,,,,,0.0330781948104015,0.0377500698219238,0.0496831086538434,0.234789927484285,0.2017117326738835,0.2444464237465956,0.2066963539246718,0.2573392261609211,0.2076561175070776,0.0921556122448978,P,False,
2023-07-26,CU,SHFE,SHFE.cu2309P63000,P,2023-08-25,30,,-0.0275106237368605,1856,1044,36.0,63000.0,69080.0,P,l4_diff02_delta04_l3eff015,0.1791505268901559,0.1679008338684782,0.1791505268901559,0.1679008338684782,0.0112496930216777,277,277,1.0,49860.0,50000.0,0.001,METAL|P,,,,,False,,,,,,,,False,0.45,0.00075,0.0,,False,5407040.0,0.0,0.1081408,35000000.0,19520.0,1793,False,monthly,0.0,,,,,,,,,,,,,,,,,,,,,,,,,,,,,,,,,,,,,,,,,,,,,,,,,,,,,,,
2023-07-26,ZN,SHFE,SHFE.zn2309C22400,C,2023-08-25,30,,0.0778778209191347,1760,3297,40.0,22400.0,20645.0,C,l4_diff02_delta04_l3eff015,,0.1966979824180455,0.1966979824180455,,,250,250,1.0,50000.0,50000.0,0.001,METAL|C,,,,,False,,,,,,,,False,0.45,0.00075,0.0,,False,1533750.0,0.0,0.030675,35000000.0,6135.0,5704,False,monthly,0.0,,,,,,,,,,,,,,,,,,,,,,,,,,,,,,,,,,,,,,,,,,,,,,,,,,,,,,,
2023-08-02,RU,SHFE,SHFE.ru2309C14000,C,2023-08-25,23,,0.0235754628981501,8796,4609,8.0,14000.0,11965.0,C,risk_reversal_lag1_positive_sell_call_else_sell_put,,,,,,156,156,1.0,12480.0,12500.0,0.00025,CHEM|C,,,,,False,,,,,,,,False,,,,,False,945750.0,0.0,0.018915,35000000.0,6062.5,5773,False,iv_extreme_overlay,,,,,,,,,,t3_p95_rr_2d_repair_same_sign,,,,,,,,,,overlay2_risk_reversal_same_sign,0.9689655172413794,,,,,,risk_reversal_sidecar,risk_reversal_repair,risk_reversal_lag1_positive_sell_call_else_sell_put,2.0,C,0.1385568138325276,0.1418019878779091,0.1440093046379238,0.1385568138325276,0.1418019878779091,0.1440093046379238,0.1591730787792838,0.2977298926118115,0.1637687240622021,0.3055707119401112,0.1501065144171285,0.2941158190550524,,,,,,,,,,,,,
2023-08-04,MA,CZCE,CZCE.MA310P2125,P,2023-09-05,32,,-0.0734178492537341,3091,11477,5.5,2125.0,2345.0,P,l4_diff02_delta04_l3eff015,0.2523518299633064,,0.2523518299633064,,,909,909,1.0,49995.0,50000.0,0.001,CHEM|P,,,,,False,,,,,,,,False,0.45,0.00075,0.0,,False,1181700.0,0.0,0.023634,35000000.0,1300.0,26923,False,monthly,0.0,,,,,,,,,,,,,,,,,,,,,,,,,,,,,,,,,,,,,,,,,,,,,,,,,,,,,,,
2023-08-04,TA,CZCE,CZCE.TA310C6600,C,2023-09-05,32,,0.0373376149313961,19392,22697,6.0,6600.0,5800.0,C,l4_diff02_delta04_l3eff015,0.2359492198444805,0.2372771907995322,0.2372771907995322,0.2359492198444805,0.0013279709550516,1250,1250,1.0,37500.0,37500.0,0.00075,CHEM|C,,,,,False,,,,,,,,False,0.45,0.00075,0.0,,False,1850000.0,0.0,0.037,35000000.0,1480.0,23648,False,monthly,0.0,,,,,,,,,,,,,,,,,,,,,,,,,,,,,,,,,,,,,,,,,,,,,,,,,,,,,,,
2023-08-08,C,DCE,DCE.c2311-P-2440,P,2023-10-13,66,,-0.0302519814306987,2078,201,2.0,2440.0,2731.0,P,l4_diff02_delta04_l3eff015,0.1620484712711815,0.1615960610525435,0.1620484712711815,0.1615960610525435,0.0004524102186379,2500,2500,1.0,50000.0,50000.0,0.001,AGRI|P,,,,,False,,,,,,,,False,0.45,0.00075,0.0,,False,3463750.0,0.0,0.069275,35000000.0,1385.5,25261,False,monthly,0.0,,,,,,,,,,,,,,,,,,,,,,,,,,,,,,,,,,,,,,,,,,,,,,,,,,,,,,,
2023-08-26,AG,SHFE,SHFE.ag2310C6600,C,2023-09-22,27,,0.0390444876580408,5052,253,6.0,6600.0,5854.0,C,l4_diff02_delta04_l3eff015,0.2312941233206963,0.2421562904308372,0.2421562904308372,0.2312941233206963,0.0108621671101409,416,416,1.0,37440.0,37500.0,0.00075,METAL|C,,,,,False,,,,,,,,False,0.45,0.00075,0.0,,False,3554553.6,0.0,0.071091072,35000000.0,8544.6,4096,False,monthly,0.0,,,,,,,,,,,,,,,,,,,,,,,,,,,,,,,,,,,,,,,,,,,,,,,,,,,,,,,
2023-08-26,AL,SHFE,SHFE.al2310P17800,P,2023-09-22,27,,-0.0619660100119731,1803,69,14.0,17800.0,18570.0,P,l4_diff02_delta04_l3eff015,0.1123741329309312,,0.1123741329309312,,,535,535,1.0,37450.0,37500.0,0.00075,METAL|P,,,,,False,,,,,,,,False,0.45,0.00075,0.0,,False,3975050.0,0.0,0.079501,35000000.0,7430.0,4710,False,monthly,0.0,,,,,,,,,,,,,,,,,,,,,,,,,,,,,,,,,,,,,,,,,,,,,,,,,,,,,,,
2023-08-26,CU,SHFE,SHFE.cu2310P65000,P,2023-09-22,27,,-0.0763807773885685,1834,75,96.0,65000.0,68770.0,P,l4_diff02_delta04_l3eff015,0.1833210832934628,0.1627116057529451,0.1833210832934628,0.1627116057529451,0.0206094775405177,104,104,1.0,49920.0,50000.0,0.001,METAL|P,,,,,False,,,,,,,,False,0.45,0.00075,0.0,,False,2645760.0,0.0,0.0529152,35000000.0,25440.0,1375,False,monthly,0.0,,,,,,,,,,,,,,,,,,,,,,,,,,,,,,,,,,,,,,,,,,,,,,,,,,,,,,,
2023-08-26,ZN,SHFE,SHFE.zn2310C23000,C,2023-09-22,27,,0.0223787782427686,1395,107,9.0,23000.0,20640.0,C,l4_diff02_delta04_l3eff015,0.1750836430392933,0.1958046446654012,0.1958046446654012,0.1750836430392933,0.0207210016261079,1111,1111,1.0,49995.0,50000.0,0.001,METAL|C,,,,,False,,,,,,,,False,0.45,0.00075,0.0,,False,5782755.0,0.0,0.1156551,35000000.0,5205.0,6724,False,monthly,0.0,,,,,,,,,,,,,,,,,,,,,,,,,,,,,,,,,,,,,,,,,,,,,,,,,,,,,,,
2023-08-31,IO,CFFEX,CFFEX.IO2309-C-4150,C,2023-09-15,15,,0.0266330355239479,2902,868,1.8,4150.0,3776.8,C,term_structure_t1_high_iv_pressure,,,,,,69,69,1.0,12420.0,12500.0,0.00025,CFFEX_INDEX|C,,,,,False,,,,,,,,False,,,,,False,1576015.2000000002,0.0,0.031520304,35000000.0,22840.800000000003,1532,False,iv_extreme_overlay,,,,,,,,,,t3_p95_term_2d_repair_t1_no_trend_conflict_cluster_cap2,,,,,,,,,,overlay3_term_structure_cluster_cap2,0.9828042328042328,,,,,,term_structure_sidecar,term_structure_repair,term_structure_t1_high_iv_pressure,3.0,C,,,,,,,,,,,,,0.0175032154107694,0.0201019176532877,0.028335386405974,0.1890670285008006,0.1715638130900312,0.2065984555331952,0.1864965378799074,0.22524829025609,0.196912903850116,-0.0459666063166365,C,False,
2023-09-04,MO,CFFEX,CFFEX.MO2309-C-6700,C,2023-09-15,11,,0.019305939362707,2876,640,1.6,6700.0,6198.0,C,term_structure_t1_high_iv_pressure,,,,,,78,78,1.0,12480.000000000002,12500.0,0.00025,CFFEX_INDEX|C,,,,,False,,,,,,,,False,,,,,False,2913144.0,0.0,0.05826288,35000000.0,37348.0,937,False,iv_extreme_overlay,,,,,,,,,,t3_p95_term_2d_repair_t1_no_trend_conflict_cluster_cap2,,,,,,,,,,overlay3_term_structure_cluster_cap2,0.9851851851851852,,,,,,term_structure_sidecar,term_structure_repair,term_structure_t1_high_iv_pressure,3.0,C,,,,,,,,,,,,,0.0145178099819761,0.0188196397293117,0.0290995187175402,0.1689771695001248,0.1544593595181486,0.1841838958847242,0.1653642561554124,0.1917619783473854,0.1626624596298451,-0.0660484191840358,C,False,
2023-09-06,PK,CZCE,CZCE.PK311C11600,C,2023-10-11,35,,0.0362661855119453,2199,1107,9.5,11600.0,10292.0,C,l4_diff02_delta04_l3eff015,0.217767927227963,0.2289676569340696,0.2289676569340696,0.217767927227963,0.0111997297061065,1052,1052,1.0,49970.0,50000.0,0.001,AGRI|C,,,,,False,,,,,,,,False,0.45,0.00075,0.0,,False,2756766.0,0.0,0.05513532,35000000.0,2620.5,13356,False,monthly,0.0,,,,,,,,,,,,,,,,,,,,,,,,,,,,,,,,,,,,,,,,,,,,,,,,,,,,,,,
2023-09-23,AL,SHFE,SHFE.al2311C21000,C,2023-10-25,32,,0.0784305253223635,1500,42,36.0,21000.0,19445.0,C,l4_diff02_delta04_l3eff015,0.1413980895878575,0.1802520532917339,0.1802520532917339,0.1413980895878575,0.0388539637038763,416,416,1.0,74880.0,75000.0,0.0015,METAL|C,,,,,False,,,,,,,,False,0.45,0.00075,0.0,,False,2502240.0,0.0,0.0500448,35000000.0,6015.0,5818,False,monthly,0.0,,,,,,,,,,,,,,,,,,,,,,,,,,,,,,,,,,,,,,,,,,,,,,,,,,,,,,,
2023-09-23,CU,SHFE,SHFE.cu2311P63000,P,2023-10-25,32,,-0.0779648230175758,1080,384,130.0,63000.0,67850.0,P,l4_diff02_delta04_l3eff015,0.2074598505313039,0.1654564594382717,0.2074598505313039,0.1654564594382717,0.0420033910930322,115,115,1.0,74750.0,75000.0,0.0015,METAL|P,,,,,False,,,,,,,,False,0.45,0.00075,0.0,,False,2581750.0,0.0,0.051635,35000000.0,22450.0,1559,False,monthly,0.0,,,,,,,,,,,,,,,,,,,,,,,,,,,,,,,,,,,,,,,,,,,,,,,,,,,,,,,
2023-09-23,ZN,SHFE,SHFE.zn2311P20000,P,2023-10-25,32,,-0.0701569740119372,1850,202,41.0,20000.0,21785.0,P,l4_diff02_delta04_l3eff015,0.199932656311768,,0.199932656311768,,,243,243,1.0,49815.0,50000.0,0.001,METAL|P,,,,,False,,,,,,,,False,0.45,0.00075,0.0,,False,1612305.0,0.0,0.0322461,35000000.0,6635.0,5275,False,monthly,0.0,,,,,,,,,,,,,,,,,,,,,,,,,,,,,,,,,,,,,,,,,,,,,,,,,,,,,,,
2023-10-12,OI,CZCE,CZCE.OI401C10400,C,2023-12-13,62,,0.0603615486143452,1000,537,23.0,10400.0,8797.0,C,l4_diff02_delta04_l3eff015,,0.2690038252518162,0.2690038252518162,,,217,217,1.0,49910.0,50000.0,0.001,AGRI|C,,,,,False,,,,,,,,False,0.45,0.00075,0.0,,False,1004384.5,0.0,0.02008769,35000000.0,4628.5,7561,False,monthly,0.0,,,,,,,,,,,,,,,,,,,,,,,,,,,,,,,,,,,,,,,,,,,,,,,,,,,,,,,
2023-10-12,RM,CZCE,CZCE.RM401C3400,C,2023-12-13,62,,0.0721619654355922,2085,1593,10.0,3400.0,2862.0,C,l4_diff02_delta04_l3eff015,0.26954734702804,0.2934074643624047,0.2934074643624047,0.26954734702804,0.0238601173343646,750,750,1.0,75000.0,75000.0,0.0015,AGRI|C,,,,,False,,,,,,,,False,0.45,0.00075,0.0,,False,1148250.0,0.0,0.022965,35000000.0,1531.0,22860,False,monthly,0.0,,,,,,,,,,,,,,,,,,,,,,,,,,,,,,,,,,,,,,,,,,,,,,,,,,,,,,,
2023-10-12,SR,CZCE,CZCE.SR401P6200,P,2023-12-13,62,,-0.0767818722917799,12231,4902,15.0,6200.0,6765.0,P,l4_diff02_delta04_l3eff015,0.1960243694325666,0.156918055260066,0.1960243694325666,0.156918055260066,0.0391063141725005,500,500,1.0,75000.0,75000.0,0.0015,SOFT|P,,,,,False,,,,,,,,False,0.45,0.00075,0.0,,False,2045000.0,0.0,0.0409,35000000.0,4090.0,8557,False,monthly,0.0,,,,,,,,,,,,,,,,,,,,,,,,,,,,,,,,,,,,,,,,,,,,,,,,,,,,,,,
2023-10-12,TA,CZCE,CZCE.TA312C6500,C,2023-11-03,22,,0.0270348380033836,8224,11673,3.5,6500.0,5782.0,C,l4_diff02_delta04_l3eff015,0.2571402874509404,0.2643190888261857,0.2643190888261857,0.2571402874509404,0.0071788013752452,2142,2142,1.0,37485.0,37500.0,0.00075,CHEM|C,,,,,False,,,,,,,,False,0.45,0.00075,0.0,,False,3133746.0,0.0,0.06267492,35000000.0,1463.0,23923,False,monthly,0.0,,,,,,,,,,,,,,,,,,,,,,,,,,,,,,,,,,,,,,,,,,,,,,,,,,,,,,,
2023-10-16,C,DCE,DCE.c2401-C-2800,C,2023-12-07,52,,0.035100753219766,5487,1084,2.0,2800.0,2515.0,C,l4_diff02_delta04_l3eff015,0.1399568209520691,0.1578022547657893,0.1578022547657893,0.1399568209520691,0.0178454338137201,1875,1875,1.0,37500.0,37500.0,0.00075,AGRI|C,,,,,False,,,,,,,,False,0.45,0.00075,0.0,,False,2395312.5,0.0,0.04790625,35000000.0,1277.5,27397,False,monthly,0.0,,,,,,,,,,,,,,,,,,,,,,,,,,,,,,,,,,,,,,,,,,,,,,,,,,,,,,,
2023-10-26,AG,SHFE,SHFE.ag2312C6600,C,2023-11-24,29,,0.0308037214656494,3527,1817,4.5,6600.0,5821.0,C,l4_diff02_delta04_l3eff015,0.2200974212191824,0.2281229223486696,0.2281229223486696,0.2200974212191824,0.0080255011294871,555,555,1.0,37462.5,37500.0,0.00075,METAL|C,,,,,False,,,,,,,,False,0.45,0.00075,0.0,,False,4548447.0,0.0,0.09096894,35000000.0,8195.4,4270,False,monthly,0.0,,,,,,,,,,,,,,,,,,,,,,,,,,,,,,,,,,,,,,,,,,,,,,,,,,,,,,,
2023-10-26,CU,SHFE,SHFE.cu2312P62000,P,2023-11-24,29,,-0.0588845774463408,2148,2251,78.0,62000.0,66510.0,P,l4_diff02_delta04_l3eff015,0.1815974468768249,0.1312762824861326,0.1815974468768249,0.1312762824861326,0.0503211643906923,192,192,1.0,74880.0,75000.0,0.0015,METAL|P,,,,,False,,,,,,,,False,0.45,0.00075,0.0,,False,4295040.0,0.0,0.0859008,35000000.0,22370.0,1564,False,monthly,0.0,,,,,,,,,,,,,,,,,,,,,,,,,,,,,,,,,,,,,,,,,,,,,,,,,,,,,,,
2023-11-06,MA,CZCE,CZCE.MA401C2800,C,2023-12-13,37,,0.0577356713342513,22285,21564,4.5,2800.0,2479.0,C,l4_diff02_delta04_l3eff015,0.2276811747203605,0.2509261319513425,0.2509261319513425,0.2276811747203605,0.0232449572309819,1666,1666,1.0,74970.0,75000.0,0.0015,CHEM|C,,,,,False,,,,,,,,False,0.45,0.00075,0.0,,False,2139977.0,0.0,0.04279954,35000000.0,1284.5,27247,False,monthly,0.0,,,,,,,,,,,,,,,,,,,,,,,,,,,,,,,,,,,,,,,,,,,,,,,,,,,,,,,
2023-11-06,PK,CZCE,CZCE.PK401C10200,C,2023-12-13,37,,0.0531263816405471,1423,2364,12.5,10200.0,9212.0,C,l4_diff02_delta04_l3eff015,0.1641905110192782,0.2181566500367716,0.2181566500367716,0.1641905110192782,0.0539661390174933,1200,1200,1.0,75000.0,75000.0,0.0015,AGRI|C,,,,,False,,,,,,,,False,0.45,0.00075,0.0,,False,2838600.0,0.0,0.056772,35000000.0,2365.5,14796,False,monthly,0.0,,,,,,,,,,,,,,,,,,,,,,,,,,,,,,,,,,,,,,,,,,,,,,,,,,,,,,,
2023-11-06,TA,CZCE,CZCE.TA401C6700,C,2023-12-13,37,,0.0301824913478248,11856,19519,4.5,6700.0,5898.0,C,l4_diff02_delta04_l3eff015,0.2157929391545095,0.2204910088561344,0.2204910088561344,0.2157929391545095,0.0046980697016248,1666,1666,1.0,37485.0,37500.0,0.00075,CHEM|C,,,,,False,,,,,,,,False,0.45,0.00075,0.0,,False,2494002.0000000005,0.0,0.04988004,35000000.0,1497.0000000000002,23380,False,monthly,0.0,,,,,,,,,,,,,,,,,,,,,,,,,,,,,,,,,,,,,,,,,,,,,,,,,,,,,,,
2023-11-08,Y,DCE,DCE.y2401-C-8900,C,2023-12-07,29,,0.077235748711086,10893,7536,15.5,8900.0,8212.0,C,l4_diff02_delta04_l3eff015,0.1791757323963598,0.2249449009480284,0.2249449009480284,0.1791757323963598,0.0457691685516686,483,483,1.0,74865.0,75000.0,0.0015,AGRI|C,,,,,False,,,,,,,,False,0.45,0.00075,0.0,,False,2379741.0,0.0,0.04759482,35000000.0,4927.0,7103,False,monthly,0.0,,,,,,,,,,,,,,,,,,,,,,,,,,,,,,,,,,,,,,,,,,,,,,,,,,,,,,,
2023-11-23,A,DCE,DCE.a2401-C-5400,C,2023-12-07,14,,0.0176896257273367,6510,115,1.0,5400.0,5054.0,C,higher_iv_pressure,0.1383203308870074,0.212807606610858,0.212807606610858,0.1383203308870074,0.0744872757238506,1250,1250,1.0,12500.0,12500.0,0.00025,AGRI|C,,,,,False,,,,,,,,False,,,,,False,4167500.000000001,0.0,0.08335,35000000.0,3334.0000000000005,10497,False,iv_extreme_overlay,,,,,,0.1469570139248711,0.589171974522293,314.0,27.0,t4_p90_pullback_3d_lag1_ivpct_lt95_trend15,2023-11-23,0.1431402194354515,0.153892953588545,0.166846372146478,0.1807963466014246,0.5431309904153354,0.6730769230769231,0.8585209003215434,0.9419354838709676,,0.9419354838709676,0.9,0.04,0.00025,,,iv_pullback_sidecar,iv_extreme_pullback,higher_iv_pressure,1.0,,,,,,,,,,,,,,,,,,,,,,,-0.0196154593124878,,,
2023-11-25,AL,SHFE,SHFE.al2401C19500,C,2023-12-25,30,,0.0779974458109732,1536,73,18.0,19500.0,18745.0,C,l4_diff02_delta04_l3eff015,,0.1043287926094491,0.1043287926094491,,,555,555,1.0,49950.0,50000.0,0.001,METAL|C,,,,,False,,,,,,,,False,0.45,0.00075,0.0,,False,4204125.0,0.0,0.0840825,35000000.0,7575.0,4620,False,monthly,0.0,,,,,,,,,,,,,,,,,,,,,,,,,,,,,,,,,,,,,,,,,,,,,,,,,,,,,,,
2023-11-25,CU,SHFE,SHFE.cu2401P64000,P,2023-12-25,30,,-0.0712506928644892,2772,99,92.0,64000.0,68010.0,P,l4_diff02_delta04_l3eff015,0.1921491517137015,0.1334644747628891,0.1921491517137015,0.1334644747628891,0.0586846769508123,163,163,1.0,74980.0,75000.0,0.0015,METAL|P,,,,,False,,,,,,,,False,0.45,0.00075,0.0,,False,3983720.0,0.0,0.0796744,35000000.0,24440.0,1432,False,monthly,0.0,,,,,,,,,,,,,,,,,,,,,,,,,,,,,,,,,,,,,,,,,,,,,,,,,,,,,,,
2023-11-27,RB,SHFE,SHFE.rb2401P3650,P,2023-12-25,28,,-0.076838394902523,14162,6710,7.5,3650.0,3936.0,P,l4_diff02_delta04_l3eff015,0.2591481577533388,0.2334624970165732,0.2591481577533388,0.2334624970165732,0.0256856607367656,1000,1000,1.0,75000.0,75000.0,0.0015,FERROUS|P,,,,,False,,,,,,,,False,0.45,0.00075,0.0,,False,2581000.0,0.0,0.05162,35000000.0,2581.0,13560,False,monthly,0.0,,,,,,,,,,,,,,,,,,,,,,,,,,,,,,,,,,,,,,,,,,,,,,,,,,,,,,,
2023-12-07,I,DCE,DCE.i2402-P-820,P,2024-01-08,32,,-0.0292516459026837,2397,868,1.3,820.0,1004.0,P,risk_reversal_lag1_positive_sell_call_else_sell_put,,,,,,96,96,1.0,12480.000000000002,12500.0,0.00025,FERROUS|P,,,,,False,,,,,,,,False,,,,,False,542592.0,0.0,0.01085184,35000000.0,5652.0,6192,False,iv_extreme_overlay,,,,,,,,,,t3_p95_rr_2d_repair_same_sign,,,,,,,,,,overlay2_risk_reversal_same_sign,0.9817578772802652,,,,,,risk_reversal_sidecar,risk_reversal_repair,risk_reversal_lag1_positive_sell_call_else_sell_put,2.0,P,-0.127832193263324,-0.1606079285861187,-0.1749721925900481,0.127832193263324,0.1606079285861187,0.1749721925900481,0.4152692986081789,0.2874371053448549,0.4285241973531138,0.2679162687669951,0.4531290613362301,0.278156868746182,,,,,,,,,,,,,
2023-12-08,A,DCE,DCE.a2403-C-5500,C,2024-02-07,61,,0.0394998341269815,1013,956,5.0,5500.0,4890.0,C,higher_iv_pressure,,0.1608403293263401,0.1608403293263401,,,250,250,1.0,12500.0,12500.0,0.00025,AGRI|C,,,,,False,,,,,,,,False,,,,,False,623750.0,0.0,0.012475,35000000.0,2495.0,14028,False,iv_extreme_overlay,,,,,,0.1047800437453596,0.0061538461538461,325.0,17.0,t4_p90_pullback_3d_lag1_ivpct_lt95_trend15,2023-12-08,0.113352097462149,0.1395847716992495,0.143547318373968,0.1719501336920902,0.0524691358024691,0.4922600619195046,0.5496894409937888,0.9034267912772586,,0.9034267912772586,0.9,0.04,0.00025,,,iv_pullback_sidecar,iv_extreme_pullback,higher_iv_pressure,1.0,,,,,,,,,,,,,,,,,,,,,,,,,,
2023-12-14,SR,CZCE,CZCE.SR403C6900,C,2024-02-06,54,,0.0609309286557659,2798,2231,9.5,6900.0,6291.0,C,l4_diff02_delta04_l3eff015,,0.1923816921236461,0.1923816921236461,,,789,789,1.0,74955.0,75000.0,0.0015,SOFT|C,,,,,False,,,,,,,,False,0.45,0.00075,0.0,,False,2636049.0,0.0,0.05272098,35000000.0,3341.0,10475,False,monthly,0.0,,,,,,,,,,,,,,,,,,,,,,,,,,,,,,,,,,,,,,,,,,,,,,,,,,,,,,,
2023-12-14,TA,CZCE,CZCE.TA402C6100,C,2024-01-11,28,,0.0715542308882182,7725,14524,9.5,6100.0,5626.0,C,l4_diff02_delta04_l3eff015,0.1989694273948586,0.2248728247939161,0.2248728247939161,0.1989694273948586,0.0259033973990574,1578,1578,1.0,74955.0,75000.0,0.0015,CHEM|C,,,,,False,,,,,,,,False,0.45,0.00075,0.0,,False,2643939.0,0.0,0.05287878,35000000.0,1675.5,20889,False,monthly,0.0,,,,,,,,,,,,,,,,,,,,,,,,,,,,,,,,,,,,,,,,,,,,,,,,,,,,,,,
2023-12-26,AG,SHFE,SHFE.ag2402C6800,C,2024-01-25,30,,0.0660160838726259,3035,1884,12.5,6800.0,6074.0,C,l4_diff02_delta04_l3eff015,0.2281012520967606,0.2603139586956756,0.2603139586956756,0.2281012520967606,0.032212706598915,266,266,1.0,49875.0,50000.0,0.001,METAL|C,,,,,False,,,,,,,,False,0.45,0.00075,0.0,,False,2479146.6,0.0,0.049582932,35000000.0,9320.1,3755,False,monthly,0.0,,,,,,,,,,,,,,,,,,,,,,,,,,,,,,,,,,,,,,,,,,,,,,,,,,,,,,,
2023-12-26,AL,SHFE,SHFE.al2402C21000,C,2024-01-25,30,,0.0488728982161591,1929,3803,20.0,21000.0,19240.0,C,l4_diff02_delta04_l3eff015,0.1360616633972254,0.1816136553150124,0.1816136553150124,0.1360616633972254,0.045551991917787,500,500,1.0,50000.0,50000.0,0.001,METAL|C,,,,,False,,,,,,,,False,0.45,0.00075,0.0,,False,2660000.0,0.0,0.0532,35000000.0,5320.0,6578,False,monthly,0.0,,,,,,,,,,,,,,,,,,,,,,,,,,,,,,,,,,,,,,,,,,,,,,,,,,,,,,,
2023-12-26,CU,SHFE,SHFE.cu2402P65000,P,2024-01-25,30,,-0.0614463199303844,1832,1595,74.0,65000.0,69050.0,P,l4_diff02_delta04_l3eff015,0.1790377225811885,0.1414573930137056,0.1790377225811885,0.1414573930137056,0.0375803295674829,135,135,1.0,49950.0,50000.0,0.001,METAL|P,,,,,False,,,,,,,,False,0.45,0.00075,0.0,,False,3343950.0,0.0,0.066879,35000000.0,24770.0,1412,False,monthly,0.0,,,,,,,,,,,,,,,,,,,,,,,,,,,,,,,,,,,,,,,,,,,,,,,,,,,,,,,
2024-01-09,OI,CZCE,CZCE.OI403C9100,C,2024-02-06,28,,0.0245057428066977,1273,174,5.0,9100.0,7908.0,C,risk_reversal_lag1_positive_sell_call_else_sell_put,,,,,,250,250,1.0,12500.0,12500.0,0.00025,AGRI|C,,,,,False,,,,,,,,False,,,,,False,1001000.0,0.0,0.02002,35000000.0,4004.000000000001,8741,False,iv_extreme_overlay,,,,,,,,,,t3_p95_rr_2d_repair_same_sign,,,,,,,,,,overlay2_risk_reversal_same_sign,0.986254295532646,,,,,,risk_reversal_sidecar,risk_reversal_repair,risk_reversal_lag1_positive_sell_call_else_sell_put,2.0,C,0.0353669642614885,0.0479603295105491,0.0639356480140102,0.0353669642614885,0.0479603295105491,0.0639356480140102,0.2029837653756485,0.238350729637137,0.1909136355263664,0.2388739650369155,0.1893103780020515,0.2532460260160618,,,,,,,,,,,,,
2024-01-18,RM,CZCE,CZCE.RM403C2900,C,2024-02-06,19,,0.0247313424421236,13572,3316,1.5,2900.0,2550.0,C,term_structure_t1_high_iv_pressure,,,,,,833,833,1.0,12495.0,12500.0,0.00025,AGRI|C,,,,,False,,,,,,,,False,,,,,False,1074570.0,0.0,0.0214914,35000000.0,1290.0,27131,False,iv_extreme_overlay,,,,,,,,,,t3_p95_term_2d_repair_t1_no_trend_conflict_cluster_cap2,,,,,,,,,,overlay3_term_structure_cluster_cap2,0.9531615925058547,,,,,,term_structure_sidecar,term_structure_repair,term_structure_t1_high_iv_pressure,3.0,C,,,,,,,,,,,,,0.0313489061726044,0.0385294515020064,0.0529966950663794,0.2325823386698523,0.2012334324972478,0.2375111150032102,0.1989816635012037,0.2555364119834038,0.2025397169170243,-0.153407183618664,C,False,
2024-01-26,CU,SHFE,SHFE.cu2403C75000,C,2024-02-23,28,,0.0363740766520864,1827,504,44.0,75000.0,69160.0,C,l4_diff02_delta04_l3eff015,0.1473763335419851,0.1611687794943429,0.1611687794943429,0.1473763335419851,0.0137924459523578,227,227,1.0,49940.0,50000.0,0.001,METAL|C,,,,,False,,,,,,,,False,0.45,0.00075,0.0,,False,4585400.0,0.0,0.091708,35000000.0,20200.0,1732,False,monthly,0.0,,,,,,,,,,,,,,,,,,,,,,,,,,,,,,,,,,,,,,,,,,,,,,,,,,,,,,,
2024-01-26,RB,SHFE,SHFE.rb2403P3750,P,2024-02-23,28,,-0.0735057574844001,10329,1870,5.0,3750.0,3959.0,P,l4_diff02_delta04_l3eff015,0.2234631249785686,0.1556598983406189,0.2234631249785686,0.1556598983406189,0.0678032266379496,1500,1500,1.0,75000.0,75000.0,0.0015,FERROUS|P,,,,,False,,,,,,,,False,0.45,0.00075,0.0,,False,4446000.000000001,0.0,0.08892,35000000.0,2964.0000000000005,11808,False,monthly,0.0,,,,,,,,,,,,,,,,,,,,,,,,,,,,,,,,,,,,,,,,,,,,,,,,,,,,,,,
2024-02-07,OI,CZCE,CZCE.OI405C8800,C,2024-04-11,64,,0.0701403966877763,1958,400,22.5,8800.0,7562.0,C,l4_diff02_delta04_l3eff015,,0.2457482737898876,0.2457482737898876,,,222,222,1.0,49950.0,50000.0,0.001,AGRI|C,,,,,False,,,,,,,,False,0.45,0.00075,0.0,,False,889332.0,0.0,0.01778664,35000000.0,4006.0,8736,False,monthly,0.0,,,,,,,,,,,,,,,,,,,,,,,,,,,,,,,,,,,,,,,,,,,,,,,,,,,,,,,
2024-02-07,RM,CZCE,CZCE.RM405C2900,C,2024-04-11,64,,0.0791763705997934,2979,1095,10.0,2900.0,2430.0,C,l4_diff02_delta04_l3eff015,,0.3085789615354736,0.3085789615354736,,,750,750,1.0,75000.0,75000.0,0.0015,AGRI|C,,,,,False,,,,,,,,False,0.45,0.00075,0.0,,False,986250.0,0.0,0.019725,35000000.0,1315.0,26615,False,monthly,0.0,,,,,,,,,,,,,,,,,,,,,,,,,,,,,,,,,,,,,,,,,,,,,,,,,,,,,,,
2024-02-07,SR,CZCE,CZCE.SR405P6000,P,2024-04-11,64,,-0.0795293370583024,21744,4998,16.5,6000.0,6584.0,P,l4_diff02_delta04_l3eff015,0.1869557516575083,0.1531209832408651,0.1869557516575083,0.1531209832408651,0.0338347684166432,454,454,1.0,74910.0,75000.0,0.0015,SOFT|P,,,,,False,,,,,,,,False,0.45,0.00075,0.0,,False,1738366.0000000005,0.0,0.03476732,35000000.0,3829.000000000001,9140,False,monthly,0.0,,,,,,,,,,,,,,,,,,,,,,,,,,,,,,,,,,,,,,,,,,,,,,,,,,,,,,,
2024-02-19,IO,CFFEX,CFFEX.IO2403-C-3800,C,2024-03-15,25,,0.0303327802915733,3089,823,2.4,3800.0,3373.0,C,higher_iv_pressure,0.2810045750686625,0.2814115661031172,0.2814115661031172,0.2810045750686625,0.0004069910344546,52,52,1.0,12480.0,12500.0,0.00025,CFFEX_INDEX|C,,,,,False,,,,,,,,False,,,,,False,1064856.0,0.0,0.02129712,35000000.0,20478.0,1709,False,iv_extreme_overlay,,,,,,0.2047931533548073,0.6749435665914221,886.0,24.0,t4_p90_pullback_3d_lag1_ivpct_lt95_trend15,2024-02-19,0.2033784545322604,0.2107918278334563,0.2126208115457252,0.2485321016580583,0.6587570621468927,0.7228506787330317,0.7315968289920725,0.919501133786848,,0.919501133786848,0.9,0.04,0.00025,,,iv_pullback_sidecar,iv_extreme_pullback,higher_iv_pressure,1.0,,,,,,,,,,,,,,,,,,,,,,,0.019771955361475,,,
2024-02-19,B,DCE,DCE.b2404-C-4550,C,2024-03-07,17,,0.0049737119320619,1871,751,0.5,4550.0,3582.0,C,higher_iv_pressure,,0.4225785332356404,0.4225785332356404,,,2500,2500,1.0,12500.0,12500.0,0.00025,OTHER|C,,,,,False,,,,,,,,False,,,,,False,4490000.000000001,0.0,0.0898,35000000.0,1796.0000000000002,19487,False,iv_extreme_overlay,,,,,,0.2098358141353667,0.6097560975609756,369.0,42.0,t4_p90_pullback_3d_lag1_ivpct_lt95_trend15,2024-02-19,0.1741848536547557,0.1913448197726074,0.2081895565241635,0.3100915841146194,0.154891304347826,0.3487738419618528,0.587431693989071,0.9945205479452056,,0.9945205479452056,0.9,0.04,0.00025,,,iv_pullback_sidecar,iv_extreme_pullback,higher_iv_pressure,1.0,,,,,,,,,,,,,,,,,,,,,,,-0.0846711548420507,,,
2024-02-21,HO,CFFEX,CFFEX.HO2403-C-2700,C,2024-03-15,23,,0.0268458564566256,1482,1064,1.4,2700.0,2407.4,C,higher_iv_pressure,0.2007091022332039,0.2769150990028489,0.2769150990028489,0.2007091022332039,0.0762059967696449,89,89,1.0,12460.0,12500.0,0.00025,CFFEX_INDEX|C,,,,,False,,,,,,,,False,,,,,False,1298011.6,0.0,0.0259602319999999,35000000.0,14584.4,2399,False,iv_extreme_overlay,,,,,,0.1872633902014976,0.8120567375886525,282.0,54.0,t4_p90_pullback_3d_lag1_ivpct_lt95_trend15,2024-02-21,0.1857878542212626,0.2028381398171788,0.2121914454375921,0.2135780023141209,0.7793594306049823,0.9678571428571427,0.985663082437276,0.9892086330935252,,0.9892086330935252,0.9,0.04,0.00025,,,iv_pullback_sidecar,iv_extreme_pullback,higher_iv_pressure,1.0,,,,,,,,,,,,,,,,,,,,,,,0.0484101464808861,,,
2024-02-24,AG,SHFE,SHFE.ag2404P5400,P,2024-03-25,30,,-0.0352018300758695,1877,74,4.5,5400.0,5938.0,P,l4_diff02_delta04_l3eff015,0.2090144866974048,0.2081880118972431,0.2090144866974048,0.2081880118972431,0.0008264748001617,740,740,1.0,49950.0,50000.0,0.001,METAL|P,,,,,False,,,,,,,,False,0.45,0.00075,0.0,,False,7609938.000000001,0.0,0.15219876,35000000.0,10283.7,3403,False,monthly,0.0,,,,,,,,,,,,,,,,,,,,,,,,,,,,,,,,,,,,,,,,,,,,,,,,,,,,,,,
2024-02-24,CU,SHFE,SHFE.cu2404P64000,P,2024-03-25,30,,-0.0308863276933338,1066,43,36.0,64000.0,69240.0,P,l4_diff02_delta04_l3eff015,0.1351265035393006,0.1184847873867401,0.1351265035393006,0.1184847873867401,0.0166417161525605,277,277,1.0,49860.0,50000.0,0.001,METAL|P,,,,,False,,,,,,,,False,0.45,0.00075,0.0,,False,6010900.0,0.0,0.120218,35000000.0,21700.0,1612,False,monthly,0.0,,,,,,,,,,,,,,,,,,,,,,,,,,,,,,,,,,,,,,,,,,,,,,,,,,,,,,,
2024-03-04,MO,CFFEX,CFFEX.MO2403-P-4600,P,2024-03-15,11,,-0.0294582653953431,3035,1116,5.4,4600.0,5383.4,P,term_structure_t1_high_iv_pressure,,,,,,23,23,1.0,12420.0,12500.0,0.00025,CFFEX_INDEX|P,,,,,False,,,,,,,,False,,,,,False,647219.9999999999,0.0,0.0129443999999999,35000000.0,28140.0,1243,False,iv_extreme_overlay,,,,,,,,,,t3_p95_term_2d_repair_t1_no_trend_conflict_cluster_cap2,,,,,,,,,,overlay3_term_structure_cluster_cap2,0.9974160206718348,,,,,,term_structure_sidecar,term_structure_repair,term_structure_t1_high_iv_pressure,3.0,P,,,,,,,,,,,,,0.0277135114404535,0.0325269835898978,0.051490982104662,0.35380504645611,0.3260915350156564,0.354342816971384,0.3218158333814862,0.380050194830927,0.328559212726265,0.0160931669995854,P,False,
2024-03-14,TA,CZCE,CZCE.TA405C6500,C,2024-04-11,28,,0.0623842446597148,26030,33158,9.0,6500.0,5944.0,C,l4_diff02_delta04_l3eff015,0.1894989657516122,0.2359040895932393,0.2359040895932393,0.1894989657516122,0.046405123841627,1111,1111,1.0,49995.0,50000.0,0.001,CHEM|C,,,,,False,,,,,,,,False,0.45,0.00075,0.0,,False,1807597.0,0.0,0.03615194,35000000.0,1627.0,21511,False,monthly,0.0,,,,,,,,,,,,,,,,,,,,,,,,,,,,,,,,,,,,,,,,,,,,,,,,,,,,,,,
2024-03-15,OI,CZCE,CZCE.OI405C10400,C,2024-04-11,27,,0.0115100621100798,5800,447,3.0,10400.0,8382.0,C,risk_reversal_lag1_positive_sell_call_else_sell_put,,,,,,416,416,1.0,12480.0,12500.0,0.00025,AGRI|C,,,,,False,,,,,,,,False,,,,,False,1755936.0,0.0,0.03511872,35000000.0,4221.0,8291,False,iv_extreme_overlay,,,,,,,,,,t3_p95_rr_2d_repair_same_sign,,,,,,,,,,overlay2_risk_reversal_same_sign,1.0,,,,,,risk_reversal_sidecar,risk_reversal_repair,risk_reversal_lag1_positive_sell_call_else_sell_put,2.0,C,0.0683794003866581,0.0890216450790748,0.0932786996621891,0.0683794003866581,0.0890216450790748,0.0932786996621891,0.1804743000393656,0.2488537004260238,0.169936632117384,0.2589582771964589,0.1705103720738761,0.2637890717360653,,,,,,,,,,,,,
2024-03-15,V,DCE,DCE.v2405-C-7000,C,2024-04-09,25,,0.0265079261817107,6863,719,5.0,7000.0,5900.0,C,risk_reversal_lag1_positive_sell_call_else_sell_put,,,,,,500,500,1.0,12500.0,12500.0,0.00025,CHEM|C,,,,,False,,,,,,,,False,,,,,False,528750.0000000001,0.0,0.010575,35000000.0,1057.5000000000002,33096,False,iv_extreme_overlay,,,,,,,,,,t3_p95_rr_2d_repair_same_sign,,,,,,,,,,overlay2_risk_reversal_same_sign,0.9521604938271604,,,,,,risk_reversal_sidecar,risk_reversal_repair,risk_reversal_lag1_positive_sell_call_else_sell_put,2.0,C,0.0946278642583252,0.0963251840299118,0.0983833487153351,0.0946278642583252,0.0963251840299118,0.0983833487153351,0.1588409802093743,0.2534688444676995,0.1556389063835622,0.251964090413474,0.1455307247145242,0.2439140734298593,,,,,,,,,,,,,
2024-03-19,MO,CFFEX,CFFEX.MO2404-P-4800,P,2024-04-19,31,,-0.0286670738652921,1362,432,5.2,4800.0,5581.6,P,risk_reversal_lag1_positive_sell_call_else_sell_put,,,,,,24,24,1.0,12480.000000000002,12500.0,0.00025,CFFEX_INDEX|P,,,,,False,,,,,,,,False,,,,,False,703680.0,0.0,0.0140736,35000000.0,29320.0,1193,False,iv_extreme_overlay,,,,,,,,,,t3_p95_rr_2d_repair_same_sign,,,,,,,,,,overlay2_risk_reversal_same_sign,1.0,,,,,,risk_reversal_sidecar,risk_reversal_repair,risk_reversal_lag1_positive_sell_call_else_sell_put,2.0,P,-0.0424220343682218,-0.0556047078642607,-0.115840675545875,0.0424220343682218,0.0556047078642607,0.115840675545875,0.2811311275894039,0.238709093221182,0.2872484380518854,0.2316437301876246,0.4679661086094967,0.3521254330636217,,,,,,,,,,,,,
2024-03-20,PP,DCE,DCE.pp2405-C-8300,C,2024-04-09,20,,0.0264308707073033,1821,824,3.5,8300.0,7575.0,C,risk_reversal_lag1_positive_sell_call_else_sell_put,,,,,,714,714,1.0,12495.0,12500.0,0.00025,CHEM|C,,,,,False,,,,,,,,False,,,,,False,958991.25,0.0,0.019179825,35000000.0,1343.125,26058,False,iv_extreme_overlay,,,,,,,,,,t3_p95_rr_2d_repair_same_sign,,,,,,,,,,overlay2_risk_reversal_same_sign,0.9723502304147466,,,,,,risk_reversal_sidecar,risk_reversal_repair,risk_reversal_lag1_positive_sell_call_else_sell_put,2.0,C,0.0700924258791499,0.0924006466593683,0.1007911401049059,0.0700924258791499,0.0924006466593683,0.1007911401049059,0.1366101623364723,0.2067025882156223,0.1436264914035701,0.2360271380629385,0.120045668065152,0.2208368081700579,,,,,,,,,,,,,
2024-03-21,RM,CZCE,CZCE.RM405C3300,C,2024-04-11,21,,0.0268140514457894,5134,3660,2.5,3300.0,2754.0,C,risk_reversal_lag1_positive_sell_call_else_sell_put,,,,,,500,500,1.0,12500.0,12500.0,0.00025,AGRI|C,,,,,False,,,,,,,,False,,,,,False,701000.0000000001,0.0,0.01402,35000000.0,1402.0000000000002,24964,False,iv_extreme_overlay,,,,,,,,,,t3_p95_rr_2d_repair_same_sign,,,,,,,,,,overlay2_risk_reversal_same_sign,0.973297730307076,,,,,,risk_reversal_sidecar,risk_reversal_repair,risk_reversal_lag1_positive_sell_call_else_sell_put,2.0,C,0.0815028190803842,0.1069179792567178,0.119193717121069,0.0815028190803842,0.1069179792567178,0.119193717121069,0.2363821961153143,0.3178850151956985,0.2348541391556119,0.3417721184123298,0.2220117222995286,0.3412054394205976,,,,,,,,,,,,,
2024-03-25,P,DCE,DCE.p2405-P-7400,P,2024-04-09,15,,-0.018237943017556,5041,2808,3.5,7400.0,8402.0,P,term_structure_t1_high_iv_pressure,,,,,,357,357,1.0,12495.0,12500.0,0.00025,AGRI|P,,,,,False,,,,,,,,False,,,,,False,1823341.8,0.0,0.0364668359999999,35000000.0,5107.4,6852,False,iv_extreme_overlay,,,,,,,,,,t3_p95_term_2d_repair_t1_no_trend_conflict_cluster_cap2,,,,,,,,,,overlay3_term_structure_cluster_cap2,0.9625748502994012,,,,,,term_structure_sidecar,term_structure_repair,term_structure_t1_high_iv_pressure,3.0,P,,,,,,,,,,,,,0.0091748436486343,0.0324610012948501,0.0454435326993599,0.2221568779464068,0.2129820342977724,0.2479127858020126,0.2154517845071625,0.2654533007509225,0.2200097680515625,0.1069991954947706,P,False,
2024-03-26,AL,SHFE,SHFE.al2405C21000,C,2024-04-24,29,,0.0588156228834203,1792,1836,23.0,21000.0,19470.0,C,l4_diff02_delta04_l3eff015,0.1140360955176824,0.1690215005445282,0.1690215005445282,0.1140360955176824,0.0549854050268457,434,434,1.0,49910.0,50000.0,0.001,METAL|C,,,,,False,,,,,,,,False,0.45,0.00075,0.0,,False,2614850.0,0.0,0.052297,35000000.0,6025.0,5809,False,monthly,0.0,,,,,,,,,,,,,,,,,,,,,,,,,,,,,,,,,,,,,,,,,,,,,,,,,,,,,,,
2024-03-26,CU,SHFE,SHFE.cu2405C79000,C,2024-04-24,29,,0.0457186474195485,1435,1294,70.0,79000.0,72210.0,C,l4_diff02_delta04_l3eff015,0.1565275344930773,0.1910051219220155,0.1910051219220155,0.1565275344930773,0.0344775874289382,142,142,1.0,49700.0,50000.0,0.001,METAL|C,,,,,False,,,,,,,,False,0.45,0.00075,0.0,,False,2766160.0,0.0,0.0553232,35000000.0,19480.0,1796,False,monthly,0.0,,,,,,,,,,,,,,,,,,,,,,,,,,,,,,,,,,,,,,,,,,,,,,,,,,,,,,,
2024-03-26,RB,SHFE,SHFE.rb2405C3950,C,2024-04-24,29,,0.0350281634326212,13549,3917,3.0,3950.0,3518.0,C,l4_diff02_delta04_l3eff015,0.2342142851367917,0.2385970073500281,0.2385970073500281,0.2342142851367917,0.0043827222132363,1250,1250,1.0,37500.0,37500.0,0.00075,FERROUS|C,,,,,False,,,,,,,,False,0.45,0.00075,0.0,,False,2236250.0,0.0,0.044725,35000000.0,1789.0,19564,False,monthly,0.0,,,,,,,,,,,,,,,,,,,,,,,,,,,,,,,,,,,,,,,,,,,,,,,,,,,,,,,
2024-04-10,C,DCE,DCE.c2407-P-2240,P,2024-06-07,58,,-0.0318916611177169,1142,125,1.5,2240.0,2447.0,P,l4_diff02_delta04_l3eff015,0.1212887117665175,0.1204600738058539,0.1212887117665175,0.1204600738058539,0.0008286379606635,2500,2500,1.0,37500.0,37500.0,0.00075,AGRI|P,,,,,False,,,,,,,,False,0.45,0.00075,0.0,,False,3567500.0000000005,0.0,0.07135,35000000.0,1427.0000000000002,24526,False,monthly,0.0,,,,,,,,,,,,,,,,,,,,,,,,,,,,,,,,,,,,,,,,,,,,,,,,,,,,,,,
2024-04-11,RU,SHFE,SHFE.ru2405C16500,C,2024-04-24,13,,0.0208215970906289,2095,1339,7.0,16500.0,14440.0,C,risk_reversal_lag1_positive_sell_call_else_sell_put,,,,,,178,178,1.0,12460.0,12500.0,0.00025,CHEM|C,,,,,False,,,,,,,,False,,,,,False,1297620.0,0.0,0.0259524,35000000.0,7290.0,4801,False,iv_extreme_overlay,,,,,,,,,,t3_p95_rr_2d_repair_same_sign,,,,,,,,,,overlay2_risk_reversal_same_sign,0.9915611814345991,,,,,,risk_reversal_sidecar,risk_reversal_repair,risk_reversal_lag1_positive_sell_call_else_sell_put,2.0,C,0.1316566989749484,0.1557164896094667,0.1667493313485449,0.1316566989749484,0.1557164896094667,0.1667493313485449,0.2214483248539136,0.353105023828862,0.2101920929444315,0.3659085825538982,0.2167216315989352,0.3834709629474802,,,,,,,,,,,,,
2024-04-11,AG,SHFE,SHFE.ag2405P6400,P,2024-04-24,13,,-0.0222357927766744,5831,3573,3.5,6400.0,7176.0,P,term_structure_t1_high_iv_pressure,,,,,,238,238,1.0,12495.0,12500.0,0.00025,METAL|P,,,,,False,,,,,,,,False,,,,,False,2726266.2,0.0,0.054525324,35000000.0,11454.9,3055,False,iv_extreme_overlay,,,,,,,,,,t3_p95_term_2d_repair_t1_no_trend_conflict_cluster_cap2,,,,,,,,,,overlay3_term_structure_cluster_cap2,0.9972451790633609,,,,,,term_structure_sidecar,term_structure_repair,term_structure_t1_high_iv_pressure,3.0,P,,,,,,,,,,,,,0.0384174817457342,0.0429224199732307,0.0476424605111563,0.3324911936603948,0.2940737119146606,0.3502247682874779,0.3073023483142472,0.3555352425037488,0.3078927819925924,0.1474676465889119,P,False,
2024-04-12,AL,SHFE,SHFE.al2405P19500,P,2024-04-24,12,,-0.0282951975933524,1878,1076,7.0,19500.0,20670.0,P,term_structure_t1_high_iv_pressure,,,,,,357,357,1.0,12495.0,12500.0,0.00025,METAL|P,,,,,False,,,,,,,,False,,,,,False,2657865.0,0.0,0.0531573,35000000.0,7445.0,4701,False,iv_extreme_overlay,,,,,,,,,,t3_p95_term_2d_repair_t1_no_trend_conflict_cluster_cap2,,,,,,,,,,overlay3_term_structure_cluster_cap2,0.9761904761904762,,,,,,term_structure_sidecar,term_structure_repair,term_structure_t1_high_iv_pressure,3.0,P,,,,,,,,,,,,,0.0160320734827832,0.0205667647149458,0.0310065778966478,0.162082822922582,0.1460507494397988,0.1715456379239554,0.1509788732090096,0.1728336631900519,0.1418270852934041,0.0594033722438391,P,False,
2024-04-12,RM,CZCE,CZCE.RM407P2425,P,2024-06-12,61,,-0.0701477131512826,1594,1891,6.0,2425.0,2682.0,P,l4_diff02_delta04_l3eff015,0.1752505571896133,,0.1752505571896133,,,833,833,1.0,49980.0,50000.0,0.001,AGRI|P,,,,,False,,,,,,,,False,0.45,0.00075,0.0,,False,1213681.0,0.0,0.02427362,35000000.0,1457.0,24021,False,monthly,0.0,,,,,,,,,,,,,,,,,,,,,,,,,,,,,,,,,,,,,,,,,,,,,,,,,,,,,,,
2024-04-24,MO,CFFEX,CFFEX.MO2405-P-4600,P,2024-05-17,23,,-0.0312596745529913,1550,982,5.0,4600.0,5275.4,P,higher_iv_pressure,0.3070562716556182,0.2631483340222188,0.3070562716556182,0.2631483340222188,0.0439079376333993,25,25,1.0,12500.0,12500.0,0.00025,CFFEX_INDEX|P,,,,,False,,,,,,,,False,,,,,False,702500.0,0.0,0.01405,35000000.0,28100.0,1245,False,iv_extreme_overlay,,,,,,0.2621562104202731,0.8988235294117647,425.0,34.0,t4_p90_pullback_3d_lag1_ivpct_lt95_trend15,2024-04-24,0.2721058909393173,0.2808735800545905,0.2830594959757693,0.2857694303964077,0.9150943396226416,0.9243498817966904,0.9289099526066352,0.9311163895486936,,0.9311163895486936,0.9,0.04,0.00025,,,iv_pullback_sidecar,iv_extreme_pullback,higher_iv_pressure,1.0,,,,,,,,,,,,,,,,,,,,,,,-0.0732172411311793,,,
2024-04-24,PG,DCE,DCE.pg2406-C-5650,C,2024-05-10,16,,0.0068103770893202,5456,1329,0.8,5650.0,4625.0,C,risk_reversal_lag1_positive_sell_call_else_sell_put,,,,,,781,781,1.0,12496.000000000002,12500.0,0.00025,CHEM|C,,,,,False,,,,,,,,False,,,,,False,7236746.0,0.0,0.14473492,35000000.0,9266.0,3777,False,iv_extreme_overlay,,,,,,,,,,t3_p95_rr_2d_repair_same_sign,,,,,,,,,,overlay2_risk_reversal_same_sign,0.9656203288490284,,,,,,risk_reversal_sidecar,risk_reversal_repair,risk_reversal_lag1_positive_sell_call_else_sell_put,2.0,C,0.0910408568842645,0.1073921133611651,0.1220412574875691,0.0910408568842645,0.1073921133611651,0.1220412574875691,0.228855977329988,0.3198968342142525,0.2221952670291621,0.3295873803903272,0.208910635166415,0.3309518926539841,,,,,,,,,,,,,
2024-04-25,AU,SHFE,SHFE.au2406P488,P,2024-05-27,32,,-0.0323353947210393,3278,552,0.48,488.0,551.2,P,higher_iv_pressure,0.257747451929215,,0.257747451929215,,,26,26,1.0,12480.0,12500.0,0.00025,METAL|P,,,,,False,,,,,,,,False,,,,,False,1483871.9999999995,0.0,0.0296774399999999,35000000.0,57071.99999999998,613,False,iv_extreme_overlay,,,,,,0.2030571254443323,0.901818181818182,1100.0,28.0,t4_p90_pullback_3d_lag1_ivpct_lt95_trend15,2024-04-25,0.1930933278970494,0.1939734482117202,0.1976228758517415,0.2202922159973378,0.8498635122838945,0.8579234972677595,0.877848678213309,0.9616788321167884,,0.9616788321167884,0.9,0.04,0.00025,,,iv_pullback_sidecar,iv_extreme_pullback,higher_iv_pressure,1.0,,,,,,,,,,,,,,,,,,,,,,,0.1129006913890635,,,
2024-04-25,CU,SHFE,SHFE.cu2406P73000,P,2024-05-27,32,,-0.0739996934040008,1910,937,174.0,73000.0,79930.0,P,l4_diff02_delta04_l3eff015,0.2325432974478259,,0.2325432974478259,,,86,86,1.0,74820.0,75000.0,0.0015,METAL|P,,,,,False,,,,,,,,False,0.45,0.00075,0.0,,False,2021860.0,0.0,0.0404372,35000000.0,23510.0,1488,False,monthly,0.0,,,,,,,,,,,,,,,,,,,,,,,,,,,,,,,,,,,,,,,,,,,,,,,,,,,,,,,
2024-04-25,ZN,SHFE,SHFE.zn2406C25500,C,2024-05-27,32,,0.0782026490566348,1205,2520,63.0,25500.0,22650.0,C,l4_diff02_delta04_l3eff015,0.2094665261268609,0.2747252980867706,0.2747252980867706,0.2094665261268609,0.0652587719599097,158,158,1.0,49770.0,50000.0,0.001,METAL|C,,,,,False,,,,,,,,False,0.45,0.00075,0.0,,False,944445.0,0.0,0.0188889,35000000.0,5977.5,5855,False,monthly,0.0,,,,,,,,,,,,,,,,,,,,,,,,,,,,,,,,,,,,,,,,,,,,,,,,,,,,,,,
2024-04-26,B,DCE,DCE.b2406-C-4200,C,2024-05-10,14,,0.0088827476606844,1724,1217,0.5,4200.0,3769.0,C,risk_reversal_lag1_positive_sell_call_else_sell_put,,,,,,2500,2500,1.0,12500.0,12500.0,0.00025,OTHER|C,,,,,False,,,,,,,,False,,,,,False,4723750.000000001,0.0,0.094475,35000000.0,1889.5,18523,False,iv_extreme_overlay,,,,,,,,,,t3_p95_rr_2d_repair_same_sign,,,,,,,,,,overlay2_risk_reversal_same_sign,1.0,,,,,,risk_reversal_sidecar,risk_reversal_repair,risk_reversal_lag1_positive_sell_call_else_sell_put,2.0,C,0.0592178179227882,0.0886520039463447,0.1103014750658423,0.0592178179227882,0.0886520039463447,0.1103014750658423,0.1619727580226352,0.2211905759454235,0.1674314356935186,0.2560834396398633,0.1780807700289429,0.2883822450947852,,,,,,,,,,,,,
2024-04-29,A,DCE,DCE.a2407-C-5600,C,2024-06-07,39,,0.0178948424232445,2300,722,2.5,5600.0,4669.0,C,risk_reversal_lag1_positive_sell_call_else_sell_put,,,,,,500,500,1.0,12500.0,12500.0,0.00025,AGRI|C,,,,,False,,,,,,,,False,,,,,False,1179750.0,0.0,0.023595,35000000.0,2359.5,14833,False,iv_extreme_overlay,,,,,,,,,,t3_p95_rr_2d_repair_same_sign,,,,,,,,,,overlay2_risk_reversal_same_sign,0.977715877437326,,,,,,risk_reversal_sidecar,risk_reversal_repair,risk_reversal_lag1_positive_sell_call_else_sell_put,2.0,C,0.0604296210666158,0.0629741323480608,0.0839901165838644,0.0604296210666158,0.0629741323480608,0.0839901165838644,0.1015281743571159,0.1619577954237317,0.1011329178358945,0.1641070501839553,0.0971936459505279,0.1811837625343924,,,,,,,,,,,,,
2024-05-08,AG,SHFE,SHFE.ag2406P6400,P,2024-05-27,19,,-0.0260111479541693,3532,1998,4.0,6400.0,7121.0,P,higher_iv_pressure,0.3574862728806935,0.3231319300981669,0.3574862728806935,0.3231319300981669,0.0343543427825266,208,208,1.0,12480.0,12500.0,0.00025,METAL|P,,,,,False,,,,,,,,False,,,,,False,2442523.2,0.0,0.048850464,35000000.0,11742.9,2980,False,iv_extreme_overlay,,,,,,0.2233145285736501,0.6770025839793282,387.0,42.0,t4_p90_pullback_3d_lag1_ivpct_lt95_trend15,2024-05-08,0.2398263588446102,0.251355988132204,0.2654068965768457,0.2789216011492286,0.8031088082901554,0.8805194805194805,0.9375,0.9556135770234988,,0.9556135770234988,0.9,0.04,0.00025,,,iv_pullback_sidecar,iv_extreme_pullback,higher_iv_pressure,1.0,,,,,,,,,,,,,,,,,,,,,,,0.100170305000774,,,
2024-05-10,C,DCE,DCE.c2407-C-2680,C,2024-06-07,28,,0.024420829343937,1690,435,1.0,2680.0,2450.0,C,risk_reversal_lag1_positive_sell_call_else_sell_put,,,,,,1250,1250,1.0,12500.0,12500.0,0.00025,AGRI|C,,,,,False,,,,,,,,False,,,,,False,1637500.0,0.0,0.03275,35000000.0,1310.0,26717,False,iv_extreme_overlay,,,,,,,,,,t3_p95_rr_2d_repair_same_sign,,,,,,,,,,overlay2_risk_reversal_same_sign,0.9675405742821472,,,,,,risk_reversal_sidecar,risk_reversal_repair,risk_reversal_lag1_positive_sell_call_else_sell_put,2.0,C,0.0351628496737046,0.0397886281020824,0.052708693209509,0.0351628496737046,0.0397886281020824,0.052708693209509,0.1366534158061817,0.1718162654798864,0.1226093530110318,0.1623979811131143,0.1167681328948821,0.1694768261043912,,,,,,,,,,,,,
2024-05-28,P,DCE,DCE.p2407-C-8700,C,2024-06-07,10,,0.0208409114257643,1156,1005,3.0,8700.0,7838.0,C,risk_reversal_lag1_positive_sell_call_else_sell_put,,,,,,416,416,1.0,12480.0,12500.0,0.00025,AGRI|C,,,,,False,,,,,,,,False,,,,,False,2132249.6,0.0,0.0426449919999999,35000000.0,5125.599999999999,6828,False,iv_extreme_overlay,,,,,,,,,,t3_p95_rr_2d_repair_same_sign,,,,,,,,,,overlay2_risk_reversal_same_sign,0.9731800766283524,,,,,,risk_reversal_sidecar,risk_reversal_repair,risk_reversal_lag1_positive_sell_call_else_sell_put,2.0,C,0.110813755966751,0.1252471188434973,0.1293616389307345,0.110813755966751,0.1252471188434973,0.1293616389307345,0.223322013109786,0.334135769076537,0.2080907908745535,0.3333379097180509,0.1998130512790596,0.3291746902097942,,,,,,,,,,,,,
2024-05-28,CU,SHFE,SHFE.cu2407C98000,C,2024-06-24,27,,0.0655766940282494,3712,10344,220.0,98000.0,84680.0,C,l4_diff02_delta04_l3eff015,0.2441363487005241,0.345252343823415,0.345252343823415,0.2441363487005241,0.1011159951228908,68,68,1.0,74800.0,75000.0,0.0015,METAL|C,,,,,False,,,,,,,,False,0.45,0.00075,0.0,,False,1514360.0,0.0,0.0302872,35000000.0,22270.0,1571,False,monthly,0.0,,,,,,,,,,,,,,,,,,,,,,,,,,,,,,,,,,,,,,,,,,,,,,,,,,,,,,,
2024-05-28,ZN,SHFE,SHFE.zn2407P23000,P,2024-06-24,27,,-0.0797237409222791,1865,2300,52.0,23000.0,24865.0,P,l4_diff02_delta04_l3eff015,0.2184457090412541,,0.2184457090412541,,,192,192,1.0,49920.0,50000.0,0.001,METAL|P,,,,,False,,,,,,,,False,0.45,0.00075,0.0,,False,1541760.0,0.0,0.0308352,35000000.0,8030.0,4358,False,monthly,0.0,,,,,,,,,,,,,,,,,,,,,,,,,,,,,,,,,,,,,,,,,,,,,,,,,,,,,,,
2024-05-29,SR,CZCE,CZCE.SR407C6900,C,2024-06-12,14,,0.0172470578230214,3574,3628,1.5,6900.0,6357.0,C,risk_reversal_lag1_positive_sell_call_else_sell_put,,,,,,833,833,1.0,12495.0,12500.0,0.00025,SOFT|C,,,,,False,,,,,,,,False,,,,,False,3046281.0000000005,0.0,0.06092562,35000000.0,3657.000000000001,9570,False,iv_extreme_overlay,,,,,,,,,,t3_p95_rr_2d_repair_same_sign,,,,,,,,,,overlay2_risk_reversal_same_sign,0.97323600973236,,,,,,risk_reversal_sidecar,risk_reversal_repair,risk_reversal_lag1_positive_sell_call_else_sell_put,2.0,C,0.0029390250889347,0.0668783289947178,0.0828647403309102,0.0029390250889347,0.0668783289947178,0.0828647403309102,0.1890618631454469,0.1920008882343817,0.1619370921166812,0.228815421111399,0.1576802276146442,0.2405449679455545,,,,,,,,,,,,,
2024-05-30,MA,CZCE,CZCE.MA407C3000,C,2024-06-12,13,,0.0255033935163958,17983,16527,1.5,3000.0,2667.0,C,risk_reversal_lag1_positive_sell_call_else_sell_put,,,,,,833,833,1.0,12495.0,12500.0,0.00025,CHEM|C,,,,,False,,,,,,,,False,,,,,False,1123300.5,0.0,0.02246601,35000000.0,1348.5,25954,False,iv_extreme_overlay,,,,,,,,,,t3_p95_rr_2d_repair_same_sign,,,,,,,,,,overlay2_risk_reversal_same_sign,0.979591836734694,,,,,,risk_reversal_sidecar,risk_reversal_repair,risk_reversal_lag1_positive_sell_call_else_sell_put,2.0,C,0.0304938718933731,0.033483705446683,0.1006967187412258,0.0304938718933731,0.033483705446683,0.1006967187412258,0.2142465430605814,0.2447404149539546,0.2255890668626575,0.2590727723093405,0.1940789005372029,0.2947756192784287,,,,,,,,,,,,,
2024-06-11,AG,SHFE,SHFE.ag2407P6500,P,2024-06-24,13,,-0.0233709679118414,1814,3506,6.0,6500.0,7691.0,P,term_structure_t1_high_iv_pressure,,,,,,138,138,1.0,12420.0,12500.0,0.00025,METAL|P,,,,,False,,,,,,,,False,,,,,False,1326994.2,0.0,0.026539884,35000000.0,9615.9,3639,False,iv_extreme_overlay,,,,,,,,,,t3_p95_term_2d_repair_t1_no_trend_conflict_cluster_cap2,,,,,,,,,,overlay3_term_structure_cluster_cap2,0.9875930521091812,,,,,,term_structure_sidecar,term_structure_repair,term_structure_t1_high_iv_pressure,3.0,P,,,,,,,,,,,,,0.0352703507633304,0.039753442475944,0.0410306597516524,0.4249074251754207,0.3896370744120902,0.4240059151671611,0.3842524726912171,0.3804300118787407,0.3393993521270882,0.0980496927598182,P,False,
2024-06-11,C,DCE,DCE.c2409-C-2700,C,2024-08-07,57,,0.0687524287908357,2314,472,4.0,2700.0,2488.0,C,l4_diff02_delta04_l3eff015,0.1119774742015243,0.1638502165149434,0.1638502165149434,0.1119774742015243,0.051872742313419,1875,1875,1.0,75000.0,75000.0,0.0015,AGRI|C,,,,,False,,,,,,,,False,0.45,0.00075,0.0,,False,2752500.0,0.0,0.05505,35000000.0,1468.0,23841,False,monthly,0.0,,,,,,,,,,,,,,,,,,,,,,,,,,,,,,,,,,,,,,,,,,,,,,,,,,,,,,,
2024-06-13,PF,CZCE,CZCE.PF408C8200,C,2024-07-11,28,,0.0579127936349961,1156,239,10.5,8200.0,7474.0,C,l4_diff02_delta04_l3eff015,0.1089411960511122,0.2149619488706642,0.2149619488706642,0.1089411960511122,0.106020752819552,1428,1428,1.0,74970.0,75000.0,0.0015,CHEM|C,,,,,False,,,,,,,,False,0.45,0.00075,0.0,,False,2819586.0000000005,0.0,0.05639172,35000000.0,1974.5000000000005,17726,False,monthly,0.0,,,,,,,,,,,,,,,,,,,,,,,,,,,,,,,,,,,,,,,,,,,,,,,,,,,,,,,
2024-06-13,RM,CZCE,CZCE.RM408C3000,C,2024-07-11,28,,0.0599293573401525,3456,5989,5.0,3000.0,2663.0,C,l4_diff02_delta04_l3eff015,0.2190168069663833,0.3135827077952565,0.3135827077952565,0.2190168069663833,0.0945659008288732,1500,1500,1.0,75000.0,75000.0,0.0015,AGRI|C,,,,,False,,,,,,,,False,0.45,0.00075,0.0,,False,2072250.0,0.0,0.041445,35000000.0,1381.5,25334,False,monthly,0.0,,,,,,,,,,,,,,,,,,,,,,,,,,,,,,,,,,,,,,,,,,,,,,,,,,,,,,,
2024-06-13,SR,CZCE,CZCE.SR409C6900,C,2024-08-13,61,,0.0609075695497801,8055,2371,11.0,6900.0,6183.0,C,l4_diff02_delta04_l3eff015,0.177509449289382,0.1993803117268173,0.1993803117268173,0.177509449289382,0.0218708624374353,681,681,1.0,74910.0,75000.0,0.0015,SOFT|C,,,,,False,,,,,,,,False,0.45,0.00075,0.0,,False,2180221.5000000005,0.0,0.04360443,35000000.0,3201.5000000000005,10932,False,monthly,0.0,,,,,,,,,,,,,,,,,,,,,,,,,,,,,,,,,,,,,,,,,,,,,,,,,,,,,,,
2024-06-25,AU,SHFE,SHFE.au2408C632,C,2024-07-25,30,,0.0255901170731567,1054,314,0.36,632.0,551.24,C,risk_reversal_lag1_positive_sell_call_else_sell_put,,,,,,34,34,1.0,12240.0,12500.0,0.00025,METAL|C,,,,,False,,,,,,,,False,,,,,False,1638065.6000000003,0.0,0.032761312,35000000.0,48178.40000000001,726,False,iv_extreme_overlay,,,,,,,,,,t3_p95_rr_2d_repair_same_sign,,,,,,,,,,overlay2_risk_reversal_same_sign,0.9778325123152708,,,,,,risk_reversal_sidecar,risk_reversal_repair,risk_reversal_lag1_positive_sell_call_else_sell_put,2.0,C,0.0489636377795686,0.0648683559991605,0.0928495621988156,0.0489636377795686,0.0648683559991605,0.0928495621988156,0.1740372857731459,0.2230009235527146,0.1907603543137541,0.2556287103129147,0.1916272362130521,0.2844767984118678,,,,,,,,,,,,,
2024-06-25,V,DCE,DCE.v2408-C-7200,C,2024-07-05,10,,0.0071286452229008,5168,786,1.0,7200.0,6005.0,C,term_structure_t1_high_iv_pressure,,,,,,2500,2500,1.0,12500.0,12500.0,0.00025,CHEM|C,,,,,False,,,,,,,,False,,,,,False,2639687.5,0.0,0.05279375,35000000.0,1055.875,33147,False,iv_extreme_overlay,,,,,,,,,,t3_p95_term_2d_repair_t1_no_trend_conflict_cluster_cap2,,,,,,,,,,overlay3_term_structure_cluster_cap2,0.9518716577540108,,,,,,term_structure_sidecar,term_structure_repair,term_structure_t1_high_iv_pressure,3.0,C,,,,,,,,,,,,,0.0794445342175992,0.1112345874547873,0.1362639843566663,0.2215768030398348,0.1421322688222355,0.2521029880110057,0.1408684005562184,0.285646448820733,0.1493824644640666,-0.0608913998744506,C,False,
2024-06-25,AL,SHFE,SHFE.al2408C22000,C,2024-07-25,30,,0.0385312862100804,2223,1628,14.0,22000.0,20285.0,C,l4_diff02_delta04_l3eff015,,0.1699577607142975,0.1699577607142975,,,714,714,1.0,49980.0,50000.0,0.001,METAL|C,,,,,False,,,,,,,,False,0.45,0.00075,0.0,,False,4230450.0,0.0,0.084609,35000000.0,5925.0,5907,False,monthly,0.0,,,,,,,,,,,,,,,,,,,,,,,,,,,,,,,,,,,,,,,,,,,,,,,,,,,,,,,
2024-06-27,AG,SHFE,SHFE.ag2408C9500,C,2024-07-25,28,,0.0359284554691547,1526,329,12.0,9500.0,7692.0,C,higher_iv_pressure,0.3335225910197955,0.4207645209663871,0.4207645209663871,0.3335225910197955,0.0872419299465916,69,69,1.0,12420.0,12500.0,0.00025,METAL|C,,,,,False,,,,,,,,False,,,,,False,649317.6,0.0,0.012986352,35000000.0,9410.4,3719,False,iv_extreme_overlay,,,,,,0.2884283961659247,0.8948598130841121,428.0,42.0,t4_p90_pullback_3d_lag1_ivpct_lt95_trend15,2024-06-27,0.2880519789769751,0.29546510710965,0.3087648360024922,0.3164811159070049,0.8946135831381733,0.8990610328638498,0.9129411764705884,0.9363207547169812,,0.9363207547169812,0.9,0.04,0.00025,,,iv_pullback_sidecar,iv_extreme_pullback,higher_iv_pressure,1.0,,,,,,,,,,,,,,,,,,,,,,,-0.0437179005386446,,,
2024-07-05,CU,SHFE,SHFE.cu2408C92000,C,2024-07-25,20,,0.0243173075106383,1579,1185,48.0,92000.0,80500.0,C,risk_reversal_lag1_positive_sell_call_else_sell_put,,,,,,52,52,1.0,12480.0,12500.0,0.00025,METAL|C,,,,,False,,,,,,,,False,,,,,False,1058980.0,0.0,0.0211796,35000000.0,20365.0,1718,False,iv_extreme_overlay,,,,,,,,,,t3_p95_rr_2d_repair_same_sign,,,,,,,,,,overlay2_risk_reversal_same_sign,0.9692496924969248,,,,,,risk_reversal_sidecar,risk_reversal_repair,risk_reversal_lag1_positive_sell_call_else_sell_put,2.0,C,0.0501510845219587,0.0920724742364202,0.1077295402748878,0.0501510845219587,0.0920724742364202,0.1077295402748878,0.1820741887102546,0.2322252732322134,0.1729454755236064,0.2650179497600267,0.1541876951298144,0.2619172354047022,,,,,,,,,,,,,
2024-07-12,MA,CZCE,CZCE.MA409C2850,C,2024-08-13,32,,0.0527398340789227,5020,6454,3.5,2850.0,2570.0,C,l4_diff02_delta04_l3eff015,0.1924570422782733,0.2325438688462134,0.2325438688462134,0.1924570422782733,0.04008682656794,2142,2142,1.0,74970.0,75000.0,0.0015,CHEM|C,,,,,False,,,,,,,,False,0.45,0.00075,0.0,,False,2827440.0,0.0,0.0565488,35000000.0,1320.0,26515,False,monthly,0.0,,,,,,,,,,,,,,,,,,,,,,,,,,,,,,,,,,,,,,,,,,,,,,,,,,,,,,,
2024-07-12,PF,CZCE,CZCE.PF409P6400,P,2024-08-13,32,,-0.0033822681273689,2085,3,0.5,6400.0,7572.0,P,l4_diff02_delta04_l3eff015,0.157337896284335,0.1501698816076582,0.157337896284335,0.1501698816076582,0.0071680146766768,18464,20000,0.9232,46160.0,50000.0,0.001,CHEM|P,,,,,False,,,,,,,,False,0.45,0.00075,0.0,,False,34998512.0,0.0,0.69997024,35000000.0,1895.5,18464,True,monthly,0.0,,,,,,,,,,,,,,,,,,,,,,,,,,,,,,,,,,,,,,,,,,,,,,,,,,,,,,,
2024-07-12,RM,CZCE,CZCE.RM409C2800,C,2024-08-13,32,,0.0646824793017759,34959,15677,6.0,2800.0,2431.0,C,l4_diff02_delta04_l3eff015,0.2355037424022305,0.3505835755167868,0.3505835755167868,0.2355037424022305,0.1150798331145563,1250,1250,1.0,75000.0,75000.0,0.0015,AGRI|C,,,,,False,,,,,,,,False,0.45,0.00075,0.0,,False,1594375.0,0.0,0.0318875,35000000.0,1275.5,27440,False,monthly,0.0,,,,,,,,,,,,,,,,,,,,,,,,,,,,,,,,,,,,,,,,,,,,,,,,,,,,,,,
2024-07-12,TA,CZCE,CZCE.TA409C6500,C,2024-08-13,32,,0.0302853177570531,8558,2560,3.5,6500.0,5894.0,C,l4_diff02_delta04_l3eff015,0.1660764413171172,0.1826339502800838,0.1826339502800838,0.1660764413171172,0.0165575089629666,2142,2142,1.0,37485.0,37500.0,0.00075,CHEM|C,,,,,False,,,,,,,,False,0.45,0.00075,0.0,,False,3193722.0,0.0,0.06387444,35000000.0,1491.0,23474,False,monthly,0.0,,,,,,,,,,,,,,,,,,,,,,,,,,,,,,,,,,,,,,,,,,,,,,,,,,,,,,,
2024-07-16,M,DCE,DCE.m2409-C-3750,C,2024-08-07,22,,0.0248868585646397,20139,8345,2.5,3750.0,3150.0,C,risk_reversal_lag1_positive_sell_call_else_sell_put,,,,,,500,500,1.0,12500.0,12500.0,0.00025,AGRI|C,,,,,False,,,,,,,,False,,,,,False,800000.0,0.0,0.016,35000000.0,1600.0,21875,False,iv_extreme_overlay,,,,,,,,,,t3_p95_rr_2d_repair_same_sign,,,,,,,,,,overlay2_risk_reversal_same_sign,0.972045743329098,,,,,,risk_reversal_sidecar,risk_reversal_repair,risk_reversal_lag1_positive_sell_call_else_sell_put,2.0,C,0.0718176054628079,0.0835931801728088,0.0855162617525417,0.0718176054628079,0.0835931801728088,0.0855162617525417,0.2207354631150974,0.2925530685779053,0.1882995047382833,0.2718926849110922,0.1857573469523589,0.2712736087049007,,,,,,,,,,,,,
2024-07-17,SR,CZCE,CZCE.SR409C6600,C,2024-08-13,27,,0.0272222382189845,31094,3381,2.5,6600.0,6108.0,C,term_structure_t1_high_iv_pressure,,,,,,500,500,1.0,12500.0,12500.0,0.00025,SOFT|C,,,,,False,,,,,,,,False,,,,,False,1836500.0000000005,0.0,0.03673,35000000.0,3673.000000000001,9528,False,iv_extreme_overlay,,,,,,,,,,t3_p95_term_2d_repair_t1_no_trend_conflict_cluster_cap2,,,,,,,,,,overlay3_term_structure_cluster_cap2,0.9575070821529744,,,,,,term_structure_sidecar,term_structure_repair,term_structure_t1_high_iv_pressure,3.0,C,,,,,,,,,,,,,0.0005653170390098,0.00183016456419,0.029683887971338,0.1088693546035259,0.108304037564516,0.1124579977664119,0.1106278332022218,0.1610508508213136,0.1313669628499756,-0.0739903556359252,C,False,
2024-07-19,RM,CZCE,CZCE.RM409C3100,C,2024-08-13,25,,0.0295258745573941,9112,2904,3.0,3100.0,2510.0,C,term_structure_t1_high_iv_pressure,,,,,,416,416,1.0,12480.0,12500.0,0.00025,AGRI|C,,,,,False,,,,,,,,False,,,,,False,534560.0,0.0,0.0106912,35000000.0,1285.0,27237,False,iv_extreme_overlay,,,,,,,,,,t3_p95_term_2d_repair_t1_no_trend_conflict_cluster_cap2,,,,,,,,,,overlay3_term_structure_cluster_cap2,0.9608610567514676,,,,,,term_structure_sidecar,term_structure_repair,term_structure_t1_high_iv_pressure,3.0,C,,,,,,,,,,,,,0.0435436898087228,0.0480694251771588,0.0531128828282807,0.2726151601325677,0.2290714703238449,0.2734392712532533,0.2253698460760944,0.2853659227725134,0.2322530399442326,-0.0875137312339802,C,False,
2024-07-24,B,DCE,DCE.b2409-C-4100,C,2024-08-07,14,,0.0231164106673134,1139,299,1.5,4100.0,3727.0,C,risk_reversal_lag1_positive_sell_call_else_sell_put,,,,,,833,833,1.0,12495.0,12500.0,0.00025,OTHER|C,,,,,False,,,,,,,,False,,,,,False,1564790.5000000002,0.0,0.03129581,35000000.0,1878.5,18631,False,iv_extreme_overlay,,,,,,,,,,t3_p95_rr_2d_repair_same_sign,,,,,,,,,,overlay2_risk_reversal_same_sign,0.9512893982808024,,,,,,risk_reversal_sidecar,risk_reversal_repair,risk_reversal_lag1_positive_sell_call_else_sell_put,2.0,C,0.027138229383548,0.0327246247749014,0.0653395811082699,0.027138229383548,0.0327246247749014,0.0653395811082699,0.195427870691157,0.2225661000747051,0.2005659740678017,0.2332905988427031,0.1712460622284232,0.2365856433366931,,,,,,,,,,,,,
2024-07-26,AL,SHFE,SHFE.al2409C20600,C,2024-08-26,31,,0.0687292098100232,1790,827,24.0,20600.0,19350.0,C,l4_diff02_delta04_l3eff015,,0.1717464083850204,0.1717464083850204,,,416,416,1.0,49920.0,50000.0,0.001,METAL|C,,,,,False,,,,,,,,False,0.45,0.00075,0.0,,False,2774720.0,0.0,0.0554944,35000000.0,6670.0,5247,False,monthly,0.0,,,,,,,,,,,,,,,,,,,,,,,,,,,,,,,,,,,,,,,,,,,,,,,,,,,,,,,
2024-07-26,ZN,SHFE,SHFE.zn2409C25000,C,2024-08-26,31,,0.0328822625694253,1332,766,15.0,25000.0,22680.0,C,l4_diff02_delta04_l3eff015,,0.1953970181808198,0.1953970181808198,,,500,500,1.0,37500.0,37500.0,0.00075,METAL|C,,,,,False,,,,,,,,False,0.45,0.00075,0.0,,False,2872500.0,0.0,0.05745,35000000.0,5745.0,6092,False,monthly,0.0,,,,,,,,,,,,,,,,,,,,,,,,,,,,,,,,,,,,,,,,,,,,,,,,,,,,,,,
2024-07-29,CF,CZCE,CZCE.CF409C15400,C,2024-08-13,15,,0.0259992865865525,16549,2970,6.0,15400.0,14135.0,C,term_structure_t1_high_iv_pressure,,,,,,416,416,1.0,12480.0,12500.0,0.00025,SOFT|C,,,,,False,,,,,,,,False,,,,,False,1636960.0,0.0,0.0327392,35000000.0,3935.0,8894,False,iv_extreme_overlay,,,,,,,,,,t3_p95_term_2d_repair_t1_no_trend_conflict_cluster_cap2,,,,,,,,,,overlay3_term_structure_cluster_cap2,0.96398891966759,,,,,,term_structure_sidecar,term_structure_repair,term_structure_t1_high_iv_pressure,3.0,C,,,,,,,,,,,,,0.0289885567400534,0.0303486990678685,0.0395249430288961,0.1720322896060575,0.143043732866004,0.1707531838032052,0.1404044847353367,0.1826759484838754,0.1431510054549792,-0.0779816513761467,C,False,
2024-08-01,TA,CZCE,CZCE.TA409P5300,P,2024-08-13,12,,-0.0212401315409625,9963,2864,2.0,5300.0,5782.0,P,risk_reversal_lag1_positive_sell_call_else_sell_put,,,,,,1250,1250,1.0,12500.0,12500.0,0.00025,CHEM|P,,,,,False,,,,,,,,False,,,,,False,2120000.0000000005,0.0,0.0424,35000000.0,1696.0000000000002,20636,False,iv_extreme_overlay,,,,,,,,,,t3_p95_rr_2d_repair_same_sign,,,,,,,,,,overlay2_risk_reversal_same_sign,0.9528432732316228,,,,,,risk_reversal_sidecar,risk_reversal_repair,risk_reversal_lag1_positive_sell_call_else_sell_put,2.0,P,-0.030684711531085,-0.0697470167628472,-0.093678416034385,0.030684711531085,0.0697470167628472,0.093678416034385,0.1932982750081093,0.1626135634770242,0.2226038872588079,0.1528568704959607,0.2359911016427036,0.1423126856083185,,,,,,,,,,,,,
2024-08-09,C,DCE,DCE.c2411-C-2800,C,2024-10-14,66,,0.0195993781599996,2347,21,1.5,2800.0,2298.0,C,risk_reversal_lag1_positive_sell_call_else_sell_put,,,,,,833,833,1.0,12495.0,12500.0,0.00025,AGRI|C,,,,,False,,,,,,,,False,,,,,False,969612.0,0.0,0.01939224,35000000.0,1164.0,30068,False,iv_extreme_overlay,,,,,,,,,,t3_p95_rr_2d_repair_same_sign,,,,,,,,,,overlay2_risk_reversal_same_sign,0.9788484136310224,,,,,,risk_reversal_sidecar,risk_reversal_repair,risk_reversal_lag1_positive_sell_call_else_sell_put,2.0,C,0.0158371523900483,0.0286457840520353,0.0555037054437295,0.0158371523900483,0.0286457840520353,0.0555037054437295,0.128140682858225,0.1439778352482733,0.1177228406896302,0.1463686247416656,0.1535821120710133,0.2090858175147428,,,,,,,,,,,,,
2024-08-10,AG,SHFE,SHFE.ag2409P6100,P,2024-08-26,16,,-0.0322777988146841,16262,2212,7.5,6100.0,7069.0,P,higher_iv_pressure,0.4109042156739362,0.3971751586826882,0.4109042156739362,0.3971751586826882,0.013729056991248,111,111,1.0,12487.5,12500.0,0.00025,METAL|P,,,,,False,,,,,,,,False,,,,,False,1088976.6,0.0,0.0217795319999999,35000000.0,9810.6,3567,False,iv_extreme_overlay,,,,,,0.2931695382097086,0.8755364806866953,466.0,28.0,t4_p90_pullback_3d_lag1_ivpct_lt95_trend15,2024-08-10,0.2941031587603758,0.301567850102398,0.3182807411309539,0.3384769014228445,0.8774193548387097,0.8943965517241379,0.9416846652267818,0.9632034632034632,,0.9632034632034632,0.9,0.04,0.00025,,,iv_pullback_sidecar,iv_extreme_pullback,higher_iv_pressure,1.0,,,,,,,,,,,,,,,,,,,,,,,-0.1092171717171717,,,
2024-08-14,RM,CZCE,CZCE.RM411C2550,C,2024-10-11,58,,0.0701501054616065,2329,1055,7.5,2550.0,2125.0,C,l4_diff02_delta04_l3eff015,,0.3186946627057512,0.3186946627057512,,,1000,1000,1.0,75000.0,75000.0,0.0015,AGRI|C,,,,,False,,,,,,,,False,0.45,0.00075,0.0,,False,1137500.0,0.0,0.02275,35000000.0,1137.5,30769,False,monthly,0.0,,,,,,,,,,,,,,,,,,,,,,,,,,,,,,,,,,,,,,,,,,,,,,,,,,,,,,,
2024-08-22,SI,GFEX,GFEX.si2410-C-11000,C,2024-09-06,15,,0.0193211286067626,6218,2777,4.0,11000.0,9710.0,C,term_structure_t1_high_iv_pressure,,,,,,625,625,1.0,12500.0,12500.0,0.00025,METAL|C,,,,,False,,,,,,,,False,,,,,False,1529687.5,0.0,0.03059375,35000000.0,2447.5,14300,False,iv_extreme_overlay,,,,,,,,,,t3_p95_term_2d_repair_t1_no_trend_conflict_cluster_cap2,,,,,,,,,,overlay3_term_structure_cluster_cap2,0.9904153354632588,,,,,,term_structure_sidecar,term_structure_repair,term_structure_t1_high_iv_pressure,3.0,C,,,,,,,,,,,,,0.0172186246089496,0.0274261193317004,0.0333607672415721,0.2276508862719952,0.2104322616630455,0.2452564871219167,0.2178303677902163,0.2617295254615525,0.2283687582199804,-0.0400586223742062,C,False,
2024-08-27,CU,SHFE,SHFE.cu2410P69000,P,2024-09-24,28,,-0.0398853575766251,1135,942,64.0,69000.0,75440.0,P,l4_diff02_delta04_l3eff015,0.1994271803902967,0.1910205190369175,0.1994271803902967,0.1910205190369175,0.0084066613533791,156,156,1.0,49920.0,50000.0,0.001,METAL|P,,,,,False,,,,,,,,False,0.45,0.00075,0.0,,False,3422640.0,0.0,0.0684528,35000000.0,21940.0,1595,False,monthly,0.0,,,,,,,,,,,,,,,,,,,,,,,,,,,,,,,,,,,,,,,,,,,,,,,,,,,,,,,
2024-08-27,ZN,SHFE,SHFE.zn2410C27500,C,2024-09-24,28,,0.0282902272894126,1629,2132,17.0,27500.0,24190.0,C,l4_diff02_delta04_l3eff015,0.2317827434714823,0.2388082446836574,0.2388082446836574,0.2317827434714823,0.0070255012121751,441,441,1.0,37485.0,37500.0,0.00075,METAL|C,,,,,False,,,,,,,,False,0.45,0.00075,0.0,,False,2704432.5,0.0,0.05408865,35000000.0,6132.5,5707,False,monthly,0.0,,,,,,,,,,,,,,,,,,,,,,,,,,,,,,,,,,,,,,,,,,,,,,,,,,,,,,,
2024-09-11,AU,SHFE,SHFE.au2410P528,P,2024-09-24,13,,-0.0281453374066325,3906,2421,0.28,528.0,574.16,P,risk_reversal_lag1_positive_sell_call_else_sell_put,,,,,,44,44,1.0,12320.0,12500.0,0.00025,METAL|P,,,,,False,,,,,,,,False,,,,,False,3038886.400000001,0.0,0.060777728,35000000.0,69065.60000000002,506,False,iv_extreme_overlay,,,,,,,,,,t3_p95_rr_2d_repair_same_sign,,,,,,,,,,overlay2_risk_reversal_same_sign,0.960648148148148,,,,,,risk_reversal_sidecar,risk_reversal_repair,risk_reversal_lag1_positive_sell_call_else_sell_put,2.0,P,-0.0489488937986528,-0.056751624016491,-0.0834735119146261,0.0489488937986528,0.056751624016491,0.0834735119146261,0.2350843885397608,0.186135494741108,0.2501390259090128,0.1933874018925218,0.2696266591555508,0.1861531472409246,,,,,,,,,,,,,
2024-09-11,ZN,SHFE,SHFE.zn2410P20600,P,2024-09-24,13,,-0.0177196428100646,1173,1382,8.0,20600.0,23010.0,P,risk_reversal_lag1_positive_sell_call_else_sell_put,,,,,,312,312,1.0,12480.0,12500.0,0.00025,METAL|P,,,,,False,,,,,,,,False,,,,,False,1807260.0,0.0,0.0361452,35000000.0,5792.5,6042,False,iv_extreme_overlay,,,,,,,,,,t3_p95_rr_2d_repair_same_sign,,,,,,,,,,overlay2_risk_reversal_same_sign,0.9879372738238842,,,,,,risk_reversal_sidecar,risk_reversal_repair,risk_reversal_lag1_positive_sell_call_else_sell_put,2.0,P,-0.1065439264291137,-0.1157582497320228,-0.1332589523200445,0.1065439264291137,0.1157582497320228,0.1332589523200445,0.2925494690092359,0.1860055425801222,0.3057337212312784,0.1899754714992556,0.3221930404115609,0.1889340880915164,,,,,,,,,,,,,
2024-09-25,CU,SHFE,SHFE.cu2411P71000,P,2024-10-25,30,,-0.0630483393696105,2988,1663,126.0,71000.0,77460.0,P,l4_diff02_delta04_l3eff015,0.2354357720370392,,0.2354357720370392,,,79,79,1.0,49770.0,50000.0,0.001,METAL|P,,,,,False,,,,,,,,False,0.45,0.00075,0.0,,False,1833590.0,0.0,0.0366718,35000000.0,23210.0,1507,False,monthly,0.0,,,,,,,,,,,,,,,,,,,,,,,,,,,,,,,,,,,,,,,,,,,,,,,,,,,,,,,
2024-09-25,ZN,SHFE,SHFE.zn2411P22000,P,2024-10-25,30,,-0.0552434928916153,3846,3743,40.0,22000.0,24460.0,P,l4_diff02_delta04_l3eff015,0.2724191560331491,,0.2724191560331491,,,250,250,1.0,50000.0,50000.0,0.001,METAL|P,,,,,False,,,,,,,,False,0.45,0.00075,0.0,,False,1578750.0,0.0,0.031575,35000000.0,6315.0,5542,False,monthly,0.0,,,,,,,,,,,,,,,,,,,,,,,,,,,,,,,,,,,,,,,,,,,,,,,,,,,,,,,
2024-10-10,CU,SHFE,SHFE.cu2411C88000,C,2024-10-25,15,,0.022373473860024,1150,754,40.0,88000.0,77330.0,C,risk_reversal_lag1_positive_sell_call_else_sell_put,,,,,,62,62,1.0,12400.0,12500.0,0.00025,METAL|C,,,,,False,,,,,,,,False,,,,,False,1211015.0,0.0,0.0242203,35000000.0,19532.5,1791,False,iv_extreme_overlay,,,,,,,,,,t3_p95_rr_2d_repair_same_sign,,,,,,,,,,overlay2_risk_reversal_same_sign,0.9527104959630912,,,,,,risk_reversal_sidecar,risk_reversal_repair,risk_reversal_lag1_positive_sell_call_else_sell_put,2.0,C,0.056036308625253,0.0572134902331091,0.0989019016929154,0.056036308625253,0.0572134902331091,0.0989019016929154,0.2230887969718027,0.2791251055970558,0.2549458751033506,0.3121593653364597,0.2604136681887568,0.3593155698816722,,,,,,,,,,,,,
2024-10-10,RB,SHFE,SHFE.rb2411C4050,C,2024-10-25,15,,0.0269062667026825,1312,1312,3.0,4050.0,3401.0,C,risk_reversal_lag1_positive_sell_call_else_sell_put,,,,,,416,416,1.0,12480.0,12500.0,0.00025,FERROUS|C,,,,,False,,,,,,,,False,,,,,False,719888.0,0.0,0.01439776,35000000.0,1730.5,20225,False,iv_extreme_overlay,,,,,,,,,,t3_p95_rr_2d_repair_same_sign,,,,,,,,,,overlay2_risk_reversal_same_sign,1.0,,,,,,risk_reversal_sidecar,risk_reversal_repair,risk_reversal_lag1_positive_sell_call_else_sell_put,2.0,C,0.0369364179358534,0.0948762017919369,0.3124020114800162,0.0369364179358534,0.0948762017919369,0.3124020114800162,0.3627240627057706,0.399660480641624,0.358714887141006,0.4535910889329429,0.3371288794540958,0.649530890934112,,,,,,,,,,,,,
2024-10-11,RM,CZCE,CZCE.RM501P1975,P,2024-12-11,61,,-0.0337166579719849,1451,121,4.5,1975.0,2484.0,P,higher_iv_pressure,0.3183615037580223,,0.3183615037580223,,,277,277,1.0,12465.0,12500.0,0.00025,AGRI|P,,,,,False,,,,,,,,False,,,,,False,356499.0,0.0,0.00712998,35000000.0,1287.0,27195,False,iv_extreme_overlay,,,,,,0.292334596010251,0.8889970788704966,1027.0,16.0,t4_p90_pullback_3d_lag1_ivpct_lt95_trend15,2024-10-11,0.3058014829607836,0.3082469476637783,0.3104265316200145,0.3192941209781084,0.9230019493177388,0.9248780487804878,0.927734375,0.9452590420332356,,0.9452590420332356,0.9,0.04,0.00025,,,iv_pullback_sidecar,iv_extreme_pullback,higher_iv_pressure,1.0,,,,,,,,,,,,,,,,,,,,,,,,,,
2024-10-11,AG,SHFE,SHFE.ag2411P6800,P,2024-10-25,14,,-0.0334093990824084,2144,2158,8.0,6800.0,7794.0,P,higher_iv_pressure,0.4095370264648129,,0.4095370264648129,,,104,104,1.0,12480.0,12500.0,0.00025,METAL|P,,,,,False,,,,,,,,False,,,,,False,1182542.4,0.0,0.023650848,35000000.0,11370.6,3078,False,iv_extreme_overlay,,,,,,0.3465760741053556,0.9705882352941176,510.0,46.0,t4_p90_pullback_3d_lag1_ivpct_lt95_trend15,2024-10-11,0.3308689003389505,0.333546746880856,0.3397641203724609,0.3693336179235648,0.9469548133595284,0.9507874015748032,0.9625246548323472,0.984189723320158,,0.984189723320158,0.9,0.04,0.00025,,,iv_pullback_sidecar,iv_extreme_pullback,higher_iv_pressure,1.0,,,,,,,,,,,,,,,,,,,,,,,0.087179487179487,,,
2024-10-14,OI,CZCE,CZCE.OI501P8100,P,2024-12-11,58,,-0.0767346218463895,2465,257,37.5,8100.0,9421.0,P,l4_diff02_delta04_l3eff015,0.3111063067154351,,0.3111063067154351,,,200,200,1.0,75000.0,75000.0,0.0015,AGRI|P,,,,,False,,,,,,,,False,0.45,0.00075,0.0,,False,1017100.0,0.0,0.020342,35000000.0,5085.5,6882,False,monthly,0.0,,,,,,,,,,,,,,,,,,,,,,,,,,,,,,,,,,,,,,,,,,,,,,,,,,,,,,,
2024-10-14,RM,CZCE,CZCE.RM501P2100,P,2024-12-11,58,,-0.0753127281853022,8858,2043,11.0,2100.0,2491.0,P,l4_diff02_delta04_l3eff015,0.3216806466029426,,0.3216806466029426,,,681,681,1.0,74910.0,75000.0,0.0015,AGRI|P,,,,,False,,,,,,,,False,0.45,0.00075,0.0,,False,923095.5,0.0,0.01846191,35000000.0,1355.5,25820,False,monthly,0.0,,,,,,,,,,,,,,,,,,,,,,,,,,,,,,,,,,,,,,,,,,,,,,,,,,,,,,,
2024-10-15,CF,CZCE,CZCE.CF501C17800,C,2024-12-11,57,,0.0278189980532297,1843,166,17.0,17800.0,14120.0,C,risk_reversal_lag1_positive_sell_call_else_sell_put,,,,,,147,147,1.0,12495.0,12500.0,0.00025,SOFT|C,,,,,False,,,,,,,,False,,,,,False,531405.0,0.0,0.0106281,35000000.0,3615.0,9681,False,iv_extreme_overlay,,,,,,,,,,t3_p95_rr_2d_repair_same_sign,,,,,,,,,,overlay2_risk_reversal_same_sign,0.959954233409611,,,,,,risk_reversal_sidecar,risk_reversal_repair,risk_reversal_lag1_positive_sell_call_else_sell_put,2.0,C,0.0638214162499591,0.0663538709586957,0.0919732577544678,0.0638214162499591,0.0663538709586957,0.0919732577544678,0.1789995984161452,0.2428210146661043,0.1847744417545072,0.2511283127132029,0.2081557532120634,0.3001290109665313,,,,,,,,,,,,,
2024-10-15,C,DCE,DCE.c2501-C-2480,C,2024-12-17,63,,0.0780945335020467,1615,111,6.0,2480.0,2209.0,C,l4_diff02_delta04_l3eff015,0.1405243765013563,0.2188077307738882,0.2188077307738882,0.1405243765013563,0.0782833542725319,1250,1250,1.0,75000.0,75000.0,0.0015,AGRI|C,,,,,False,,,,,,,,False,0.45,0.00075,0.0,,False,1455625.0,0.0,0.0291125,35000000.0,1164.5,30055,False,monthly,0.0,,,,,,,,,,,,,,,,,,,,,,,,,,,,,,,,,,,,,,,,,,,,,,,,,,,,,,,
2024-10-16,M,DCE,DCE.m2412-C-3750,C,2024-11-07,22,,0.0108128428902448,5309,3532,1.0,3750.0,3022.0,C,risk_reversal_lag1_positive_sell_call_else_sell_put,,,,,,1250,1250,1.0,12500.0,12500.0,0.00025,AGRI|C,,,,,False,,,,,,,,False,,,,,False,1901250.0,0.0,0.038025,35000000.0,1521.0,23011,False,iv_extreme_overlay,,,,,,,,,,t3_p95_rr_2d_repair_same_sign,,,,,,,,,,overlay2_risk_reversal_same_sign,0.9988023952095808,,,,,,risk_reversal_sidecar,risk_reversal_repair,risk_reversal_lag1_positive_sell_call_else_sell_put,2.0,C,0.1057494023659772,0.1173686042606645,0.1840382610428904,0.1057494023659772,0.1173686042606645,0.1840382610428904,0.2112034589770344,0.3169528613430117,0.2225207526700061,0.3398893569306707,0.240384701912005,0.4244229629548954,,,,,,,,,,,,,
2024-10-25,CU,SHFE,SHFE.cu2412C98000,C,2024-11-25,31,,0.015746994849278,1506,789,46.0,98000.0,76810.0,C,risk_reversal_lag1_positive_sell_call_else_sell_put,,,,,,54,54,1.0,12420.0,12500.0,0.00025,METAL|C,,,,,False,,,,,,,,False,,,,,False,1049355.0,0.0,0.0209871,35000000.0,19432.5,1801,False,iv_extreme_overlay,,,,,,,,,,t3_p95_rr_2d_repair_same_sign,,,,,,,,,,overlay2_risk_reversal_same_sign,0.9885321100917432,,,,,,risk_reversal_sidecar,risk_reversal_repair,risk_reversal_lag1_positive_sell_call_else_sell_put,2.0,C,0.0126324506864685,0.0322142322196874,0.1275241393212206,0.0126324506864685,0.0322142322196874,0.1275241393212206,0.2222289251683544,0.2348613758548229,0.237019149414024,0.2692333816337114,0.2209779309834857,0.3485020703047063,,,,,,,,,,,,,
2024-10-25,MO,CFFEX,CFFEX.MO2411-P-5000,P,2024-11-15,21,,-0.0269233805380453,4884,3519,6.2,5000.0,5996.0,P,term_structure_t1_high_iv_pressure,,,,,,20,20,1.0,12400.0,12500.0,0.00025,CFFEX_INDEX|P,,,,,False,,,,,,,,False,,,,,False,612400.0,0.0,0.012248,35000000.0,30620.0,1143,False,iv_extreme_overlay,,,,,,,,,,t3_p95_term_2d_repair_t1_no_trend_conflict_cluster_cap2,,,,,,,,,,overlay3_term_structure_cluster_cap2,0.96309963099631,,,,,,term_structure_sidecar,term_structure_repair,term_structure_t1_high_iv_pressure,3.0,P,,,,,,,,,,,,,0.0088008914266219,0.0190727259222997,0.0320161084695811,0.3832186138924357,0.3744177224658137,0.4012388415845889,0.3821661156622891,0.418311327804671,0.3862952193350898,0.349459409932197,P,False,
2024-10-26,AG,SHFE,SHFE.ag2412P7000,P,2024-11-25,30,,-0.0714540050810526,21603,2201,30.5,7000.0,8197.0,P,l4_diff02_delta04_l3eff015,0.4271553254896753,,0.4271553254896753,,,109,109,1.0,49867.5,50000.0,0.001,METAL|P,,,,,False,,,,,,,,False,0.45,0.00075,0.0,,False,1215655.2,0.0,0.024313104,35000000.0,11152.8,3138,False,monthly,0.0,,,,,,,,,,,,,,,,,,,,,,,,,,,,,,,,,,,,,,,,,,,,,,,,,,,,,,,
2024-10-26,AL,SHFE,SHFE.al2412P19000,P,2024-11-25,30,,-0.032723659800798,3500,8,15.0,19000.0,20980.0,P,l4_diff02_delta04_l3eff015,0.1906007483425948,,0.1906007483425948,,,500,500,1.0,37500.0,37500.0,0.00075,METAL|P,,,,,False,,,,,,,,False,0.45,0.00075,0.0,,False,2807500.0,0.0,0.05615,35000000.0,5615.0,6233,False,monthly,0.0,,,,,,,,,,,,,,,,,,,,,,,,,,,,,,,,,,,,,,,,,,,,,,,,,,,,,,,
2024-10-29,BR,SHFE,SHFE.br2412C18000,C,2024-11-25,27,,0.025050410086289,1363,842,13.0,18000.0,14865.0,C,higher_iv_pressure,,0.3507153603006138,0.3507153603006138,,,192,192,1.0,12480.0,12500.0,0.00025,CHEM|C,,,,,False,,,,,,,,False,,,,,False,1011408.0000000002,0.0,0.02022816,35000000.0,5267.750000000001,6644,False,iv_extreme_overlay,,,,,,0.2347436817864825,0.6162790697674418,258.0,30.0,t4_p90_pullback_3d_lag1_ivpct_lt95_trend15,2024-10-29,0.239849838253968,0.2485029302442632,0.2688260397672963,0.2843348683953061,0.6731517509727627,0.7578125,0.8470588235294118,0.9251968503937008,,0.9251968503937008,0.9,0.04,0.00025,,,iv_pullback_sidecar,iv_extreme_pullback,higher_iv_pressure,1.0,,,,,,,,,,,,,,,,,,,,,,,-0.0399613277473412,,,
2024-11-02,AG,SHFE,SHFE.ag2412P6600,P,2024-11-25,23,,-0.0363604797596757,2896,53,12.5,6600.0,7923.0,P,higher_iv_pressure,0.485482487531348,,0.485482487531348,,,66,66,1.0,12375.0,12500.0,0.00025,METAL|P,,,,,False,,,,,,,,False,,,,,False,639876.6,0.0,0.012797532,35000000.0,9695.1,3610,False,iv_extreme_overlay,,,,,,0.34696169993864,0.9450757575757576,528.0,48.0,t4_p90_pullback_3d_lag1_ivpct_lt95_trend15,2024-11-02,0.345797413644603,0.3504426816388433,0.3707180544651085,0.3735215989182822,0.9392789373814042,0.9543726235741444,0.9733333333333334,0.9790076335877864,,0.9790076335877864,0.9,0.04,0.00025,,,iv_pullback_sidecar,iv_extreme_pullback,higher_iv_pressure,1.0,,,,,,,,,,,,,,,,,,,,,,,0.062291137548456,,,
2024-11-08,A,DCE,DCE.a2501-C-5200,C,2024-12-17,39,,0.0156404827896132,13461,2379,2.5,5200.0,4028.0,C,risk_reversal_lag1_positive_sell_call_else_sell_put,,,,,,500,500,1.0,12500.0,12500.0,0.00025,AGRI|C,,,,,False,,,,,,,,False,,,,,False,1019500.0,0.0,0.02039,35000000.0,2039.0,17165,False,iv_extreme_overlay,,,,,,,,,,t3_p95_rr_2d_repair_same_sign,,,,,,,,,,overlay2_risk_reversal_same_sign,1.0,,,,,,risk_reversal_sidecar,risk_reversal_repair,risk_reversal_lag1_positive_sell_call_else_sell_put,2.0,C,0.1064241466779772,0.1192749937448371,0.1291808936681447,0.1064241466779772,0.1192749937448371,0.1291808936681447,0.1414579768383731,0.2478821235163503,0.1382112903898046,0.2574862841346417,0.1341965562787904,0.2633774499469351,,,,,,,,,,,,,
2024-11-08,M,DCE,DCE.m2501-C-3550,C,2024-12-17,39,,0.065476864434093,2484,753,8.5,3550.0,3028.0,C,l4_diff02_delta04_l3eff015,0.2025095746310486,0.3429945954961952,0.3429945954961952,0.2025095746310486,0.1404850208651466,588,588,1.0,49980.0,50000.0,0.001,AGRI|C,,,,,False,,,,,,,,False,0.45,0.00075,0.0,,False,940212.0,0.0,0.01880424,35000000.0,1599.0,21888,False,monthly,0.0,,,,,,,,,,,,,,,,,,,,,,,,,,,,,,,,,,,,,,,,,,,,,,,,,,,,,,,
2024-11-09,AU,SHFE,SHFE.au2412C672,C,2024-11-25,16,,0.0283580220348348,1423,55,0.28,672.0,619.7,C,higher_iv_pressure,0.2907024631740999,0.3049523978931726,0.3049523978931726,0.2907024631740999,0.0142499347190726,44,44,1.0,12320.0,12500.0,0.00025,METAL|C,,,,,False,,,,,,,,False,,,,,False,3224408.000000002,0.0,0.06448816,35000000.0,73282.00000000004,477,False,iv_extreme_overlay,,,,,,0.1724424954429378,0.7362549800796813,1255.0,48.0,t4_p90_pullback_3d_lag1_ivpct_lt95_trend15,2024-11-09,0.1694114334614094,0.1830014455090813,0.1892032865591368,0.2288063202762809,0.7001594896331739,0.8004788507581804,0.8314696485623003,0.9752198241406874,,0.9752198241406874,0.9,0.04,0.00025,,,iv_pullback_sidecar,iv_extreme_pullback,higher_iv_pressure,1.0,,,,,,,,,,,,,,,,,,,,,,,0.0322655911469618,,,
2024-11-13,RB,SHFE,SHFE.rb2412C3650,C,2024-11-25,12,,0.0339306143590641,2862,418,2.0,3650.0,3357.0,C,higher_iv_pressure,0.2313536392820739,0.269583373325084,0.269583373325084,0.2313536392820739,0.03822973404301,625,625,1.0,12500.0,12500.0,0.00025,FERROUS|C,,,,,False,,,,,,,,False,,,,,False,1195000.0000000002,0.0,0.0239,35000000.0,1912.0000000000005,18305,False,iv_extreme_overlay,,,,,,0.1958068601394862,0.6777041942604857,453.0,28.0,t4_p90_pullback_3d_lag1_ivpct_lt95_trend15,2024-11-13,0.208568822762154,0.223385810867148,0.2318383039446387,0.2384172347454896,0.7920353982300885,0.917960088691796,0.9688888888888888,0.9821826280623608,,0.9821826280623608,0.9,0.04,0.00025,,,iv_pullback_sidecar,iv_extreme_pullback,higher_iv_pressure,1.0,,,,,,,,,,,,,,,,,,,,,,,-0.0184264404796724,,,
2024-11-13,PG,DCE,DCE.pg2501-C-5650,C,2024-12-17,34,,0.0101603487515933,1126,124,1.6,5650.0,4347.0,C,risk_reversal_lag1_positive_sell_call_else_sell_put,,,,,,390,390,1.0,12480.0,12500.0,0.00025,CHEM|C,,,,,False,,,,,,,,False,,,,,False,3403140.000000001,0.0,0.0680628,35000000.0,8726.000000000002,4011,False,iv_extreme_overlay,,,,,,,,,,t3_p95_rr_2d_repair_same_sign,,,,,,,,,,overlay2_risk_reversal_same_sign,0.9552042160737813,,,,,,risk_reversal_sidecar,risk_reversal_repair,risk_reversal_lag1_positive_sell_call_else_sell_put,2.0,C,0.074549481931935,0.0790422995859563,0.1082849665058242,0.074549481931935,0.0790422995859563,0.1082849665058242,0.1933950140479402,0.2679444959798752,0.2001255367981821,0.2791678363841384,0.1977845884732021,0.3060695549790263,,,,,,,,,,,,,
2024-11-13,V,DCE,DCE.v2501-C-6500,C,2024-12-17,34,,0.0258952598681224,4300,923,5.0,6500.0,5342.0,C,risk_reversal_lag1_positive_sell_call_else_sell_put,,,,,,500,500,1.0,12500.0,12500.0,0.00025,CHEM|C,,,,,False,,,,,,,,False,,,,,False,479925.00000000006,0.0,0.0095985,35000000.0,959.85,36464,False,iv_extreme_overlay,,,,,,,,,,t3_p95_rr_2d_repair_same_sign,,,,,,,,,,overlay2_risk_reversal_same_sign,0.9552631578947368,,,,,,risk_reversal_sidecar,risk_reversal_repair,risk_reversal_lag1_positive_sell_call_else_sell_put,2.0,C,0.0962826662302585,0.1033680472479401,0.1156174017868506,0.0962826662302585,0.1033680472479401,0.1156174017868506,0.1965268623190351,0.2928095285492936,0.2002892381107489,0.3036572853586891,0.1866344333795997,0.3022518351664504,,,,,,,,,,,,,
2024-11-15,IO,CFFEX,CFFEX.IO2412-P-3400,P,2024-12-20,35,,-0.0284073601456668,1286,199,3.8,3400.0,3975.2,P,higher_iv_pressure,0.2847551429485649,,0.2847551429485649,,,32,32,1.0,12160.0,12500.0,0.00025,CFFEX_INDEX|P,,,,,False,,,,,,,,False,,,,,False,664960.0,0.0,0.0132992,35000000.0,20780.0,1684,False,iv_extreme_overlay,,,,,,0.239352300022926,0.8855534709193246,1066.0,32.0,t4_p90_pullback_3d_lag1_ivpct_lt95_trend15,2024-11-15,0.2380691478663326,0.2446201824444142,0.2500961577263787,0.2617215882715324,0.8835680751173709,0.900375939849624,0.9125117591721544,0.9303201506591338,,0.9303201506591338,0.9,0.04,0.00025,,,iv_pullback_sidecar,iv_extreme_pullback,higher_iv_pressure,1.0,,,,,,,,,,,,,,,,,,,,,,,0.0546944313971087,,,
2024-11-15,MA,CZCE,CZCE.MA501C2900,C,2024-12-11,26,,0.0223755576902964,2218,2912,1.5,2900.0,2493.0,C,risk_reversal_lag1_positive_sell_call_else_sell_put,,,,,,833,833,1.0,12495.0,12500.0,0.00025,CHEM|C,,,,,False,,,,,,,,False,,,,,False,1050829.5,0.0,0.02101659,35000000.0,1261.5,27744,False,iv_extreme_overlay,,,,,,,,,,t3_p95_rr_2d_repair_same_sign,,,,,,,,,,overlay2_risk_reversal_same_sign,0.9645669291338582,,,,,,risk_reversal_sidecar,risk_reversal_repair,risk_reversal_lag1_positive_sell_call_else_sell_put,2.0,C,0.028024897027241,0.0467211768521978,0.0890735643857322,0.028024897027241,0.0467211768521978,0.0890735643857322,0.2251930830152186,0.2532179800424597,0.2225476274529783,0.2692688043051761,0.2104811692892667,0.2995547336749989,,,,,,,,,,,,,
2024-11-15,PK,CZCE,CZCE.PK501C8900,C,2024-12-11,26,,0.0257105164199722,2133,648,4.5,8900.0,7912.0,C,term_structure_t1_high_iv_pressure,,,,,,555,555,1.0,12487.5,12500.0,0.00025,AGRI|C,,,,,False,,,,,,,,False,,,,,False,1110277.5,0.0,0.02220555,35000000.0,2000.5,17495,False,iv_extreme_overlay,,,,,,,,,,t3_p95_term_2d_repair_t1_no_trend_conflict_cluster_cap2,,,,,,,,,,overlay3_term_structure_cluster_cap2,0.950354609929078,,,,,,term_structure_sidecar,term_structure_repair,term_structure_t1_high_iv_pressure,3.0,C,,,,,,,,,,,,,0.0047197157328908,0.0182208921022394,0.022382002373297,0.1531318722456802,0.1484121565127894,0.1698627183883759,0.1516418262861365,0.1857210152072139,0.1633390128339168,-0.0002489419965148,C,False,
2024-11-18,LC,GFEX,GFEX.lc2501-P-70000,P,2024-12-06,18,,-0.0388307489752769,7110,4853,110.0,70000.0,80950.0,P,higher_iv_pressure,0.4131524991727073,,0.4131524991727073,,,113,113,1.0,12430.0,12500.0,0.00025,AGRI|P,,,,,False,,,,,,,,False,,,,,False,765857.5,0.0,0.01531715,35000000.0,6777.5,5164,False,iv_extreme_overlay,,,,,,0.419653110264198,0.6232394366197183,284.0,48.0,t4_p90_pullback_3d_lag1_ivpct_lt95_trend15,2024-11-18,0.3776974185150421,0.4055628263180909,0.4295683184660597,0.6578842918051871,0.3321554770318021,0.5141843971631206,0.6370106761565836,0.9607142857142856,,0.9607142857142856,0.9,0.04,0.00025,,,iv_pullback_sidecar,iv_extreme_pullback,higher_iv_pressure,1.0,,,,,,,,,,,,,,,,,,,,,,,0.0897703549060542,,,
2024-11-18,C,DCE,DCE.c2501-C-2480,C,2024-12-17,29,,0.0296000845418906,3310,64,1.5,2480.0,2208.0,C,risk_reversal_lag1_positive_sell_call_else_sell_put,,,,,,833,833,1.0,12495.0,12500.0,0.00025,AGRI|C,,,,,False,,,,,,,,False,,,,,False,932127.0,0.0,0.01864254,35000000.0,1119.0,31277,False,iv_extreme_overlay,,,,,,,,,,t3_p95_rr_2d_repair_same_sign,,,,,,,,,,overlay2_risk_reversal_same_sign,0.9978046103183316,,,,,,risk_reversal_sidecar,risk_reversal_repair,risk_reversal_lag1_positive_sell_call_else_sell_put,2.0,C,0.0558926691653305,0.0572434767363508,0.0934249819315237,0.0558926691653305,0.0572434767363508,0.0934249819315237,0.1325348772438865,0.188427546409217,0.1351268538775543,0.1923703306139051,0.1285801482199912,0.222005130151515,,,,,,,,,,,,,
2024-11-18,M,DCE,DCE.m2501-C-3550,C,2024-12-17,29,,0.0214801956852572,3079,514,2.0,3550.0,2964.0,C,risk_reversal_lag1_positive_sell_call_else_sell_put,,,,,,625,625,1.0,12500.0,12500.0,0.00025,AGRI|C,,,,,False,,,,,,,,False,,,,,False,938750.0,0.0,0.018775,35000000.0,1502.0000000000002,23302,False,iv_extreme_overlay,,,,,,,,,,t3_p95_rr_2d_repair_same_sign,,,,,,,,,,overlay2_risk_reversal_same_sign,0.9729411764705882,,,,,,risk_reversal_sidecar,risk_reversal_repair,risk_reversal_lag1_positive_sell_call_else_sell_put,2.0,C,0.0896517976017166,0.0973519892518118,0.1013071542611318,0.0896517976017166,0.0973519892518118,0.1013071542611318,0.1831342119235693,0.272786009525286,0.1735570113754765,0.2709090006272883,0.1777497424388899,0.2790568967000217,,,,,,,,,,,,,
2024-11-18,SI,GFEX,GFEX.si2501-C-14400,C,2024-12-06,18,,0.0258076096502634,2552,506,9.0,14400.0,12380.0,C,risk_reversal_lag1_positive_sell_call_else_sell_put,,,,,,277,277,1.0,12465.0,12500.0,0.00025,METAL|C,,,,,False,,,,,,,,False,,,,,False,869780.0,0.0,0.0173956,35000000.0,3140.0,11146,False,iv_extreme_overlay,,,,,,,,,,t3_p95_rr_2d_repair_same_sign,,,,,,,,,,overlay2_risk_reversal_same_sign,0.9753521126760564,,,,,,risk_reversal_sidecar,risk_reversal_repair,risk_reversal_lag1_positive_sell_call_else_sell_put,2.0,C,0.1137346729413436,0.1481925947199387,0.1688842030097357,0.1137346729413436,0.1481925947199387,0.1688842030097357,0.2174885837549231,0.3312232566962667,0.2242608180285434,0.3724534127484821,0.2106936968707853,0.379577899880521,,,,,,,,,,,,,
2024-11-18,SR,CZCE,CZCE.SR501C6400,C,2024-12-11,23,,0.0255696389911864,13441,3153,2.5,6400.0,5860.0,C,term_structure_t1_high_iv_pressure,,,,,,500,500,1.0,12500.0,12500.0,0.00025,SOFT|C,,,,,False,,,,,,,,False,,,,,False,1592500.0,0.0,0.03185,35000000.0,3185.0,10989,False,iv_extreme_overlay,,,,,,,,,,t3_p95_term_2d_repair_t1_no_trend_conflict_cluster_cap2,,,,,,,,,,overlay3_term_structure_cluster_cap2,0.963254593175853,,,,,,term_structure_sidecar,term_structure_repair,term_structure_t1_high_iv_pressure,3.0,C,,,,,,,,,,,,,0.0087462031478224,0.0100705026549173,0.0306806893260256,0.1124001297659615,0.103653926618139,0.1161486014493985,0.1060780987944811,0.1580030275481063,0.1273223382220807,-0.0450538687561214,C,False,
2024-11-22,HO,CFFEX,CFFEX.HO2412-C-3050,C,2024-12-20,28,,0.0387101811386839,1203,461,3.4,3050.0,2603.6,C,higher_iv_pressure,,0.3351652279271536,0.3351652279271536,,,36,36,1.0,12240.0,12500.0,0.00025,CFFEX_INDEX|C,,,,,False,,,,,,,,False,,,,,False,574617.6,0.0,0.0114923519999999,35000000.0,15961.6,2192,False,iv_extreme_overlay,,,,,,0.2280691131776024,0.9247311827956988,465.0,24.0,t4_p90_pullback_3d_lag1_ivpct_lt95_trend15,2024-11-22,0.2204219040761327,0.2309219443001819,0.2404498431514402,0.2449954456552287,0.9224137931034484,0.9308855291576674,0.9372294372294372,0.9479392624728852,,0.9479392624728852,0.9,0.04,0.00025,,,iv_pullback_sidecar,iv_extreme_pullback,higher_iv_pressure,1.0,,,,,,,,,,,,,,,,,,,,,,,-0.0114029279776355,,,
2024-11-22,MO,CFFEX,CFFEX.MO2412-P-5000,P,2024-12-20,28,,-0.0385850632650149,2991,1320,9.8,5000.0,5951.2,P,higher_iv_pressure,0.3696193157924752,0.3241663089858123,0.3696193157924752,0.3241663089858123,0.0454530068066628,12,12,1.0,11760.0,12500.0,0.00025,CFFEX_INDEX|P,,,,,False,,,,,,,,False,,,,,False,371760.0,0.0,0.0074352,35000000.0,30980.0,1129,False,iv_extreme_overlay,,,,,,0.3218586455087204,0.9238938053097344,565.0,24.0,t4_p90_pullback_3d_lag1_ivpct_lt95_trend15,2024-11-22,0.2964889707621109,0.307123208832915,0.3252013958778296,0.3316299236000982,0.898936170212766,0.9094138543516874,0.9252669039145908,0.9322638146167558,,0.9322638146167558,0.9,0.04,0.00025,,,iv_pullback_sidecar,iv_extreme_pullback,higher_iv_pressure,1.0,,,,,,,,,,,,,,,,,,,,,,,0.0502444323737099,,,
2024-11-26,Y,DCE,DCE.y2501-P-7300,P,2024-12-17,21,,-0.0252462991686933,2249,168,4.0,7300.0,8056.0,P,term_structure_t1_high_iv_pressure,,,,,,312,312,1.0,12480.0,12500.0,0.00025,AGRI|P,,,,,False,,,,,,,,False,,,,,False,1346592.0,0.0,0.02693184,35000000.0,4316.0,8109,False,iv_extreme_overlay,,,,,,,,,,t3_p95_term_2d_repair_t1_no_trend_conflict_cluster_cap2,,,,,,,,,,overlay3_term_structure_cluster_cap2,0.9534883720930232,,,,,,term_structure_sidecar,term_structure_repair,term_structure_t1_high_iv_pressure,3.0,P,,,,,,,,,,,,,0.0066103400259748,0.0085469826119459,0.0381640503993726,0.1777883766060958,0.1711780365801209,0.1752283985841179,0.166681415972172,0.208356342105365,0.1701922917059923,0.0032548823234852,P,False,
2024-11-26,AL,SHFE,SHFE.al2501P18000,P,2024-12-25,29,,-0.0168710579498104,1213,22,8.0,18000.0,20530.0,P,l4_diff02_delta04_l3eff015,0.1776646232667678,0.1760452742025144,0.1776646232667678,0.1760452742025144,0.0016193490642533,937,937,1.0,37480.0,37500.0,0.00075,METAL|P,,,,,False,,,,,,,,False,0.45,0.00075,0.0,,False,4846632.5,0.0,0.09693265,35000000.0,5172.5,6766,False,monthly,0.0,,,,,,,,,,,,,,,,,,,,,,,,,,,,,,,,,,,,,,,,,,,,,,,,,,,,,,,
2024-11-28,B,DCE,DCE.b2501-C-3900,C,2024-12-17,19,,0.0262237857433924,1287,81,1.5,3900.0,3588.0,C,risk_reversal_lag1_positive_sell_call_else_sell_put,,,,,,833,833,1.0,12495.0,12500.0,0.00025,OTHER|C,,,,,False,,,,,,,,False,,,,,False,1701819.0,0.0,0.03403638,35000000.0,2043.0,17131,False,iv_extreme_overlay,,,,,,,,,,t3_p95_rr_2d_repair_same_sign,,,,,,,,,,overlay2_risk_reversal_same_sign,0.9508599508599508,,,,,,risk_reversal_sidecar,risk_reversal_repair,risk_reversal_lag1_positive_sell_call_else_sell_put,2.0,C,0.0315894700473385,0.0430633998020462,0.0744354956266896,0.0315894700473385,0.0430633998020462,0.0744354956266896,0.154391446921571,0.1859809169689095,0.1632901674562321,0.2063535672582784,0.1494466889856855,0.2238821846123752,,,,,,,,,,,,,
2024-12-12,RB,SHFE,SHFE.rb2501C3600,C,2024-12-25,13,,0.0208540554815479,22069,3717,1.0,3600.0,3318.0,C,risk_reversal_lag1_positive_sell_call_else_sell_put,,,,,,1250,1250,1.0,12500.0,12500.0,0.00025,FERROUS|C,,,,,False,,,,,,,,False,,,,,False,2397500.0,0.0,0.04795,35000000.0,1918.0,18248,False,iv_extreme_overlay,,,,,,,,,,t3_p95_rr_2d_repair_same_sign,,,,,,,,,,overlay2_risk_reversal_same_sign,0.9971014492753624,,,,,,risk_reversal_sidecar,risk_reversal_repair,risk_reversal_lag1_positive_sell_call_else_sell_put,2.0,C,0.0227085332866216,0.0540460599260518,0.1000102840611321,0.0227085332866216,0.0540460599260518,0.1000102840611321,0.1995294913902096,0.2222380246768312,0.1759051176546103,0.2299511775806622,0.1922888797416952,0.2922991638028274,,,,,,,,,,,,,
2024-12-12,SR,CZCE,CZCE.SR503P5500,P,2025-02-12,62,,-0.0361898781692522,2027,1453,5.5,5500.0,6125.0,P,l4_diff02_delta04_l3eff015,0.1616118521646615,0.1481641877100118,0.1616118521646615,0.1481641877100118,0.0134476644546497,909,909,1.0,49995.0,50000.0,0.001,SOFT|P,,,,,False,,,,,,,,False,0.45,0.00075,0.0,,False,2833807.5,0.0,0.05667615,35000000.0,3117.5,11226,False,monthly,0.0,,,,,,,,,,,,,,,,,,,,,,,,,,,,,,,,,,,,,,,,,,,,,,,,,,,,,,,
2024-12-23,C,DCE,DCE.c2503-C-2440,C,2025-02-20,59,,0.0188637181166982,4648,1345,1.0,2440.0,2101.0,C,risk_reversal_lag1_positive_sell_call_else_sell_put,,,,,,1250,1250,1.0,12500.0,12500.0,0.00025,AGRI|C,,,,,False,,,,,,,,False,,,,,False,1325625.0,0.0,0.0265125,35000000.0,1060.5,33003,False,iv_extreme_overlay,,,,,,,,,,t3_p95_rr_2d_repair_same_sign,,,,,,,,,,overlay2_risk_reversal_same_sign,0.9634408602150538,,,,,,risk_reversal_sidecar,risk_reversal_repair,risk_reversal_lag1_positive_sell_call_else_sell_put,2.0,C,0.0378017615863231,0.0525011099858507,0.0600682289309424,0.0378017615863231,0.0525011099858507,0.0600682289309424,0.1222667995801187,0.1600685611664419,0.1179857980111057,0.1704869079969564,0.1159450630703143,0.1760132920012568,,,,,,,,,,,,,
2024-12-26,AL,SHFE,SHFE.al2502C20800,C,2025-01-21,26,,0.0582910995316402,1220,739,16.0,20800.0,19745.0,C,l4_diff02_delta04_l3eff015,,0.1268637925457337,0.1268637925457337,,,625,625,1.0,50000.0,50000.0,0.001,METAL|C,,,,,False,,,,,,,,False,0.45,0.00075,0.0,,False,4571875.0,0.0,0.0914375,35000000.0,7315.0,4784,False,monthly,0.0,,,,,,,,,,,,,,,,,,,,,,,,,,,,,,,,,,,,,,,,,,,,,,,,,,,,,,,
2024-12-26,CU,SHFE,SHFE.cu2502P71000,P,2025-01-21,26,,-0.0766212624095267,1016,1395,88.0,71000.0,74470.0,P,l4_diff02_delta04_l3eff015,0.1727069495305657,0.1311811830542678,0.1727069495305657,0.1311811830542678,0.0415257664762978,113,113,1.0,49720.0,50000.0,0.001,METAL|P,,,,,False,,,,,,,,False,0.45,0.00075,0.0,,False,3277000.0,0.0,0.06554,35000000.0,29000.0,1206,False,monthly,0.0,,,,,,,,,,,,,,,,,,,,,,,,,,,,,,,,,,,,,,,,,,,,,,,,,,,,,,,
2024-12-26,ZN,SHFE,SHFE.zn2502C28000,C,2025-01-21,26,,0.0304531996265701,1321,1405,15.0,28000.0,25425.0,C,l4_diff02_delta04_l3eff015,0.1869940300752725,0.1978807790095337,0.1978807790095337,0.1869940300752725,0.0108867489342612,500,500,1.0,37500.0,37500.0,0.00075,METAL|C,,,,,False,,,,,,,,False,0.45,0.00075,0.0,,False,3215625.0,0.0,0.0643125,35000000.0,6431.25,5442,False,monthly,0.0,,,,,,,,,,,,,,,,,,,,,,,,,,,,,,,,,,,,,,,,,,,,,,,,,,,,,,,
2025-01-14,MA,CZCE,CZCE.MA503C3000,C,2025-02-12,29,,0.06376522907866,2239,2471,5.0,3000.0,2696.0,C,l4_diff02_delta04_l3eff015,0.2187813125741468,0.2448110248430275,0.2448110248430275,0.2187813125741468,0.0260297122688807,1000,1000,1.0,50000.0,50000.0,0.001,CHEM|C,,,,,False,,,,,,,,False,0.45,0.00075,0.0,,False,1398000.0,0.0,0.02796,35000000.0,1398.0,25035,False,monthly,0.0,,,,,,,,,,,,,,,,,,,,,,,,,,,,,,,,,,,,,,,,,,,,,,,,,,,,,,,
2025-01-14,TA,CZCE,CZCE.TA503P4800,P,2025-02-12,29,,-0.078483428920042,3080,4276,9.5,4800.0,5152.0,P,l4_diff02_delta04_l3eff015,0.1951527527493714,,0.1951527527493714,,,1052,1052,1.0,49970.0,50000.0,0.001,CHEM|P,,,,,False,,,,,,,,False,0.45,0.00075,0.0,,False,1834162.0,0.0,0.03668324,35000000.0,1743.5000000000002,20074,False,monthly,0.0,,,,,,,,,,,,,,,,,,,,,,,,,,,,,,,,,,,,,,,,,,,,,,,,,,,,,,,
2025-01-20,SM,CZCE,CZCE.SM503P5800,P,2025-02-12,23,,-0.0250559082418917,1161,1376,5.0,5800.0,6718.0,P,term_structure_t1_high_iv_pressure,,,,,,500,500,1.0,12500.0,12500.0,0.00025,FERROUS|P,,,,,False,,,,,,,,False,,,,,False,852250.0000000001,0.0,0.017045,35000000.0,1704.5000000000002,20533,False,iv_extreme_overlay,,,,,,,,,,t3_p95_term_2d_repair_t1_no_trend_conflict_cluster_cap2,,,,,,,,,,overlay3_term_structure_cluster_cap2,0.972027972027972,,,,,,term_structure_sidecar,term_structure_repair,term_structure_t1_high_iv_pressure,3.0,P,,,,,,,,,,,,,0.0768244465857519,0.0866048584937735,0.0894982382207894,0.3461935855943229,0.2693691390085709,0.3438738907460981,0.2572690322523245,0.3361199806887509,0.2466217424679615,0.0690978886756237,P,False,
2025-01-22,AL,SHFE,SHFE.al2503P18500,P,2025-02-24,33,,-0.0269543151372503,1165,424,10.0,18500.0,20240.0,P,l4_diff02_delta04_l3eff015,0.1349035604977466,0.1298610521201885,0.1349035604977466,0.1298610521201885,0.005042508377558,1000,1000,1.0,50000.0,50000.0,0.001,METAL|P,,,,,False,,,,,,,,False,0.45,0.00075,0.0,,False,5820000.0,0.0,0.1164,35000000.0,5820.0,6013,False,monthly,0.0,,,,,,,,,,,,,,,,,,,,,,,,,,,,,,,,,,,,,,,,,,,,,,,,,,,,,,,
2025-02-13,AL,SHFE,SHFE.al2503P19000,P,2025-02-24,11,,-0.0050394426795203,1063,391,1.0,19000.0,20530.0,P,term_structure_t1_high_iv_pressure,,,,,,2500,2500,1.0,12500.0,12500.0,0.00025,METAL|P,,,,,False,,,,,,,,False,,,,,False,16112500.0,0.0,0.32225,35000000.0,6445.0,5430,False,iv_extreme_overlay,,,,,,,,,,t3_p95_term_2d_repair_t1_no_trend_conflict_cluster_cap2,,,,,,,,,,overlay3_term_structure_cluster_cap2,0.9573312645461598,,,,,,term_structure_sidecar,term_structure_repair,term_structure_t1_high_iv_pressure,3.0,P,,,,,,,,,,,,,0.0195212171362643,0.0205544533488395,0.0266778859908539,0.1384011079671633,0.1188798908308989,0.1433759151826748,0.1228214618338353,0.1467666216878557,0.1200887356970017,0.0190735694822887,P,False,
2025-02-13,OI,CZCE,CZCE.OI505C10200,C,2025-04-11,57,,0.0378815865750891,1417,34,11.5,10200.0,8652.0,C,l4_diff02_delta04_l3eff015,0.2129003125116455,0.2289039385346227,0.2289039385346227,0.2129003125116455,0.0160036260229771,326,326,1.0,37490.0,37500.0,0.00075,AGRI|C,,,,,False,,,,,,,,False,0.45,0.00075,0.0,,False,1447766.0,0.0,0.02895532,35000000.0,4441.0,7881,False,monthly,0.0,,,,,,,,,,,,,,,,,,,,,,,,,,,,,,,,,,,,,,,,,,,,,,,,,,,,,,,
2025-02-13,RM,CZCE,CZCE.RM505C3000,C,2025-04-11,57,,0.0708535443989706,2659,842,8.5,3000.0,2531.0,C,l4_diff02_delta04_l3eff015,0.2383070389423085,0.284410008850717,0.284410008850717,0.2383070389423085,0.0461029699084084,882,882,1.0,74970.0,75000.0,0.0015,AGRI|C,,,,,False,,,,,,,,False,0.45,0.00075,0.0,,False,1191141.0,0.0,0.02382282,35000000.0,1350.5,25916,False,monthly,0.0,,,,,,,,,,,,,,,,,,,,,,,,,,,,,,,,,,,,,,,,,,,,,,,,,,,,,,,
2025-02-13,SR,CZCE,CZCE.SR505P5500,P,2025-04-11,57,,-0.0625601033960938,14490,4215,9.0,5500.0,5969.0,P,l4_diff02_delta04_l3eff015,0.1639933027171482,0.1387118547129272,0.1639933027171482,0.1387118547129272,0.0252814480042209,833,833,1.0,74970.0,75000.0,0.0015,SOFT|P,,,,,False,,,,,,,,False,0.45,0.00075,0.0,,False,3093762.0,0.0,0.06187524,35000000.0,3714.0,9423,False,monthly,0.0,,,,,,,,,,,,,,,,,,,,,,,,,,,,,,,,,,,,,,,,,,,,,,,,,,,,,,,
2025-02-18,SH,CZCE,CZCE.SH504C3480,C,2025-03-12,22,,0.0348896225820691,1153,318,3.5,3480.0,2952.0,C,higher_iv_pressure,0.3390596648033391,0.3852456181954505,0.3852456181954505,0.3390596648033391,0.0461859533921114,119,119,1.0,12495.0,12500.0,0.00025,CHEM|C,,,,,False,,,,,,,,False,,,,,False,539427.0,0.0,0.01078854,35000000.0,4533.0,7721,False,iv_extreme_overlay,,,,,,0.2759299751275644,0.7807692307692308,260.0,38.0,t4_p90_pullback_3d_lag1_ivpct_lt95_trend15,2025-02-18,0.2800854430145538,0.2860735125409807,0.3035851932348439,0.3407154515870845,0.803088803088803,0.8217054263565892,0.8521400778210116,0.91015625,,0.91015625,0.9,0.04,0.00025,,,iv_pullback_sidecar,iv_extreme_pullback,higher_iv_pressure,1.0,,,,,,,,,,,,,,,,,,,,,,,-0.0327868852459016,,,
2025-02-21,C,DCE,DCE.c2505-C-2460,C,2025-04-17,55,,0.0760336120832712,3994,217,4.0,2460.0,2279.0,C,l4_diff02_delta04_l3eff015,0.1337358075161146,0.1551899193844872,0.1551899193844872,0.1337358075161146,0.0214541118683726,1875,1875,1.0,75000.0,75000.0,0.0015,AGRI|C,,,,,False,,,,,,,,False,0.45,0.00075,0.0,,False,2651250.0,0.0,0.053025,35000000.0,1414.0,24752,False,monthly,0.0,,,,,,,,,,,,,,,,,,,,,,,,,,,,,,,,,,,,,,,,,,,,,,,,,,,,,,,
2025-02-25,AO,SHFE,SHFE.ao2504C3900,C,2025-03-25,28,,0.0258426968021667,2828,1199,2.5,3900.0,3338.0,C,l4_diff02_delta04_l3eff015,0.2739621079567504,0.2794554043329798,0.2794554043329798,0.2739621079567504,0.0054932963762293,1000,1000,1.0,50000.0,50000.0,0.001,OTHER|C,,,,,False,,,,,,,,False,0.45,0.00075,0.0,,False,3388000.0,0.0,0.06776,35000000.0,3388.0,10330,False,monthly,0.0,,,,,,,,,,,,,,,,,,,,,,,,,,,,,,,,,,,,,,,,,,,,,,,,,,,,,,,
2025-02-25,AU,SHFE,SHFE.au2504P632,P,2025-03-25,28,,-0.0784069568038168,3956,2745,1.24,632.0,678.04,P,l4_diff02_delta04_l3eff015,0.2329701549425369,0.1975519923312699,0.2329701549425369,0.1975519923312699,0.0354181626112669,40,40,1.0,49600.0,50000.0,0.001,METAL|P,,,,,False,,,,,,,,False,0.45,0.00075,0.0,,False,3468256.000000001,0.0,0.06936512,35000000.0,86706.40000000002,403,False,monthly,0.0,,,,,,,,,,,,,,,,,,,,,,,,,,,,,,,,,,,,,,,,,,,,,,,,,,,,,,,
2025-02-25,CU,SHFE,SHFE.cu2504C82000,C,2025-03-25,28,,0.0651255610826136,1844,2557,88.0,82000.0,77030.0,C,l4_diff02_delta04_l3eff015,0.145439089692095,0.166962861796089,0.166962861796089,0.145439089692095,0.0215237721039939,113,113,1.0,49720.0,50000.0,0.001,METAL|C,,,,,False,,,,,,,,False,0.45,0.00075,0.0,,False,2997890.0,0.0,0.0599578,35000000.0,26530.0,1319,False,monthly,0.0,,,,,,,,,,,,,,,,,,,,,,,,,,,,,,,,,,,,,,,,,,,,,,,,,,,,,,,
2025-02-25,NI,SHFE,SHFE.ni2504C150000,C,2025-03-25,28,,0.0102130589474045,1464,594,34.0,150000.0,123880.0,C,l4_diff02_delta04_l3eff015,,0.2928954373006552,0.2928954373006552,,,1470,1470,1.0,49980.0,50000.0,0.001,METAL|C,,,,,False,,,,,,,,False,0.45,0.00075,0.0,,False,9155160.0,0.0,0.1831032,35000000.0,6228.0,5619,False,monthly,0.0,,,,,,,,,,,,,,,,,,,,,,,,,,,,,,,,,,,,,,,,,,,,,,,,,,,,,,,
2025-03-05,B,DCE,DCE.b2504-C-3950,C,2025-03-18,13,,0.0225889210334959,1094,1685,1.5,3950.0,3563.0,C,risk_reversal_lag1_positive_sell_call_else_sell_put,,,,,,833,833,1.0,12495.0,12500.0,0.00025,OTHER|C,,,,,False,,,,,,,,False,,,,,False,1496484.5,0.0,0.02992969,35000000.0,1796.5,19482,False,iv_extreme_overlay,,,,,,,,,,t3_p95_rr_2d_repair_same_sign,,,,,,,,,,overlay2_risk_reversal_same_sign,0.9576837416481068,,,,,,risk_reversal_sidecar,risk_reversal_repair,risk_reversal_lag1_positive_sell_call_else_sell_put,2.0,C,0.0664566859561847,0.0702727182649407,0.0758202304683934,0.0664566859561847,0.0702727182649407,0.0758202304683934,0.2079882976349825,0.2744449835911673,0.1987502827406292,0.26902300100557,0.1707163386988719,0.2465365691672653,,,,,,,,,,,,,
2025-03-13,MA,CZCE,CZCE.MA505P2350,P,2025-04-11,29,,-0.0780461273086369,3643,2748,5.5,2350.0,2553.0,P,l4_diff02_delta04_l3eff015,0.250927752314859,0.2070480067927683,0.250927752314859,0.2070480067927683,0.0438797455220906,909,909,1.0,49995.0,50000.0,0.001,CHEM|P,,,,,False,,,,,,,,False,0.45,0.00075,0.0,,False,1448037.0,0.0,0.02896074,35000000.0,1593.0,21971,False,monthly,0.0,,,,,,,,,,,,,,,,,,,,,,,,,,,,,,,,,,,,,,,,,,,,,,,,,,,,,,,
2025-03-13,PF,CZCE,CZCE.PF505C7000,C,2025-04-11,29,,0.0754042343041191,2314,933,8.5,7000.0,6618.0,C,l4_diff02_delta04_l3eff015,,0.177232442416777,0.177232442416777,,,882,882,1.0,37485.0,37500.0,0.00075,CHEM|C,,,,,False,,,,,,,,False,0.45,0.00075,0.0,,False,2113713.0000000005,0.0,0.04227426,35000000.0,2396.5000000000005,14604,False,monthly,0.0,,,,,,,,,,,,,,,,,,,,,,,,,,,,,,,,,,,,,,,,,,,,,,,,,,,,,,,
2025-03-13,PK,CZCE,CZCE.PK505C8800,C,2025-04-11,29,,0.0556913814006574,1428,654,7.5,8800.0,8266.0,C,l4_diff02_delta04_l3eff015,0.1163060731896189,0.1571764877920793,0.1571764877920793,0.1163060731896189,0.0408704146024603,2000,2000,1.0,75000.0,75000.0,0.0015,AGRI|C,,,,,False,,,,,,,,False,0.45,0.00075,0.0,,False,5671000.0,0.0,0.11342,35000000.0,2835.5,12343,False,monthly,0.0,,,,,,,,,,,,,,,,,,,,,,,,,,,,,,,,,,,,,,,,,,,,,,,,,,,,,,,
2025-03-13,TA,CZCE,CZCE.TA505C5200,C,2025-04-11,29,,0.0699397295946565,18513,5096,8.0,5200.0,4786.0,C,l4_diff02_delta04_l3eff015,0.2095248778787082,0.2813869957377295,0.2813869957377295,0.2095248778787082,0.0718621178590213,1875,1875,1.0,75000.0,75000.0,0.0015,CHEM|C,,,,,False,,,,,,,,False,0.45,0.00075,0.0,,False,2621250.0,0.0,0.052425,35000000.0,1398.0,25035,False,monthly,0.0,,,,,,,,,,,,,,,,,,,,,,,,,,,,,,,,,,,,,,,,,,,,,,,,,,,,,,,
2025-03-17,AP,CZCE,CZCE.AP505C8500,C,2025-03-27,10,,0.0271530896422638,1819,1706,5.0,8500.0,7470.0,C,higher_iv_pressure,0.3509427987896476,0.469910681513135,0.469910681513135,0.3509427987896476,0.1189678827234873,250,250,1.0,12500.0,12500.0,0.00025,AGRI|C,,,,,False,,,,,,,,False,,,,,False,946250.0,0.0,0.018925,35000000.0,3785.0,9247,False,iv_extreme_overlay,,,,,,0.2636135141604806,0.8600682593856656,293.0,16.0,t4_p90_pullback_3d_lag1_ivpct_lt95_trend15,2025-03-17,0.2560770266132048,0.2606291648638574,0.2646595028838994,0.2805304053893347,0.815068493150685,0.8350515463917526,0.8655172413793103,0.916955017301038,,0.916955017301038,0.9,0.04,0.00025,,,iv_pullback_sidecar,iv_extreme_pullback,higher_iv_pressure,1.0,,,,,,,,,,,,,,,,,,,,,,,,,,
2025-03-17,M,DCE,DCE.m2505-C-3500,C,2025-04-17,31,,0.0289314537166112,173969,13661,3.0,3500.0,2906.0,C,risk_reversal_lag1_positive_sell_call_else_sell_put,,,,,,416,416,1.0,12480.0,12500.0,0.00025,AGRI|C,,,,,False,,,,,,,,False,,,,,False,616928.0,0.0,0.01233856,35000000.0,1483.0,23600,False,iv_extreme_overlay,,,,,,,,,,t3_p95_rr_2d_repair_same_sign,,,,,,,,,,overlay2_risk_reversal_same_sign,0.9551912568306012,,,,,,risk_reversal_sidecar,risk_reversal_repair,risk_reversal_lag1_positive_sell_call_else_sell_put,2.0,C,0.0612295880149624,0.0662445999914785,0.0865872229989656,0.0612295880149624,0.0662445999914785,0.0865872229989656,0.2165766243152325,0.277806212330195,0.2063641507193296,0.2726087507108082,0.1892635812137241,0.2758508042126897,,,,,,,,,,,,,
2025-03-20,A,DCE,DCE.a2505-C-4350,C,2025-04-17,28,,0.024076690670999,2871,478,2.0,4350.0,3871.0,C,risk_reversal_lag1_positive_sell_call_else_sell_put,,,,,,625,625,1.0,12500.0,12500.0,0.00025,AGRI|C,,,,,False,,,,,,,,False,,,,,False,1222187.5,0.0,0.02444375,35000000.0,1955.5,17898,False,iv_extreme_overlay,,,,,,,,,,t3_p95_rr_2d_repair_same_sign,,,,,,,,,,overlay2_risk_reversal_same_sign,0.9723247232472324,,,,,,risk_reversal_sidecar,risk_reversal_repair,risk_reversal_lag1_positive_sell_call_else_sell_put,2.0,C,0.0632733095683868,0.065637894302228,0.1029877463763473,0.0632733095683868,0.065637894302228,0.1029877463763473,0.1334637449255967,0.1967370544939836,0.1314699202070974,0.1971078145093254,0.128900654062589,0.2318884004389363,,,,,,,,,,,,,
2025-03-25,EG,DCE,DCE.eg2505-C-4850,C,2025-04-17,23,,0.0276608426536836,2979,546,2.0,4850.0,4463.0,C,higher_iv_pressure,0.1611781982894174,0.2052798594059143,0.2052798594059143,0.1611781982894174,0.0441016611164969,625,625,1.0,12500.0,12500.0,0.00025,CHEM|C,,,,,False,,,,,,,,False,,,,,False,4381875.0,0.0,0.0876375,35000000.0,7011.0,4992,False,iv_extreme_overlay,,,,,,0.1186628662775911,0.04,450.0,54.0,t4_p90_pullback_3d_lag1_ivpct_lt95_trend15,2025-03-25,0.1186191864580591,0.1235454666678236,0.1290585153074442,0.2443492538373652,0.0378619153674833,0.0602678571428571,0.0961968680089485,0.9551569506726456,,0.9551569506726456,0.9,0.04,0.00025,,,iv_pullback_sidecar,iv_extreme_pullback,higher_iv_pressure,1.0,,,,,,,,,,,,,,,,,,,,,,,-0.04293688278231,,,
2025-03-26,AL,SHFE,SHFE.al2505C22000,C,2025-04-24,29,,0.0700347298056872,1309,683,26.0,22000.0,20685.0,C,l4_diff02_delta04_l3eff015,,0.1462289389169154,0.1462289389169154,,,384,384,1.0,49920.0,50000.0,0.001,METAL|C,,,,,False,,,,,,,,False,0.45,0.00075,0.0,,False,2759040.0,0.0,0.0551808,35000000.0,7185.0,4871,False,monthly,0.0,,,,,,,,,,,,,,,,,,,,,,,,,,,,,,,,,,,,,,,,,,,,,,,,,,,,,,,
2025-03-26,AO,SHFE,SHFE.ao2505C3450,C,2025-04-24,29,,0.0764684037484896,1980,996,8.0,3450.0,3077.0,C,l4_diff02_delta04_l3eff015,0.2571903798665809,0.3025704500521428,0.3025704500521428,0.2571903798665809,0.0453800701855618,468,468,1.0,74880.0,75000.0,0.0015,OTHER|C,,,,,False,,,,,,,,False,0.45,0.00075,0.0,,False,1514916.0000000002,0.0,0.03029832,35000000.0,3237.0000000000005,10812,False,monthly,0.0,,,,,,,,,,,,,,,,,,,,,,,,,,,,,,,,,,,,,,,,,,,,,,,,,,,,,,,
2025-03-26,CU,SHFE,SHFE.cu2505C90000,C,2025-04-24,29,,0.073528785338035,5559,17021,174.0,90000.0,81520.0,C,l4_diff02_delta04_l3eff015,0.1809554347035604,0.2449404343417251,0.2449404343417251,0.1809554347035604,0.0639849996381647,57,57,1.0,49590.0,50000.0,0.001,METAL|C,,,,,False,,,,,,,,False,0.45,0.00075,0.0,,False,1211250.0,0.0,0.024225,35000000.0,21250.0,1647,False,monthly,0.0,,,,,,,,,,,,,,,,,,,,,,,,,,,,,,,,,,,,,,,,,,,,,,,,,,,,,,,
2025-03-26,RB,SHFE,SHFE.rb2505C3500,C,2025-04-24,29,,0.0659470614068026,37589,4035,5.0,3500.0,3217.0,C,l4_diff02_delta04_l3eff015,0.1964674480398145,0.2742823622496005,0.2742823622496005,0.1964674480398145,0.077814914209786,1500,1500,1.0,75000.0,75000.0,0.0015,FERROUS|C,,,,,False,,,,,,,,False,0.45,0.00075,0.0,,False,2778000.0000000005,0.0,0.05556,35000000.0,1852.0000000000005,18898,False,monthly,0.0,,,,,,,,,,,,,,,,,,,,,,,,,,,,,,,,,,,,,,,,,,,,,,,,,,,,,,,
2025-03-26,ZN,SHFE,SHFE.zn2505C26000,C,2025-04-24,29,,0.0631131904593027,2530,1951,31.0,26000.0,24145.0,C,l4_diff02_delta04_l3eff015,0.1618008836971829,0.2066952702449456,0.2066952702449456,0.1618008836971829,0.0448943865477627,483,483,1.0,74865.0,75000.0,0.0015,METAL|C,,,,,False,,,,,,,,False,0.45,0.00075,0.0,,False,3665970.0,0.0,0.0733194,35000000.0,7590.0,4611,False,monthly,0.0,,,,,,,,,,,,,,,,,,,,,,,,,,,,,,,,,,,,,,,,,,,,,,,,,,,,,,,
2025-03-27,SI,GFEX,GFEX.si2505-C-11000,C,2025-04-08,12,,0.0258075926784262,19038,3271,5.0,11000.0,9920.0,C,risk_reversal_lag1_positive_sell_call_else_sell_put,,,,,,500,500,1.0,12500.0,12500.0,0.00025,METAL|C,,,,,False,,,,,,,,False,,,,,False,1252500.0,0.0,0.02505,35000000.0,2505.0,13972,False,iv_extreme_overlay,,,,,,,,,,t3_p95_rr_2d_repair_same_sign,,,,,,,,,,overlay2_risk_reversal_same_sign,0.976878612716763,,,,,,risk_reversal_sidecar,risk_reversal_repair,risk_reversal_lag1_positive_sell_call_else_sell_put,2.0,C,0.0746897495368802,0.1485199463165932,0.1642507080086136,0.0746897495368802,0.1485199463165932,0.1642507080086136,0.1716549291132182,0.2463446786500985,0.1748090418348539,0.3233289881514471,0.1619007204124939,0.3261514284211076,,,,,,,,,,,,,
2025-03-27,PF,CZCE,CZCE.PF505C7200,C,2025-04-11,15,,0.0220245283986765,1406,691,2.0,7200.0,6678.0,C,term_structure_t1_high_iv_pressure,,,,,,1250,1250,1.0,12500.0,12500.0,0.00025,CHEM|C,,,,,False,,,,,,,,False,,,,,False,2555000.0000000005,0.0,0.0511,35000000.0,2044.0000000000005,17123,False,iv_extreme_overlay,,,,,,,,,,t3_p95_term_2d_repair_t1_no_trend_conflict_cluster_cap2,,,,,,,,,,overlay3_term_structure_cluster_cap2,0.9574468085106383,,,,,,term_structure_sidecar,term_structure_repair,term_structure_t1_high_iv_pressure,3.0,C,,,,,,,,,,,,,0.0087612848336827,0.0187805280263453,0.0267822074981529,0.1282035119910126,0.1194422271573298,0.1362263756473146,0.1174458476209693,0.1397964869626279,0.1130142794644749,-0.03125,C,False,
2025-04-10,RB,SHFE,SHFE.rb2505C3450,C,2025-04-24,14,,0.0277933697040319,11760,479,2.0,3450.0,3053.0,C,risk_reversal_lag1_positive_sell_call_else_sell_put,,,,,,625,625,1.0,12500.0,12500.0,0.00025,FERROUS|C,,,,,False,,,,,,,,False,,,,,False,966562.5,0.0,0.01933125,35000000.0,1546.5,22631,False,iv_extreme_overlay,,,,,,,,,,t3_p95_rr_2d_repair_same_sign,,,,,,,,,,overlay2_risk_reversal_same_sign,0.9899497487437184,,,,,,risk_reversal_sidecar,risk_reversal_repair,risk_reversal_lag1_positive_sell_call_else_sell_put,2.0,C,0.0520458728739435,0.071935714518725,0.0975032841495703,0.0520458728739435,0.071935714518725,0.0975032841495703,0.2950875610369254,0.3471334339108689,0.2569776601744529,0.3289133746931779,0.225079017104416,0.3225823012539863,,,,,,,,,,,,,
2025-04-10,AL,SHFE,SHFE.al2505C21200,C,2025-04-24,14,,0.0198500676223932,2109,701,5.0,21200.0,19705.0,C,term_structure_t1_high_iv_pressure,,,,,,500,500,1.0,12500.0,12500.0,0.00025,METAL|C,,,,,False,,,,,,,,False,,,,,False,3070000.0,0.0,0.0614,35000000.0,6140.0,5700,False,iv_extreme_overlay,,,,,,,,,,t3_p95_term_2d_repair_t1_no_trend_conflict_cluster_cap2,,,,,,,,,,overlay3_term_structure_cluster_cap2,0.9865168539325844,,,,,,term_structure_sidecar,term_structure_repair,term_structure_t1_high_iv_pressure,3.0,C,,,,,,,,,,,,,0.0266040732237331,0.0281203697037647,0.0344649502177038,0.1879993162651918,0.1613952430414587,0.1804480090524417,0.152327639348677,0.1866348476791554,0.1521698974614516,-0.0706248503710796,C,False,
2025-04-12,CU,SHFE,SHFE.cu2505C88000,C,2025-04-24,12,,0.0233701288312236,2084,309,48.0,88000.0,75710.0,C,term_structure_t1_high_iv_pressure,,,,,,52,52,1.0,12480.0,12500.0,0.00025,METAL|C,,,,,False,,,,,,,,False,,,,,False,996710.0,0.0,0.0199342,35000000.0,19167.5,1826,False,iv_extreme_overlay,,,,,,,,,,t3_p95_term_2d_repair_t1_no_trend_conflict_cluster_cap2,,,,,,,,,,overlay3_term_structure_cluster_cap2,1.0,,,,,,term_structure_sidecar,term_structure_repair,term_structure_t1_high_iv_pressure,3.0,C,,,,,,,,,,,,,0.0349170213300912,0.0376967873631228,0.0737933884356222,0.2364811222454363,0.2015641009153451,0.238340009803562,0.2006432224404392,0.3144909289618417,0.2406975405262194,-0.0546066575239995,C,False,
2025-04-14,BR,SHFE,SHFE.br2505C13800,C,2025-04-24,10,,0.0154529279689059,1264,762,5.0,13800.0,11555.0,C,term_structure_t1_high_iv_pressure,,,,,,500,500,1.0,12500.0,12500.0,0.00025,CHEM|C,,,,,False,,,,,,,,False,,,,,False,2034625.0,0.0,0.0406925,35000000.0,4069.25,8601,False,iv_extreme_overlay,,,,,,,,,,t3_p95_term_2d_repair_t1_no_trend_conflict_cluster_cap2,,,,,,,,,,overlay3_term_structure_cluster_cap2,1.0,,,,,,term_structure_sidecar,term_structure_repair,term_structure_t1_high_iv_pressure,3.0,C,,,,,,,,,,,,,0.0835042755595092,0.0841868358451975,0.1196606740400609,0.3650284361254556,0.2815241605659463,0.3964269155833886,0.3122400797381911,0.4612764764513335,0.3416158024112725,-0.1409074142382884,C,False,
2025-04-14,RU,SHFE,SHFE.ru2505C17000,C,2025-04-24,10,,0.0223981018483816,1968,1233,8.0,17000.0,14860.0,C,term_structure_t1_high_iv_pressure,,,,,,156,156,1.0,12480.0,12500.0,0.00025,CHEM|C,,,,,False,,,,,,,,False,,,,,False,1171560.0,0.0,0.0234312,35000000.0,7510.0,4660,False,iv_extreme_overlay,,,,,,,,,,t3_p95_term_2d_repair_t1_no_trend_conflict_cluster_cap2,,,,,,,,,,overlay3_term_structure_cluster_cap2,0.9699570815450644,,,,,,term_structure_sidecar,term_structure_repair,term_structure_t1_high_iv_pressure,3.0,C,,,,,,,,,,,,,0.0638712213122117,0.0695679452123556,0.0778515128157926,0.3176014976221864,0.2537302763099746,0.308645191562081,0.2390772463497253,0.3603042537308846,0.282452740915092,-0.1337023011942907,C,False,
2025-04-14,MA,CZCE,CZCE.MA506P2075,P,2025-05-13,29,,-0.0689689418760999,4372,5997,5.5,2075.0,2315.0,P,l4_diff02_delta04_l3eff015,0.2823814086853586,0.2413929649747327,0.2823814086853586,0.2413929649747327,0.0409884437106259,909,909,1.0,49995.0,50000.0,0.001,CHEM|P,,,,,False,,,,,,,,False,0.45,0.00075,0.0,,False,1102162.5,0.0,0.02204325,35000000.0,1212.5,28865,False,monthly,0.0,,,,,,,,,,,,,,,,,,,,,,,,,,,,,,,,,,,,,,,,,,,,,,,,,,,,,,,
2025-04-15,PF,CZCE,CZCE.PF506C7000,C,2025-05-13,28,,0.0161264025124745,1193,934,2.5,7000.0,5950.0,C,higher_iv_pressure,,0.3061043174945023,0.3061043174945023,,,1000,1000,1.0,12500.0,12500.0,0.00025,CHEM|C,,,,,False,,,,,,,,False,,,,,False,1500000.0,0.0,0.03,35000000.0,1500.0,23333,False,iv_extreme_overlay,,,,,,0.1826568565910039,0.9329608938547486,358.0,23.0,t4_p90_pullback_3d_lag1_ivpct_lt95_trend15,2025-04-15,0.1940126545114485,0.2232079864324146,0.2240184402115888,0.248069458199224,0.9439775910364144,0.9887640449438202,0.991549295774648,1.0,,1.0,0.9,0.04,0.00025,,,iv_pullback_sidecar,iv_extreme_pullback,higher_iv_pressure,1.0,,,,,,,,,,,,,,,,,,,,,,,-0.092414208308248,,,
2025-04-18,C,DCE,DCE.c2507-C-2600,C,2025-06-18,61,,0.0327994450358738,5449,678,2.0,2600.0,2281.0,C,l4_diff02_delta04_l3eff015,0.1301125138526002,0.1479542677002833,0.1479542677002833,0.1301125138526002,0.0178417538476831,2500,2500,1.0,50000.0,50000.0,0.001,AGRI|C,,,,,False,,,,,,,,False,0.45,0.00075,0.0,,False,2901250.0,0.0,0.058025,35000000.0,1160.5,30159,False,monthly,0.0,,,,,,,,,,,,,,,,,,,,,,,,,,,,,,,,,,,,,,,,,,,,,,,,,,,,,,,
2025-04-18,CS,DCE,DCE.cs2507-C-2850,C,2025-06-18,61,,0.0774144111246868,1673,427,5.0,2850.0,2629.0,C,l4_diff02_delta04_l3eff015,,0.142071243558872,0.142071243558872,,,1500,1500,1.0,75000.0,75000.0,0.0015,AGRI|C,,,,,False,,,,,,,,False,0.45,0.00075,0.0,,False,2361000.0000000005,0.0,0.04722,35000000.0,1574.0000000000005,22236,False,monthly,0.0,,,,,,,,,,,,,,,,,,,,,,,,,,,,,,,,,,,,,,,,,,,,,,,,,,,,,,,
2025-04-25,SA,CZCE,CZCE.SA506C1600,C,2025-05-13,18,,0.0236492780293699,5241,3437,1.0,1600.0,1343.0,C,risk_reversal_lag1_positive_sell_call_else_sell_put,,,,,,625,625,1.0,12500.0,12500.0,0.00025,CHEM|C,,,,,False,,,,,,,,False,,,,,False,851875.0,0.0,0.0170375,35000000.0,1363.0,25678,False,iv_extreme_overlay,,,,,,,,,,t3_p95_rr_2d_repair_same_sign,,,,,,,,,,overlay2_risk_reversal_same_sign,0.972972972972973,,,,,,risk_reversal_sidecar,risk_reversal_repair,risk_reversal_lag1_positive_sell_call_else_sell_put,2.0,C,0.0710173289970187,0.0855863354085426,0.1197322862697299,0.0710173289970187,0.0855863354085426,0.1197322862697299,0.2933711612844208,0.3643884902814395,0.2890673804695448,0.3746537158780874,0.2656782069006456,0.3854104931703755,,,,,,,,,,,,,
2025-04-25,AL,SHFE,SHFE.al2506P18500,P,2025-05-26,31,,-0.0769817820629553,1423,376,38.0,18500.0,19945.0,P,l4_diff02_delta04_l3eff015,0.1925380197231795,,0.1925380197231795,,,263,263,1.0,49970.0,50000.0,0.001,METAL|P,,,,,False,,,,,,,,False,0.45,0.00075,0.0,,False,1722650.0,0.0,0.034453,35000000.0,6550.0,5343,False,monthly,0.0,,,,,,,,,,,,,,,,,,,,,,,,,,,,,,,,,,,,,,,,,,,,,,,,,,,,,,,
2025-04-25,AO,SHFE,SHFE.ao2506C3200,C,2025-05-26,31,,0.0757881965682569,2499,989,8.0,3200.0,2817.0,C,l4_diff02_delta04_l3eff015,0.2964453754384016,0.3288846477517608,0.3288846477517608,0.2964453754384016,0.0324392723133591,312,312,1.0,49920.0,50000.0,0.001,OTHER|C,,,,,False,,,,,,,,False,0.45,0.00075,0.0,,False,928824.0,0.0,0.01857648,35000000.0,2977.0,11756,False,monthly,0.0,,,,,,,,,,,,,,,,,,,,,,,,,,,,,,,,,,,,,,,,,,,,,,,,,,,,,,,
2025-04-25,ZN,SHFE,SHFE.zn2506P19800,P,2025-05-26,31,,-0.0420967244064774,1846,720,31.0,19800.0,22580.0,P,l4_diff02_delta04_l3eff015,0.2672124435232245,,0.2672124435232245,,,322,322,1.0,49910.0,50000.0,0.001,METAL|P,,,,,False,,,,,,,,False,0.45,0.00075,0.0,,False,1867600.0,0.0,0.037352,35000000.0,5800.0,6034,False,monthly,0.0,,,,,,,,,,,,,,,,,,,,,,,,,,,,,,,,,,,,,,,,,,,,,,,,,,,,,,,
2025-04-28,B,DCE,DCE.b2506-C-3900,C,2025-05-21,23,,0.0371836983297108,2111,797,3.5,3900.0,3431.0,C,higher_iv_pressure,0.2301820600843799,0.2805988400536111,0.2805988400536111,0.2301820600843799,0.0504167799692311,357,357,1.0,12495.0,12500.0,0.00025,OTHER|C,,,,,False,,,,,,,,False,,,,,False,624928.5,0.0,0.01249857,35000000.0,1750.5,19994,False,iv_extreme_overlay,,,,,,0.174574767486222,0.2267884322678843,657.0,42.0,t4_p90_pullback_3d_lag1_ivpct_lt95_trend15,2025-04-28,0.1528402804582115,0.1561866210728845,0.1683506238690721,0.3715224083504883,0.0335365853658536,0.0458015267175572,0.1330275229357798,1.0,,1.0,0.9,0.04,0.00025,,,iv_pullback_sidecar,iv_extreme_pullback,higher_iv_pressure,1.0,,,,,,,,,,,,,,,,,,,,,,,-0.0083501295709761,,,
2025-05-07,I,DCE,DCE.i2506-P-650,P,2025-05-21,14,,-0.027848028292868,23246,6635,0.6,650.0,746.0,P,risk_reversal_lag1_positive_sell_call_else_sell_put,,,,,,208,208,1.0,12480.0,12500.0,0.00025,FERROUS|P,,,,,False,,,,,,,,False,,,,,False,865904.0,0.0,0.01731808,35000000.0,4163.0,8407,False,iv_extreme_overlay,,,,,,,,,,t3_p95_rr_2d_repair_same_sign,,,,,,,,,,overlay2_risk_reversal_same_sign,0.9750593824228028,,,,,,risk_reversal_sidecar,risk_reversal_repair,risk_reversal_lag1_positive_sell_call_else_sell_put,2.0,P,-0.0939792348651329,-0.1245708555596864,-0.1592716096460504,0.0939792348651329,0.1245708555596864,0.1592716096460504,0.3379468932416695,0.2439676583765365,0.4138516313427136,0.2892807757830272,0.4039662268498819,0.2446946172038315,,,,,,,,,,,,,
2025-05-09,BR,SHFE,SHFE.br2506C13000,C,2025-05-26,17,,0.0370433050272328,3331,4548,13.0,13000.0,11220.0,C,higher_iv_pressure,,0.3736690975108598,0.3736690975108598,,,192,192,1.0,12480.0,12500.0,0.00025,CHEM|C,,,,,False,,,,,,,,False,,,,,False,766464.0000000001,0.0,0.01532928,35000000.0,3992.000000000001,8767,False,iv_extreme_overlay,,,,,,0.2678831758787748,0.8415584415584415,385.0,20.0,t4_p90_pullback_3d_lag1_ivpct_lt95_trend15,2025-05-09,0.2591661927373274,0.2655789866617997,0.2835905930033269,0.3212684155425859,0.8046875,0.8302872062663186,0.9136125654450262,0.963254593175853,,0.963254593175853,0.9,0.04,0.00025,,,iv_pullback_sidecar,iv_extreme_pullback,higher_iv_pressure,1.0,,,,,,,,,,,,,,,,,,,,,,,-0.0729335494327391,,,
2025-05-10,CU,SHFE,SHFE.cu2506P68000,P,2025-05-26,16,,-0.0211905391511127,1005,78,42.0,68000.0,77780.0,P,risk_reversal_lag1_positive_sell_call_else_sell_put,,,,,,59,59,1.0,12390.0,12500.0,0.00025,METAL|P,,,,,False,,,,,,,,False,,,,,False,1159645.0,0.0,0.0231929,35000000.0,19655.0,1780,False,iv_extreme_overlay,,,,,,,,,,t3_p95_rr_2d_repair_same_sign,,,,,,,,,,overlay2_risk_reversal_same_sign,0.9766022380467956,,,,,,risk_reversal_sidecar,risk_reversal_repair,risk_reversal_lag1_positive_sell_call_else_sell_put,2.0,P,-0.0802928083182286,-0.084887282827469,-0.1174310820279013,0.0802928083182286,0.084887282827469,0.1174310820279013,0.2786409633114953,0.1983481549932667,0.2968699587577783,0.2119826759303092,0.3090162850868073,0.1915852030589059,,,,,,,,,,,,,
2025-05-14,SR,CZCE,CZCE.SR507C6400,C,2025-06-11,28,,0.0332792280357677,3658,2011,3.0,6400.0,5953.0,C,l4_diff02_delta04_l3eff015,0.1556641500900507,0.1606131711817892,0.1606131711817892,0.1556641500900507,0.0049490210917385,1250,1250,1.0,37500.0,37500.0,0.00075,SOFT|C,,,,,False,,,,,,,,False,0.45,0.00075,0.0,,False,4685000.000000001,0.0,0.0937,35000000.0,3748.000000000001,9338,False,monthly,0.0,,,,,,,,,,,,,,,,,,,,,,,,,,,,,,,,,,,,,,,,,,,,,,,,,,,,,,,
2025-05-14,TA,CZCE,CZCE.TA507P4450,P,2025-06-11,28,,-0.0645793510807858,1414,3177,11.0,4450.0,4980.0,P,l4_diff02_delta04_l3eff015,0.2991101505223823,,0.2991101505223823,,,909,909,1.0,49995.0,50000.0,0.001,CHEM|P,,,,,False,,,,,,,,False,0.45,0.00075,0.0,,False,1181700.0,0.0,0.023634,35000000.0,1300.0,26923,False,monthly,0.0,,,,,,,,,,,,,,,,,,,,,,,,,,,,,,,,,,,,,,,,,,,,,,,,,,,,,,,
2025-05-15,AU,SHFE,SHFE.au2506C832,C,2025-05-26,11,,0.0339482110874339,2618,1459,0.54,832.0,751.76,C,higher_iv_pressure,0.3837187869412559,0.4005103855696382,0.4005103855696382,0.3837187869412559,0.0167915986283823,23,23,1.0,12420.000000000002,12500.0,0.00025,METAL|C,,,,,False,,,,,,,,False,,,,,False,1856136.8,0.0,0.037122736,35000000.0,80701.6,433,False,iv_extreme_overlay,,,,,,0.2283841645970691,0.960028551034975,1401.0,54.0,t4_p90_pullback_3d_lag1_ivpct_lt95_trend15,2025-05-15,0.2106456026494938,0.2276013488720558,0.231166097482411,0.251447081840232,0.9271428571428572,0.9592566118656184,0.9642346208869814,0.9856836077308518,,0.9856836077308518,0.9,0.04,0.00025,,,iv_pullback_sidecar,iv_extreme_pullback,higher_iv_pressure,1.0,,,,,,,,,,,,,,,,,,,,,,,0.0018242300676039,,,
2025-05-20,PF,CZCE,CZCE.PF507P5500,P,2025-06-11,22,,-0.013753580098628,1249,166,2.5,5500.0,6506.0,P,higher_iv_pressure,0.3160316921787732,0.2411142064170146,0.3160316921787732,0.2411142064170146,0.0749174857617586,1000,1000,1.0,12500.0,12500.0,0.00025,CHEM|P,,,,,False,,,,,,,,False,,,,,False,1639000.0,0.0,0.03278,35000000.0,1639.0,21354,False,iv_extreme_overlay,,,,,,0.1738427519465278,0.8710526315789474,380.0,37.0,t4_p90_pullback_3d_lag1_ivpct_lt95_trend15,2025-05-20,0.1744185518551739,0.1843582926628493,0.1868835744296103,0.1957068289134512,0.8733509234828496,0.8915343915343915,0.9045092838196288,0.9308510638297872,,0.9308510638297872,0.9,0.04,0.00025,,,iv_pullback_sidecar,iv_extreme_pullback,higher_iv_pressure,1.0,,,,,,,,,,,,,,,,,,,,,,,0.0673642903858731,,,
2025-05-22,SI,GFEX,GFEX.si2507-C-9300,C,2025-06-09,18,,0.0250203420665196,3936,950,6.0,9300.0,7880.0,C,term_structure_t1_high_iv_pressure,,,,,,416,416,1.0,12480.0,12500.0,0.00025,METAL|C,,,,,False,,,,,,,,False,,,,,False,832000.0,0.0,0.01664,35000000.0,2000.0,17500,False,iv_extreme_overlay,,,,,,,,,,t3_p95_term_2d_repair_t1_no_trend_conflict_cluster_cap2,,,,,,,,,,overlay3_term_structure_cluster_cap2,0.9693251533742332,,,,,,term_structure_sidecar,term_structure_repair,term_structure_t1_high_iv_pressure,3.0,C,,,,,,,,,,,,,0.0249409011333952,0.0252201300185474,0.0317330675625582,0.2566798659896512,0.231738964856256,0.2626973925403887,0.2374772625218413,0.2601467857467221,0.2284137181841639,-0.101142857142857,C,False,
2025-05-27,CU,SHFE,SHFE.cu2507P71000,P,2025-06-24,28,,-0.0527492496049335,1304,908,106.0,71000.0,78060.0,P,l4_diff02_delta04_l3eff015,0.2443808034077562,0.1876593386007082,0.2443808034077562,0.1876593386007082,0.056721464807048,141,141,1.0,74730.0,75000.0,0.0015,METAL|P,,,,,False,,,,,,,,False,0.45,0.00075,0.0,,False,3089310.0,0.0,0.0617862,35000000.0,21910.0,1597,False,monthly,0.0,,,,,,,,,,,,,,,,,,,,,,,,,,,,,,,,,,,,,,,,,,,,,,,,,,,,,,,
2025-05-28,NI,SHFE,SHFE.ni2507P100000,P,2025-06-24,27,,-0.0266970380373723,1767,5216,118.0,100000.0,119370.0,P,l4_diff02_delta04_l3eff015,0.3455231598074389,,0.3455231598074389,,,635,635,1.0,74930.0,75000.0,0.0015,METAL|P,,,,,False,,,,,,,,False,0.45,0.00075,0.0,,False,3864927.5,0.0,0.07729855,35000000.0,6086.5,5750,False,monthly,0.0,,,,,,,,,,,,,,,,,,,,,,,,,,,,,,,,,,,,,,,,,,,,,,,,,,,,,,,
2025-05-29,AU,SHFE,SHFE.au2507C960,C,2025-06-24,26,,0.0140934246477556,1535,997,0.36,960.0,772.6,C,higher_iv_pressure,,0.3628470032303462,0.3628470032303462,,,34,34,1.0,12240.0,12500.0,0.00025,METAL|C,,,,,False,,,,,,,,False,,,,,False,2113712.0,0.0,0.04227424,35000000.0,62168.0,562,False,iv_extreme_overlay,,,,,,0.1923639686834341,0.8358103326256192,1413.0,40.0,t4_p90_pullback_3d_lag1_ivpct_lt95_trend15,2025-05-29,0.1948974702655683,0.2015297399559983,0.2097538348914838,0.2321945770471886,0.8548158640226629,0.8830616583982991,0.9184397163120568,0.9659332860184529,,0.9659332860184529,0.9,0.04,0.00025,,,iv_pullback_sidecar,iv_extreme_pullback,higher_iv_pressure,1.0,,,,,,,,,,,,,,,,,,,,,,,-0.0148404459823143,,,
2025-06-03,MO,CFFEX,CFFEX.MO2506-P-5300,P,2025-06-20,17,,-0.0262236531682318,3901,1248,4.0,5300.0,5998.0,P,risk_reversal_lag1_positive_sell_call_else_sell_put,,,,,,31,31,1.0,12400.0,12500.0,0.00025,CFFEX_INDEX|P,,,,,False,,,,,,,,False,,,,,False,998200.0,0.0,0.019964,35000000.0,32200.0,1086,False,iv_extreme_overlay,,,,,,,,,,t3_p95_rr_2d_repair_same_sign,,,,,,,,,,overlay2_risk_reversal_same_sign,0.9801324503311258,,,,,,risk_reversal_sidecar,risk_reversal_repair,risk_reversal_lag1_positive_sell_call_else_sell_put,2.0,P,-0.0561982991571052,-0.0562091481438447,-0.0952301952136218,0.0561982991571052,0.0562091481438447,0.0952301952136218,0.3020046939868137,0.2458063948297085,0.2850402902163901,0.2288311420725453,0.3322025145677283,0.2369723193541064,,,,,,,,,,,,,
2025-06-11,SI,GFEX,GFEX.si2508-P-6400,P,2025-07-07,26,,-0.0321791444243302,4532,3156,9.0,6400.0,7550.0,P,higher_iv_pressure,0.3433587708549525,0.315336805709915,0.3433587708549525,0.315336805709915,0.0280219651450374,277,277,1.0,12465.0,12500.0,0.00025,METAL|P,,,,,False,,,,,,,,False,,,,,False,535302.5,0.0,0.01070605,35000000.0,1932.5,18111,False,iv_extreme_overlay,,,,,,0.2453771603333427,0.7495219885277247,523.0,44.0,t4_p90_pullback_3d_lag1_ivpct_lt95_trend15,2025-06-11,0.2553079771527251,0.2579724808666662,0.265989409561663,0.2679142687305311,0.8026819923371648,0.8138195777351248,0.8903846153846153,0.9017341040462428,,0.9017341040462428,0.9,0.04,0.00025,,,iv_pullback_sidecar,iv_extreme_pullback,higher_iv_pressure,1.0,,,,,,,,,,,,,,,,,,,,,,,-0.1125074805505684,,,
2025-06-12,MA,CZCE,CZCE.MA508C2500,C,2025-07-11,29,,0.0709282285340711,1780,4970,4.0,2500.0,2297.0,C,l4_diff02_delta04_l3eff015,,0.2223827810848042,0.2223827810848042,,,1250,1250,1.0,50000.0,50000.0,0.001,CHEM|C,,,,,False,,,,,,,,False,0.45,0.00075,0.0,,False,1652500.0000000002,0.0,0.03305,35000000.0,1322.0000000000002,26475,False,monthly,0.0,,,,,,,,,,,,,,,,,,,,,,,,,,,,,,,,,,,,,,,,,,,,,,,,,,,,,,,
2025-06-21,SC,INE,INE.SC2508P440,P,2025-07-15,24,,-0.0270424646255568,2080,39,0.85,440.0,568.4,P,term_structure_t1_high_iv_pressure,,,,,,14,14,1.0,11900.0,12500.0,0.00025,CHEM|P,,,,,False,,,,,,,,False,,,,,False,887236.0,0.0,0.01774472,35000000.0,63374.0,552,False,iv_extreme_overlay,,,,,,,,,,t3_p95_term_2d_repair_t1_no_trend_conflict_cluster_cap2,,,,,,,,,,overlay3_term_structure_cluster_cap2,0.986,,,,,,term_structure_sidecar,term_structure_repair,term_structure_t1_high_iv_pressure,3.0,P,,,,,,,,,,,,,0.0575455286354998,0.0622269607460896,0.0894168947362954,0.5193769550058558,0.4618314263703559,0.571809326822595,0.5095823660765053,0.5430112455211769,0.4535943507848814,0.2191751241632475,P,False,
2025-06-23,EB,DCE,DCE.eb2508-C-9000,C,2025-07-16,23,,0.0256029015194524,6339,17056,6.5,9000.0,7486.0,C,risk_reversal_lag1_positive_sell_call_else_sell_put,,,,,,384,384,1.0,12480.0,12500.0,0.00025,CHEM|C,,,,,False,,,,,,,,False,,,,,False,1449792.0,0.0,0.02899584,35000000.0,3775.5,9270,False,iv_extreme_overlay,,,,,,,,,,t3_p95_rr_2d_repair_same_sign,,,,,,,,,,overlay2_risk_reversal_same_sign,0.9743589743589745,,,,,,risk_reversal_sidecar,risk_reversal_repair,risk_reversal_lag1_positive_sell_call_else_sell_put,2.0,C,0.0576898143230452,0.0905931375566622,0.0986336198260664,0.0576898143230452,0.0905931375566622,0.0986336198260664,0.2826325517328116,0.3403223660558568,0.2777370138683312,0.3683301514249934,0.2783397172743218,0.3769733371003883,,,,,,,,,,,,,
2025-06-23,MA,CZCE,CZCE.MA508P2200,P,2025-07-11,18,,-0.0297419697819044,4230,2605,2.0,2200.0,2495.0,P,term_structure_t1_high_iv_pressure,,,,,,625,625,1.0,12500.0,12500.0,0.00025,CHEM|P,,,,,False,,,,,,,,False,,,,,False,792187.5,0.0,0.01584375,35000000.0,1267.5,27613,False,iv_extreme_overlay,,,,,,,,,,t3_p95_term_2d_repair_t1_no_trend_conflict_cluster_cap2,,,,,,,,,,overlay3_term_structure_cluster_cap2,0.9829596412556054,,,,,,term_structure_sidecar,term_structure_repair,term_structure_t1_high_iv_pressure,3.0,P,,,,,,,,,,,,,0.0561436040538534,0.0659448193646882,0.0697222510684918,0.3323925943430269,0.2762489902891735,0.3576023292633139,0.2916575098986257,0.3644436646851292,0.2947214136166373,0.1322423706324635,P,False,
2025-06-24,TA,CZCE,CZCE.TA508P4350,P,2025-07-11,17,,-0.0247158903848282,1951,1699,3.0,4350.0,4922.0,P,term_structure_t1_high_iv_pressure,,,,,,833,833,1.0,12495.0,12500.0,0.00025,CHEM|P,,,,,False,,,,,,,,False,,,,,False,1037501.5,0.0,0.02075003,35000000.0,1245.5,28101,False,iv_extreme_overlay,,,,,,,,,,t3_p95_term_2d_repair_t1_no_trend_conflict_cluster_cap2,,,,,,,,,,overlay3_term_structure_cluster_cap2,0.982174688057041,,,,,,term_structure_sidecar,term_structure_repair,term_structure_t1_high_iv_pressure,3.0,P,,,,,,,,,,,,,0.04114750137929,0.0489814095560302,0.0567303393062939,0.2788059987709233,0.2376584973916333,0.2952474288770994,0.2462660193210691,0.324825159493018,0.2680948201867241,0.042483660130719,P,False,
2025-06-25,PF,CZCE,CZCE.PF508P6100,P,2025-07-11,16,,-0.0310256690771483,1038,346,3.5,6100.0,6606.0,P,higher_iv_pressure,0.2288054366830997,0.187586560379656,0.2288054366830997,0.187586560379656,0.0412188763034437,714,714,1.0,12495.0,12500.0,0.00025,CHEM|P,,,,,False,,,,,,,,False,,,,,False,1467627.0,0.0,0.02935254,35000000.0,2055.5,17027,False,iv_extreme_overlay,,,,,,0.1699650444768737,0.8197530864197531,405.0,40.0,t4_p90_pullback_3d_lag1_ivpct_lt95_trend15,2025-06-25,0.1736515792371025,0.1980577193278564,0.2013987632750544,0.2171869214039351,0.8391089108910891,0.9305210918114144,0.945273631840796,0.9775561097256856,,0.9775561097256856,0.9,0.04,0.00025,,,iv_pullback_sidecar,iv_extreme_pullback,higher_iv_pressure,1.0,,,,,,,,,,,,,,,,,,,,,,,0.0319049108539255,,,
2025-06-25,CU,SHFE,SHFE.cu2508C86000,C,2025-07-25,30,,0.0577733682819466,1490,1212,106.0,86000.0,78670.0,C,l4_diff02_delta04_l3eff015,0.1750807203619838,0.2183376036333817,0.2183376036333817,0.1750807203619838,0.0432568832713978,141,141,1.0,74730.0,75000.0,0.0015,METAL|C,,,,,False,,,,,,,,False,0.45,0.00075,0.0,,False,3037140.0,0.0,0.0607428,35000000.0,21540.0,1624,False,monthly,0.0,,,,,,,,,,,,,,,,,,,,,,,,,,,,,,,,,,,,,,,,,,,,,,,,,,,,,,,
2025-06-25,NI,SHFE,SHFE.ni2508P100000,P,2025-07-25,30,,-0.0154145130206979,1185,578,56.0,100000.0,119280.0,P,l4_diff02_delta04_l3eff015,0.2904893704399712,,0.2904893704399712,,,669,669,1.0,37464.0,37500.0,0.00075,METAL|P,,,,,False,,,,,,,,False,0.45,0.00075,0.0,,False,4027380.0,0.0,0.0805476,35000000.0,6020.0,5813,False,monthly,0.0,,,,,,,,,,,,,,,,,,,,,,,,,,,,,,,,,,,,,,,,,,,,,,,,,,,,,,,
2025-06-26,PX,CZCE,CZCE.PX509C8400,C,2025-07-29,33,,0.0097807649973299,1329,476,2.0,8400.0,6744.0,C,higher_iv_pressure,,0.3068196520462446,0.3068196520462446,,,1250,1250,1.0,12500.0,12500.0,0.00025,CHEM|C,,,,,False,,,,,,,,False,,,,,False,3173750.0,0.0,0.063475,35000000.0,2539.0,13784,False,iv_extreme_overlay,,,,,,0.195352326043758,0.6246498599439776,357.0,19.0,t4_p90_pullback_3d_lag1_ivpct_lt95_trend15,2025-06-26,0.2017680904942226,0.2090573071150041,0.2571192446011551,0.2577364360557267,0.6797752808988764,0.7295774647887324,0.9774011299435028,0.980169971671388,,0.980169971671388,0.9,0.04,0.00025,,,iv_pullback_sidecar,iv_extreme_pullback,higher_iv_pressure,1.0,,,,,,,,,,,,,,,,,,,,,,,0.0123234144875263,,,
2025-06-26,AU,SHFE,SHFE.au2508C904,C,2025-07-25,29,,0.0282736498185242,3674,1026,0.66,904.0,772.3,C,risk_reversal_lag1_positive_sell_call_else_sell_put,,,,,,18,18,1.0,11880.0,12500.0,0.00025,METAL|C,,,,,False,,,,,,,,False,,,,,False,1123991.9999999998,0.0,0.0224798399999999,35000000.0,62443.99999999999,560,False,iv_extreme_overlay,,,,,,,,,,t3_p95_rr_2d_repair_same_sign,,,,,,,,,,overlay2_risk_reversal_same_sign,0.9970443349753696,,,,,,risk_reversal_sidecar,risk_reversal_repair,risk_reversal_lag1_positive_sell_call_else_sell_put,2.0,C,0.024362349408293,0.0263452459427419,0.1251289397403169,0.024362349408293,0.0263452459427419,0.1251289397403169,0.2289846224773746,0.2533469718856677,0.2425501852309207,0.2688954311736627,0.2445430000980706,0.3696719398383876,,,,,,,,,,,,,
2025-06-26,AL,SHFE,SHFE.al2508P19500,P,2025-07-25,29,,-0.0646315422560413,2112,1357,22.0,19500.0,20620.0,P,l4_diff02_delta04_l3eff015,0.1323014963573726,,0.1323014963573726,,,454,454,1.0,49940.0,50000.0,0.001,METAL|P,,,,,False,,,,,,,,False,0.45,0.00075,0.0,,False,3459480.0,0.0,0.0691896,35000000.0,7620.0,4593,False,monthly,0.0,,,,,,,,,,,,,,,,,,,,,,,,,,,,,,,,,,,,,,,,,,,,,,,,,,,,,,,
2025-06-26,ZN,SHFE,SHFE.zn2508P20000,P,2025-07-25,29,,-0.0220687114163086,1032,1037,11.0,20000.0,22460.0,P,l4_diff02_delta04_l3eff015,0.207551536760757,,0.207551536760757,,,681,681,1.0,37455.0,37500.0,0.00075,METAL|P,,,,,False,,,,,,,,False,0.45,0.00075,0.0,,False,3861270.0,0.0,0.0772254,35000000.0,5670.0,6172,False,monthly,0.0,,,,,,,,,,,,,,,,,,,,,,,,,,,,,,,,,,,,,,,,,,,,,,,,,,,,,,,
2025-06-27,OI,CZCE,CZCE.OI509P8100,P,2025-08-13,47,,-0.029983806062887,3267,1588,9.5,8100.0,9452.0,P,risk_reversal_lag1_positive_sell_call_else_sell_put,,,,,,131,131,1.0,12445.0,12500.0,0.00025,AGRI|P,,,,,False,,,,,,,,False,,,,,False,631551.0,0.0,0.01263102,35000000.0,4821.0,7259,False,iv_extreme_overlay,,,,,,,,,,t3_p95_rr_2d_repair_same_sign,,,,,,,,,,overlay2_risk_reversal_same_sign,0.9594594594594594,,,,,,risk_reversal_sidecar,risk_reversal_repair,risk_reversal_lag1_positive_sell_call_else_sell_put,2.0,P,-0.0593447190018406,-0.061077518975539,-0.0687369518729171,0.0593447190018406,0.061077518975539,0.0687369518729171,0.2247793118817243,0.1654345928798836,0.2267154856943888,0.1656379667188498,0.2406168943081601,0.171879942435243,,,,,,,,,,,,,
2025-07-14,RM,CZCE,CZCE.RM509C3050,C,2025-08-13,30,,0.0327759951142465,3942,1711,2.5,3050.0,2647.0,C,l4_diff02_delta04_l3eff015,0.2599139093669511,0.2644809809075871,0.2644809809075871,0.2599139093669511,0.004567071540636,1500,1500,1.0,37500.0,37500.0,0.00075,AGRI|C,,,,,False,,,,,,,,False,0.45,0.00075,0.0,,False,2022750.0,0.0,0.040455,35000000.0,1348.5,25954,False,monthly,0.0,,,,,,,,,,,,,,,,,,,,,,,,,,,,,,,,,,,,,,,,,,,,,,,,,,,,,,,
2025-07-14,SR,CZCE,CZCE.SR509C6200,C,2025-08-13,30,,0.0477477543970601,9420,3897,4.5,6200.0,5798.0,C,l4_diff02_delta04_l3eff015,0.1607584329011587,0.1877519070006338,0.1877519070006338,0.1607584329011587,0.026993474099475,1111,1111,1.0,49995.0,50000.0,0.001,SOFT|C,,,,,False,,,,,,,,False,0.45,0.00075,0.0,,False,4258463.000000001,0.0,0.08516926,35000000.0,3833.000000000001,9131,False,monthly,0.0,,,,,,,,,,,,,,,,,,,,,,,,,,,,,,,,,,,,,,,,,,,,,,,,,,,,,,,
2025-07-14,TA,CZCE,CZCE.TA509C5300,C,2025-08-13,30,,0.0794127068123765,9715,6272,13.0,5300.0,4728.0,C,l4_diff02_delta04_l3eff015,0.2658359270285918,0.3073351641159598,0.3073351641159598,0.2658359270285918,0.0414992370873679,769,769,1.0,49985.0,50000.0,0.001,CHEM|C,,,,,False,,,,,,,,False,0.45,0.00075,0.0,,False,958943.0,0.0,0.01917886,35000000.0,1247.0,28067,False,monthly,0.0,,,,,,,,,,,,,,,,,,,,,,,,,,,,,,,,,,,,,,,,,,,,,,,,,,,,,,,
2025-07-16,MA,CZCE,CZCE.MA509C2850,C,2025-08-13,28,,0.0247770808585763,2585,531,2.0,2850.0,2362.0,C,risk_reversal_lag1_positive_sell_call_else_sell_put,,,,,,625,625,1.0,12500.0,12500.0,0.00025,CHEM|C,,,,,False,,,,,,,,False,,,,,False,750625.0,0.0,0.0150125,35000000.0,1201.0,29142,False,iv_extreme_overlay,,,,,,,,,,t3_p95_rr_2d_repair_same_sign,,,,,,,,,,overlay2_risk_reversal_same_sign,0.9565714285714284,,,,,,risk_reversal_sidecar,risk_reversal_repair,risk_reversal_lag1_positive_sell_call_else_sell_put,2.0,C,0.0614120067225214,0.07206879239367,0.083696216398776,0.0614120067225214,0.07206879239367,0.083696216398776,0.2137022874611504,0.2751142941836719,0.2198654748203791,0.2919342672140492,0.2065582645637201,0.2902544809624962,,,,,,,,,,,,,
2025-07-17,M,DCE,DCE.m2509-C-3350,C,2025-08-18,32,,0.0616882793887501,9475,4275,5.0,3350.0,3033.0,C,l4_diff02_delta04_l3eff015,0.2051936926540083,0.2329949033758831,0.2329949033758831,0.2051936926540083,0.0278012107218747,1000,1000,1.0,50000.0,50000.0,0.001,AGRI|C,,,,,False,,,,,,,,False,0.45,0.00075,0.0,,False,1566500.0,0.0,0.03133,35000000.0,1566.5,22342,False,monthly,0.0,,,,,,,,,,,,,,,,,,,,,,,,,,,,,,,,,,,,,,,,,,,,,,,,,,,,,,,
2025-07-26,AL,SHFE,SHFE.al2509C22800,C,2025-08-25,30,,0.0561712921009335,2432,37,30.0,22800.0,20615.0,C,l4_diff02_delta04_l3eff015,,0.2171693517947772,0.2171693517947772,,,333,333,1.0,49950.0,50000.0,0.001,METAL|C,,,,,False,,,,,,,,False,0.45,0.00075,0.0,,False,1766148.75,0.0,0.035322975,35000000.0,5303.75,6599,False,monthly,0.0,,,,,,,,,,,,,,,,,,,,,,,,,,,,,,,,,,,,,,,,,,,,,,,,,,,,,,,
2025-07-26,CU,SHFE,SHFE.cu2509C88000,C,2025-08-25,30,,0.0623835802041674,2770,16,146.0,88000.0,78800.0,C,l4_diff02_delta04_l3eff015,0.217796860157992,0.2699329155788408,0.2699329155788408,0.217796860157992,0.0521360554208487,102,102,1.0,74460.0,75000.0,0.0015,METAL|C,,,,,False,,,,,,,,False,0.45,0.00075,0.0,,False,2083860.0,0.0,0.0416772,35000000.0,20430.0,1713,False,monthly,0.0,,,,,,,,,,,,,,,,,,,,,,,,,,,,,,,,,,,,,,,,,,,,,,,,,,,,,,,
2025-07-28,RB,SHFE,SHFE.rb2509C3800,C,2025-08-25,28,,0.0421633327371944,1257,508,5.0,3800.0,3219.0,C,l4_diff02_delta04_l3eff015,,0.3486437101378138,0.3486437101378138,,,1500,1500,1.0,75000.0,75000.0,0.0015,FERROUS|C,,,,,False,,,,,,,,False,0.45,0.00075,0.0,,False,2489250.0000000005,0.0,0.049785,35000000.0,1659.5000000000002,21090,False,monthly,0.0,,,,,,,,,,,,,,,,,,,,,,,,,,,,,,,,,,,,,,,,,,,,,,,,,,,,,,,
2025-07-29,L,DCE,DCE.l2509-C-9200,C,2025-08-18,20,,0.0188654276673107,1490,322,5.0,9200.0,7415.0,C,risk_reversal_lag1_positive_sell_call_else_sell_put,,,,,,500,500,1.0,12500.0,12500.0,0.00025,CHEM|C,,,,,False,,,,,,,,False,,,,,False,661312.5000000001,0.0,0.01322625,35000000.0,1322.6250000000002,26462,False,iv_extreme_overlay,,,,,,,,,,t3_p95_rr_2d_repair_same_sign,,,,,,,,,,overlay2_risk_reversal_same_sign,0.994279176201373,,,,,,risk_reversal_sidecar,risk_reversal_repair,risk_reversal_lag1_positive_sell_call_else_sell_put,2.0,C,0.1109132270085274,0.119119796367031,0.1243594366255818,0.1109132270085274,0.119119796367031,0.1243594366255818,0.1606798699557383,0.2715930969642657,0.162607944923019,0.28172774129005,0.1540256558528768,0.2783850924784586,,,,,,,,,,,,,
2025-07-29,PG,DCE,DCE.pg2509-C-5200,C,2025-08-18,20,,0.0242638707422486,8019,4615,4.4,5200.0,4037.0,C,risk_reversal_lag1_positive_sell_call_else_sell_put,,,,,,142,142,1.0,12496.000000000002,12500.0,0.00025,CHEM|C,,,,,False,,,,,,,,False,,,,,False,1159004.0,0.0,0.02318008,35000000.0,8162.0,4288,False,iv_extreme_overlay,,,,,,,,,,t3_p95_rr_2d_repair_same_sign,,,,,,,,,,overlay2_risk_reversal_same_sign,0.998859749144812,,,,,,risk_reversal_sidecar,risk_reversal_repair,risk_reversal_lag1_positive_sell_call_else_sell_put,2.0,C,0.1965632389911321,0.2051546209298436,0.2077630691583718,0.1965632389911321,0.2051546209298436,0.2077630691583718,0.2251091021716905,0.4216723411628226,0.2274880782753771,0.4326426992052207,0.2249597047311966,0.4327227738895685,,,,,,,,,,,,,
2025-07-30,PF,CZCE,CZCE.PF509C7400,C,2025-08-13,14,,0.0177602817641391,1307,988,2.5,7400.0,6496.0,C,risk_reversal_lag1_positive_sell_call_else_sell_put,,,,,,1000,1000,1.0,12500.0,12500.0,0.00025,CHEM|C,,,,,False,,,,,,,,False,,,,,False,1636500.0,0.0,0.03273,35000000.0,1636.5,21387,False,iv_extreme_overlay,,,,,,,,,,t3_p95_rr_2d_repair_same_sign,,,,,,,,,,overlay2_risk_reversal_same_sign,0.9967320261437908,,,,,,risk_reversal_sidecar,risk_reversal_repair,risk_reversal_lag1_positive_sell_call_else_sell_put,2.0,C,0.0812047391428846,0.0946087388184824,0.1146231954652419,0.0812047391428846,0.0946087388184824,0.1146231954652419,0.1666097448405252,0.2478144839834099,0.1704915788076517,0.2651003176261342,0.1939479121684326,0.3085711076336745,,,,,,,,,,,,,
2025-07-30,UR,CZCE,CZCE.UR509C2120,C,2025-08-13,14,,0.0243119555991498,9641,2213,1.5,2120.0,1742.0,C,risk_reversal_lag1_positive_sell_call_else_sell_put,,,,,,416,416,1.0,12480.0,12500.0,0.00025,OTHER|C,,,,,False,,,,,,,,False,,,,,False,737152.0000000001,0.0,0.01474304,35000000.0,1772.0000000000002,19751,False,iv_extreme_overlay,,,,,,,,,,t3_p95_rr_2d_repair_same_sign,,,,,,,,,,overlay2_risk_reversal_same_sign,0.9967320261437908,,,,,,risk_reversal_sidecar,risk_reversal_repair,risk_reversal_lag1_positive_sell_call_else_sell_put,2.0,C,0.0871639238674285,0.1439630081539712,0.1779903834932046,0.0871639238674285,0.1439630081539712,0.1779903834932046,0.2609012055112818,0.3480651293787103,0.2590903418298128,0.403053349983784,0.2771431730604921,0.4551335565536967,,,,,,,,,,,,,
2025-07-31,SH,CZCE,CZCE.SH509C3000,C,2025-08-13,13,,0.0309646510760484,9052,9535,2.5,3000.0,2558.0,C,higher_iv_pressure,0.4265017496752725,0.4533108820838762,0.4533108820838762,0.4265017496752725,0.0268091324086037,166,166,1.0,12450.0,12500.0,0.00025,CHEM|C,,,,,False,,,,,,,,False,,,,,False,649392.0,0.0,0.01298784,35000000.0,3912.0,8946,False,iv_extreme_overlay,,,,,,0.2959376822024565,0.8736559139784946,372.0,40.0,t4_p90_pullback_3d_lag1_ivpct_lt95_trend15,2025-07-31,0.3063427891791277,0.313160317210978,0.3394997399006244,0.353520857999895,0.8867924528301887,0.8972972972972973,0.929539295392954,0.9592391304347826,,0.9592391304347826,0.9,0.04,0.00025,,,iv_pullback_sidecar,iv_extreme_pullback,higher_iv_pressure,1.0,,,,,,,,,,,,,,,,,,,,,,,0.0818296265211917,,,
2025-07-31,NI,SHFE,SHFE.ni2509C148000,C,2025-08-25,25,,0.0343777962577493,6577,6500,174.0,148000.0,120230.0,C,higher_iv_pressure,,0.42351949159669,0.42351949159669,,,71,71,1.0,12354.0,12500.0,0.00025,METAL|C,,,,,False,,,,,,,,False,,,,,False,439170.5,0.0,0.00878341,35000000.0,6185.5,5658,False,iv_extreme_overlay,,,,,,0.1982981427972419,0.2972972972972973,259.0,24.0,t4_p90_pullback_3d_lag1_ivpct_lt95_trend15,2025-07-31,0.2097593971537479,0.2289768294641225,0.2411412277365604,0.2649480467761694,0.5038759689922481,0.7665369649805448,0.84765625,0.9686274509803922,,0.9686274509803922,0.9,0.04,0.00025,,,iv_pullback_sidecar,iv_extreme_pullback,higher_iv_pressure,1.0,,,,,,,,,,,,,,,,,,,,,,,-8.271298593875986e-05,,,
2025-07-31,RM,CZCE,CZCE.RM509P2425,P,2025-08-13,13,,-0.0275124018829567,1544,191,1.5,2425.0,2677.0,P,term_structure_t1_high_iv_pressure,,,,,,833,833,1.0,12495.0,12500.0,0.00025,AGRI|P,,,,,False,,,,,,,,False,,,,,False,1192856.0,0.0,0.02385712,35000000.0,1432.0,24441,False,iv_extreme_overlay,,,,,,,,,,t3_p95_term_2d_repair_t1_no_trend_conflict_cluster_cap2,,,,,,,,,,overlay3_term_structure_cluster_cap2,0.9876160990712074,,,,,,term_structure_sidecar,term_structure_repair,term_structure_t1_high_iv_pressure,3.0,P,,,,,,,,,,,,,0.0423653192893873,0.0497549530136309,0.0719482493954544,0.2291534693868971,0.1867881500975097,0.240687883439079,0.190932930425448,0.262809752695913,0.1908615033004585,0.0199023657529102,P,False,
2025-08-01,SF,CZCE,CZCE.SF509C6600,C,2025-08-13,12,,0.0342271773967792,2021,1733,6.0,6600.0,5682.0,C,higher_iv_pressure,0.3074970045074905,0.4941404409536007,0.4941404409536007,0.3074970045074905,0.1866434364461102,416,416,1.0,12480.0,12500.0,0.00025,FERROUS|C,,,,,False,,,,,,,,False,,,,,False,603408.0,0.0,0.01206816,35000000.0,1450.5,24129,False,iv_extreme_overlay,,,,,,0.2144849453839326,0.7870370370370371,432.0,36.0,t4_p90_pullback_3d_lag1_ivpct_lt95_trend15,2025-08-01,0.2517753850359941,0.3155178623505169,0.3888427751690878,0.3909338947115294,0.9350348027842228,0.9813953488372092,0.9906759906759908,0.9929906542056076,,0.9929906542056076,0.9,0.04,0.00025,,,iv_pullback_sidecar,iv_extreme_pullback,higher_iv_pressure,1.0,,,,,,,,,,,,,,,,,,,,,,,0.0552056317154501,,,
2025-08-01,RU,SHFE,SHFE.ru2509C18000,C,2025-08-25,24,,0.0197378662513269,3962,1775,11.0,18000.0,14245.0,C,risk_reversal_lag1_positive_sell_call_else_sell_put,,,,,,113,113,1.0,12430.0,12500.0,0.00025,CHEM|C,,,,,False,,,,,,,,False,,,,,False,817272.5,0.0,0.01634545,35000000.0,7232.5,4839,False,iv_extreme_overlay,,,,,,,,,,t3_p95_rr_2d_repair_same_sign,,,,,,,,,,overlay2_risk_reversal_same_sign,0.9936373276776246,,,,,,risk_reversal_sidecar,risk_reversal_repair,risk_reversal_lag1_positive_sell_call_else_sell_put,2.0,C,0.0882294532483403,0.0993412797053275,0.1708147696641855,0.0882294532483403,0.0993412797053275,0.1708147696641855,0.2627458306813758,0.3509752839297161,0.2583709485020354,0.3577122282073629,0.2479333578054978,0.4187481274696834,,,,,,,,,,,,,
2025-08-08,V,DCE,DCE.v2509-C-5400,C,2025-08-18,10,,0.0215802922802521,15884,5389,1.5,5400.0,4997.0,C,risk_reversal_lag1_positive_sell_call_else_sell_put,,,,,,1666,1666,1.0,12495.0,12500.0,0.00025,CHEM|C,,,,,False,,,,,,,,False,,,,,False,1469370.35,0.0,0.029387407,35000000.0,881.975,39683,False,iv_extreme_overlay,,,,,,,,,,t3_p95_rr_2d_repair_same_sign,,,,,,,,,,overlay2_risk_reversal_same_sign,0.979683972911964,,,,,,risk_reversal_sidecar,risk_reversal_repair,risk_reversal_lag1_positive_sell_call_else_sell_put,2.0,C,0.065806251240972,0.1210521046911848,0.144804605057209,0.065806251240972,0.1210521046911848,0.144804605057209,0.1632332608555737,0.2290395120965458,0.1601968998639266,0.2812490045551115,0.1598091718931554,0.3046137769503645,,,,,,,,,,,,,
2025-08-08,Y,DCE,DCE.y2509-C-9100,C,2025-08-18,10,,0.0295633317389889,1046,1579,4.0,9100.0,8394.0,C,risk_reversal_lag1_positive_sell_call_else_sell_put,,,,,,312,312,1.0,12480.0,12500.0,0.00025,AGRI|C,,,,,False,,,,,,,,False,,,,,False,1530048.0000000002,0.0,0.03060096,35000000.0,4904.000000000001,7137,False,iv_extreme_overlay,,,,,,,,,,t3_p95_rr_2d_repair_same_sign,,,,,,,,,,overlay2_risk_reversal_same_sign,0.988034188034188,,,,,,risk_reversal_sidecar,risk_reversal_repair,risk_reversal_lag1_positive_sell_call_else_sell_put,2.0,C,0.0602004316539132,0.0698726293095867,0.0717838986667675,0.0602004316539132,0.0698726293095867,0.0717838986667675,0.1803380560085485,0.2405384876624617,0.1794320516921202,0.249304681001707,0.1589771283412533,0.2307610270080208,,,,,,,,,,,,,
2025-08-14,SR,CZCE,CZCE.SR511MSC6100,C,2025-09-11,28,,0.028883289565691,1392,538,2.5,6100.0,5646.0,C,risk_reversal_lag1_positive_sell_call_else_sell_put,,,,,,500,500,1.0,12500.0,12500.0,0.00025,SOFT|C,,,,,False,,,,,,,,False,,,,,False,1700500.0,0.0,0.03401,35000000.0,3401.0,10291,False,iv_extreme_overlay,,,,,,,,,,t3_p95_rr_2d_repair_same_sign,,,,,,,,,,overlay2_risk_reversal_same_sign,0.9867799811142588,,,,,,risk_reversal_sidecar,risk_reversal_repair,risk_reversal_lag1_positive_sell_call_else_sell_put,2.0,C,0.0252746768718387,0.0558868995474168,0.0884088914801157,0.0252746768718387,0.0558868995474168,0.0884088914801157,0.1108475865559428,0.1361222634277816,0.118285949804198,0.1741728493516149,0.1126366039650818,0.2010454954451976,,,,,,,,,,,,,
2025-08-14,LC,GFEX,GFEX.lc2510-P-67000,P,2025-09-05,22,,-0.028691154078014,1506,822,130.0,67000.0,85300.0,P,term_structure_t1_high_iv_pressure,,,,,,96,96,1.0,12480.0,12500.0,0.00025,AGRI|P,,,,,False,,,,,,,,False,,,,,False,626640.0,0.0,0.0125328,35000000.0,6527.5,5361,False,iv_extreme_overlay,,,,,,,,,,t3_p95_term_2d_repair_t1_no_trend_conflict_cluster_cap2,,,,,,,,,,overlay3_term_structure_cluster_cap2,0.9820627802690582,,,,,,term_structure_sidecar,term_structure_repair,term_structure_t1_high_iv_pressure,3.0,P,,,,,,,,,,,,,0.0733112181116775,0.0839475969160422,0.2188732984693133,0.5528055246378258,0.4794943065261483,0.5590974670018896,0.4751498700858473,0.6903425473971987,0.4714692489278853,0.2839506172839505,P,False,
2025-08-14,MA,CZCE,CZCE.MA510C2650,C,2025-09-11,28,,0.0479393169363021,4158,2912,3.0,2650.0,2373.0,C,l4_diff02_delta04_l3eff015,,0.2763950175078525,0.2763950175078525,,,1666,1666,1.0,49980.0,50000.0,0.001,CHEM|C,,,,,False,,,,,,,,False,0.45,0.00075,0.0,,False,2026689.0,0.0,0.04053378,35000000.0,1216.5,28771,False,monthly,0.0,,,,,,,,,,,,,,,,,,,,,,,,,,,,,,,,,,,,,,,,,,,,,,,,,,,,,,,
2025-08-15,BR,SHFE,SHFE.br2509C13800,C,2025-08-25,10,,0.0166909509678167,1522,607,5.0,13800.0,11800.0,C,risk_reversal_lag1_positive_sell_call_else_sell_put,,,,,,500,500,1.0,12500.0,12500.0,0.00025,CHEM|C,,,,,False,,,,,,,,False,,,,,False,2077500.0000000005,0.0,0.04155,35000000.0,4155.000000000001,8423,False,iv_extreme_overlay,,,,,,,,,,t3_p95_rr_2d_repair_same_sign,,,,,,,,,,overlay2_risk_reversal_same_sign,1.0,,,,,,risk_reversal_sidecar,risk_reversal_repair,risk_reversal_lag1_positive_sell_call_else_sell_put,2.0,C,0.1341711368139121,0.1620434919618535,0.18297615877381,0.1341711368139121,0.1620434919618535,0.18297615877381,0.2348285288056609,0.3689996656195731,0.2393434612340281,0.4013869531958817,0.2298084766132992,0.4127846353871092,,,,,,,,,,,,,
2025-08-15,RB,SHFE,SHFE.rb2509C3450,C,2025-08-25,10,,0.0284357568536399,3670,944,1.5,3450.0,3170.0,C,risk_reversal_lag1_positive_sell_call_else_sell_put,,,,,,833,833,1.0,12495.0,12500.0,0.00025,FERROUS|C,,,,,False,,,,,,,,False,,,,,False,1486905.0,0.0,0.0297381,35000000.0,1785.0,19607,False,iv_extreme_overlay,,,,,,,,,,t3_p95_rr_2d_repair_same_sign,,,,,,,,,,overlay2_risk_reversal_same_sign,0.9978260869565218,,,,,,risk_reversal_sidecar,risk_reversal_repair,risk_reversal_lag1_positive_sell_call_else_sell_put,2.0,C,0.0686629111967774,0.1060280821234206,0.1513660823578,0.0686629111967774,0.1060280821234206,0.1513660823578,0.1965093389799027,0.2651722501766802,0.1880298570116647,0.2940579391350854,0.1852523031352629,0.3366183854930629,,,,,,,,,,,,,
2025-08-15,SF,CZCE,CZCE.SF510P5000,P,2025-09-11,27,,-0.020436456806983,1373,395,3.0,5000.0,5732.0,P,term_structure_t1_high_iv_pressure,,,,,,833,833,1.0,12495.0,12500.0,0.00025,FERROUS|P,,,,,False,,,,,,,,False,,,,,False,1206184.0,0.0,0.02412368,35000000.0,1448.0,24171,False,iv_extreme_overlay,,,,,,,,,,t3_p95_term_2d_repair_t1_no_trend_conflict_cluster_cap2,,,,,,,,,,overlay3_term_structure_cluster_cap2,0.9837962962962964,,,,,,term_structure_sidecar,term_structure_repair,term_structure_t1_high_iv_pressure,3.0,P,,,,,,,,,,,,,0.0321260318830929,0.0542797060432203,0.065856796340783,0.258279762142416,0.226153730259323,0.2943681796760389,0.2400884736328185,0.3296339087522398,0.2637771124114568,0.0441444728201385,P,False,
2025-08-15,SM,CZCE,CZCE.SM510P5300,P,2025-09-11,27,,-0.0151183147909018,1058,818,2.0,5300.0,6032.0,P,term_structure_t1_high_iv_pressure,,,,,,1250,1250,1.0,12500.0,12500.0,0.00025,FERROUS|P,,,,,False,,,,,,,,False,,,,,False,1897500.0,0.0,0.03795,35000000.0,1518.0,23056,False,iv_extreme_overlay,,,,,,,,,,t3_p95_term_2d_repair_t1_no_trend_conflict_cluster_cap2,,,,,,,,,,overlay3_term_structure_cluster_cap2,0.9574468085106383,,,,,,term_structure_sidecar,term_structure_repair,term_structure_t1_high_iv_pressure,3.0,P,,,,,,,,,,,,,0.0107653834608297,0.0457544396888529,0.0723898669129667,0.211992586814472,0.2012272033536423,0.2499011866806454,0.2041467469917925,0.2945208417981357,0.2221309748851689,0.0448740075940627,P,False,
2025-08-18,PK,CZCE,CZCE.PK510C9400,C,2025-09-11,24,,0.0241177928973368,3850,546,5.5,9400.0,8044.0,C,risk_reversal_lag1_positive_sell_call_else_sell_put,,,,,,454,454,1.0,12485.0,12500.0,0.00025,AGRI|C,,,,,False,,,,,,,,False,,,,,False,925479.0,0.0,0.01850958,35000000.0,2038.5,17169,False,iv_extreme_overlay,,,,,,,,,,t3_p95_rr_2d_repair_same_sign,,,,,,,,,,overlay2_risk_reversal_same_sign,0.955456570155902,,,,,,risk_reversal_sidecar,risk_reversal_repair,risk_reversal_lag1_positive_sell_call_else_sell_put,2.0,C,0.0467869370296397,0.0641903350636972,0.078155668851874,0.0467869370296397,0.0641903350636972,0.078155668851874,0.1764927312150302,0.22327966824467,0.1597709245828203,0.2239612596465175,0.1623502300541718,0.2405058989060459,,,,,,,,,,,,,
2025-08-18,PG,DCE,DCE.pg2510-C-5400,C,2025-09-16,29,,0.0189345541415844,3268,1589,3.0,5400.0,4330.0,C,risk_reversal_lag1_positive_sell_call_else_sell_put,,,,,,208,208,1.0,12480.0,12500.0,0.00025,CHEM|C,,,,,False,,,,,,,,False,,,,,False,1813760.0,0.0,0.0362752,35000000.0,8720.0,4013,False,iv_extreme_overlay,,,,,,,,,,t3_p95_rr_2d_repair_same_sign,,,,,,,,,,overlay2_risk_reversal_same_sign,0.974040632054176,,,,,,risk_reversal_sidecar,risk_reversal_repair,risk_reversal_lag1_positive_sell_call_else_sell_put,2.0,C,0.0896340814724191,0.105034295404032,0.1396636948319631,0.0896340814724191,0.105034295404032,0.1396636948319631,0.211845535234278,0.3014796167066972,0.214458918358029,0.3194932137620611,0.1958417647925804,0.3355054596245436,,,,,,,,,,,,,
2025-08-19,C,DCE,DCE.c2511-C-2380,C,2025-10-24,66,,0.0795301398107458,4521,707,5.0,2380.0,2165.0,C,l4_diff02_delta04_l3eff015,0.1101521558867865,0.1923813895369051,0.1923813895369051,0.1101521558867865,0.0822292336501185,1500,1500,1.0,75000.0,75000.0,0.0015,AGRI|C,,,,,False,,,,,,,,False,0.45,0.00075,0.0,,False,1710000.0,0.0,0.0342,35000000.0,1140.0,30701,False,monthly,0.0,,,,,,,,,,,,,,,,,,,,,,,,,,,,,,,,,,,,,,,,,,,,,,,,,,,,,,,
2025-08-19,CS,DCE,DCE.cs2511-C-2800,C,2025-10-24,66,,0.0580348437972211,1689,389,4.5,2800.0,2482.0,C,l4_diff02_delta04_l3eff015,,0.2020500654576562,0.2020500654576562,,,1111,1111,1.0,49995.0,50000.0,0.001,AGRI|C,,,,,False,,,,,,,,False,0.45,0.00075,0.0,,False,1428746.0000000002,0.0,0.02857492,35000000.0,1286.0000000000002,27216,False,monthly,0.0,,,,,,,,,,,,,,,,,,,,,,,,,,,,,,,,,,,,,,,,,,,,,,,,,,,,,,,
2025-08-21,SI,GFEX,GFEX.si2510-C-11000,C,2025-09-05,15,,0.0220574296193142,10141,5987,8.0,11000.0,8620.0,C,risk_reversal_lag1_positive_sell_call_else_sell_put,,,,,,312,312,1.0,12480.0,12500.0,0.00025,METAL|C,,,,,False,,,,,,,,False,,,,,False,684840.0,0.0,0.0136968,35000000.0,2195.0,15945,False,iv_extreme_overlay,,,,,,,,,,t3_p95_rr_2d_repair_same_sign,,,,,,,,,,overlay2_risk_reversal_same_sign,0.9619952494061758,,,,,,risk_reversal_sidecar,risk_reversal_repair,risk_reversal_lag1_positive_sell_call_else_sell_put,2.0,C,0.1159873617072678,0.1535105031536925,0.1594304218959638,0.1159873617072678,0.1535105031536925,0.1594304218959638,0.3553995609318955,0.4713869226391634,0.3340590213939005,0.487569524547593,0.3518023694847608,0.5112327913807246,,,,,,,,,,,,,
2025-08-26,EB,DCE,DCE.eb2510-C-8200,C,2025-09-16,21,,0.0289429538959962,3053,2818,5.0,8200.0,7261.0,C,risk_reversal_lag1_positive_sell_call_else_sell_put,,,,,,500,500,1.0,12500.0,12500.0,0.00025,CHEM|C,,,,,False,,,,,,,,False,,,,,False,2469250.0,0.0,0.049385,35000000.0,4938.5,7087,False,iv_extreme_overlay,,,,,,,,,,t3_p95_rr_2d_repair_same_sign,,,,,,,,,,overlay2_risk_reversal_same_sign,0.961038961038961,,,,,,risk_reversal_sidecar,risk_reversal_repair,risk_reversal_lag1_positive_sell_call_else_sell_put,2.0,C,0.0726365050349184,0.0959245931874425,0.0996896430007086,0.0726365050349184,0.0959245931874425,0.0996896430007086,0.2040592779498878,0.2766957829848063,0.21403208851245,0.3099566816998926,0.2101474661453564,0.309837109146065,,,,,,,,,,,,,
2025-08-26,PF,CZCE,CZCE.PF510P6100,P,2025-09-11,16,,-0.01571230288898,1004,288,1.5,6100.0,6640.0,P,term_structure_t1_high_iv_pressure,,,,,,1666,1666,1.0,12495.0,12500.0,0.00025,CHEM|P,,,,,False,,,,,,,,False,,,,,False,3294515.0,0.0,0.0658903,35000000.0,1977.5,17699,False,iv_extreme_overlay,,,,,,,,,,t3_p95_term_2d_repair_t1_no_trend_conflict_cluster_cap2,,,,,,,,,,overlay3_term_structure_cluster_cap2,0.9627039627039627,,,,,,term_structure_sidecar,term_structure_repair,term_structure_t1_high_iv_pressure,3.0,P,,,,,,,,,,,,,0.0100519006147893,0.0211497717822101,0.0320907888984383,0.1597200950609325,0.1496681944461431,0.1729292321469444,0.1517794603647342,0.1819569260403547,0.1498661371419163,0.0172732880937693,P,False,
2025-08-26,AG,SHFE,SHFE.ag2510C10500,C,2025-09-24,29,,0.0760580353635457,2838,1097,24.5,10500.0,9346.0,C,l4_diff02_delta04_l3eff015,0.2600437062903993,0.2980218647113354,0.2980218647113354,0.2600437062903993,0.0379781584209361,136,136,1.0,49980.0,50000.0,0.001,METAL|C,,,,,False,,,,,,,,False,0.45,0.00075,0.0,,False,1923434.4,0.0,0.038468688,35000000.0,14142.9,2474,False,monthly,0.0,,,,,,,,,,,,,,,,,,,,,,,,,,,,,,,,,,,,,,,,,,,,,,,,,,,,,,,
2025-08-26,CU,SHFE,SHFE.cu2510C86000,C,2025-09-24,29,,0.0640651308349703,2857,4190,112.0,86000.0,79410.0,C,l4_diff02_delta04_l3eff015,0.1241567483624193,0.2114961600758662,0.2114961600758662,0.1241567483624193,0.0873394117134468,133,133,1.0,74480.0,75000.0,0.0015,METAL|C,,,,,False,,,,,,,,False,0.45,0.00075,0.0,,False,3164070.0,0.0,0.0632814,35000000.0,23790.0,1471,False,monthly,0.0,,,,,,,,,,,,,,,,,,,,,,,,,,,,,,,,,,,,,,,,,,,,,,,,,,,,,,,
2025-08-26,NI,SHFE,SHFE.ni2510C144000,C,2025-09-24,29,,0.050563664991649,5250,11636,246.0,144000.0,121860.0,C,l4_diff02_delta04_l3eff015,,0.3508440910291885,0.3508440910291885,,,304,304,1.0,74784.0,75000.0,0.0015,METAL|C,,,,,False,,,,,,,,False,0.45,0.00075,0.0,,False,1927056.0,0.0,0.03854112,35000000.0,6339.0,5521,False,monthly,0.0,,,,,,,,,,,,,,,,,,,,,,,,,,,,,,,,,,,,,,,,,,,,,,,,,,,,,,,
2025-08-27,SA,CZCE,CZCE.SA510C1440,C,2025-09-11,15,,0.026429244648912,6042,5136,1.0,1440.0,1220.0,C,risk_reversal_lag1_positive_sell_call_else_sell_put,,,,,,625,625,1.0,12500.0,12500.0,0.00025,CHEM|C,,,,,False,,,,,,,,False,,,,,False,775000.0,0.0,0.0155,35000000.0,1240.0,28225,False,iv_extreme_overlay,,,,,,,,,,t3_p95_rr_2d_repair_same_sign,,,,,,,,,,overlay2_risk_reversal_same_sign,0.9779874213836478,,,,,,risk_reversal_sidecar,risk_reversal_repair,risk_reversal_lag1_positive_sell_call_else_sell_put,2.0,C,0.1159076122185934,0.1264470021308809,0.1766152405981758,0.1159076122185934,0.1264470021308809,0.1766152405981758,0.3026536909176361,0.4185613031362296,0.3157413087136805,0.4421883108445614,0.2864087477988954,0.4630239883970712,,,,,,,,,,,,,
2025-08-27,V,DCE,DCE.v2510-C-5400,C,2025-09-16,20,,0.0280632734610514,11142,2821,3.0,5400.0,4816.0,C,risk_reversal_lag1_positive_sell_call_else_sell_put,,,,,,833,833,1.0,12495.0,12500.0,0.00025,CHEM|C,,,,,False,,,,,,,,False,,,,,False,714547.3999999999,0.0,0.0142909479999999,35000000.0,857.8,40802,False,iv_extreme_overlay,,,,,,,,,,t3_p95_rr_2d_repair_same_sign,,,,,,,,,,overlay2_risk_reversal_same_sign,0.9809843400447428,,,,,,risk_reversal_sidecar,risk_reversal_repair,risk_reversal_lag1_positive_sell_call_else_sell_put,2.0,C,0.1342228517113524,0.1378471088574425,0.1451845218897118,0.1342228517113524,0.1378471088574425,0.1451845218897118,0.1377660429750918,0.2719888946864442,0.1459764559831049,0.2838235648405475,0.1389630356027832,0.284147557492495,,,,,,,,,,,,,
2025-08-27,P,DCE,DCE.p2510-P-8600,P,2025-09-16,20,,-0.0276451748742122,5464,2361,5.5,8600.0,9516.0,P,term_structure_t1_high_iv_pressure,,,,,,227,227,1.0,12485.0,12500.0,0.00025,AGRI|P,,,,,False,,,,,,,,False,,,,,False,1564983.3999999997,0.0,0.0312996679999999,35000000.0,6894.199999999999,5076,False,iv_extreme_overlay,,,,,,,,,,t3_p95_term_2d_repair_t1_no_trend_conflict_cluster_cap2,,,,,,,,,,overlay3_term_structure_cluster_cap2,0.955621301775148,,,,,,term_structure_sidecar,term_structure_repair,term_structure_t1_high_iv_pressure,3.0,P,,,,,,,,,,,,,0.0113050570859482,0.0184478944471655,0.0405025406123127,0.1947196687964056,0.1834146117104573,0.2057850807450247,0.1873371862978591,0.2269121277078503,0.1864095870955375,0.0553948832035595,P,False,
2025-09-01,C,DCE,DCE.c2511-C-2600,C,2025-10-24,53,,0.0286996832223368,18520,1274,2.0,2600.0,2207.0,C,risk_reversal_lag1_positive_sell_call_else_sell_put,,,,,,625,625,1.0,12500.0,12500.0,0.00025,AGRI|C,,,,,False,,,,,,,,False,,,,,False,702187.5,0.0,0.01404375,35000000.0,1123.5,31152,False,iv_extreme_overlay,,,,,,,,,,t3_p95_rr_2d_repair_same_sign,,,,,,,,,,overlay2_risk_reversal_same_sign,0.9682835820895522,,,,,,risk_reversal_sidecar,risk_reversal_repair,risk_reversal_lag1_positive_sell_call_else_sell_put,2.0,C,0.0511359380515497,0.0589887091606397,0.0621623713737392,0.0511359380515497,0.0589887091606397,0.0621623713737392,0.1087376249255141,0.1598735629770639,0.1070976938129483,0.1660864029735881,0.1017433439256612,0.1639057152994004,,,,,,,,,,,,,
2025-09-04,EG,DCE,DCE.eg2510-C-4700,C,2025-09-16,12,,0.0298636674998141,3471,394,2.0,4700.0,4353.0,C,risk_reversal_lag1_positive_sell_call_else_sell_put,,,,,,625,625,1.0,12500.0,12500.0,0.00025,CHEM|C,,,,,False,,,,,,,,False,,,,,False,4369375.0,0.0,0.0873875,35000000.0,6991.0,5006,False,iv_extreme_overlay,,,,,,,,,,t3_p95_rr_2d_repair_same_sign,,,,,,,,,,overlay2_risk_reversal_same_sign,0.951530612244898,,,,,,risk_reversal_sidecar,risk_reversal_repair,risk_reversal_lag1_positive_sell_call_else_sell_put,2.0,C,0.0340878407887119,0.0430146460310048,0.077529602877468,0.0340878407887119,0.0430146460310048,0.077529602877468,0.1666240622052151,0.200711902993927,0.1581609237914164,0.2011755698224212,0.1358443446695179,0.2133739475469859,,,,,,,,,,,,,
2025-09-04,RB,SHFE,SHFE.rb2510C3500,C,2025-09-24,20,,0.0249701282899088,32835,3944,2.0,3500.0,3034.0,C,risk_reversal_lag1_positive_sell_call_else_sell_put,,,,,,625,625,1.0,12500.0,12500.0,0.00025,FERROUS|C,,,,,False,,,,,,,,False,,,,,False,960625.0,0.0,0.0192125,35000000.0,1537.0000000000002,22771,False,iv_extreme_overlay,,,,,,,,,,t3_p95_rr_2d_repair_same_sign,,,,,,,,,,overlay2_risk_reversal_same_sign,0.9872068230277186,,,,,,risk_reversal_sidecar,risk_reversal_repair,risk_reversal_lag1_positive_sell_call_else_sell_put,2.0,C,0.1065118805167841,0.1205209953678087,0.1221539106305916,0.1065118805167841,0.1205209953678087,0.1221539106305916,0.164571712490001,0.2710835930067852,0.1664652238396732,0.2869862192074819,0.1717880677144996,0.2939419783450913,,,,,,,,,,,,,
2025-09-05,AU,SHFE,SHFE.au2510C968,C,2025-09-24,19,,0.0206786209153645,9171,4621,0.48,968.0,822.08,C,risk_reversal_lag1_positive_sell_call_else_sell_put,,,,,,26,26,1.0,12480.0,12500.0,0.00025,METAL|C,,,,,False,,,,,,,,False,,,,,False,1722406.4,0.0,0.034448128,35000000.0,66246.40000000001,528,False,iv_extreme_overlay,,,,,,,,,,t3_p95_rr_2d_repair_same_sign,,,,,,,,,,overlay2_risk_reversal_same_sign,0.9820923656927428,,,,,,risk_reversal_sidecar,risk_reversal_repair,risk_reversal_lag1_positive_sell_call_else_sell_put,2.0,C,0.0663692525777366,0.0732326547290233,0.0950672697155597,0.0663692525777366,0.0732326547290233,0.0950672697155597,0.2125928920298537,0.2789621446075904,0.2174345191412974,0.2906671738703208,0.2052215336092641,0.3002888033248239,,,,,,,,,,,,,
2025-09-10,SI,GFEX,GFEX.si2511-P-7000,P,2025-10-15,35,,-0.0219728035972293,8492,4862,8.0,7000.0,8665.0,P,higher_iv_pressure,0.3838327073563017,,0.3838327073563017,,,312,312,1.0,12480.0,12500.0,0.00025,METAL|P,,,,,False,,,,,,,,False,,,,,False,688350.0,0.0,0.013767,35000000.0,2206.25,15864,False,iv_extreme_overlay,,,,,,0.3199621038529434,0.9370748299319728,588.0,52.0,t4_p90_pullback_3d_lag1_ivpct_lt95_trend15,2025-09-10,0.3120593586918017,0.3177259966627301,0.3265928806775223,0.3516965311995296,0.9267461669505964,0.9334470989761092,0.941880341880342,0.964041095890411,,0.964041095890411,0.9,0.04,0.00025,,,iv_pullback_sidecar,iv_extreme_pullback,higher_iv_pressure,1.0,,,,,,,,,,,,,,,,,,,,,,,-0.046485260770975,,,
2025-09-12,PK,CZCE,CZCE.PK511C8400,C,2025-10-13,31,,0.0673856469994224,2040,844,11.5,8400.0,7774.0,C,l4_diff02_delta04_l3eff015,,0.2241786712428611,0.2241786712428611,,,1304,1304,1.0,74980.0,75000.0,0.0015,AGRI|C,,,,,False,,,,,,,,False,0.45,0.00075,0.0,,False,3102868.0000000005,0.0,0.06205736,35000000.0,2379.5000000000005,14708,False,monthly,0.0,,,,,,,,,,,,,,,,,,,,,,,,,,,,,,,,,,,,,,,,,,,,,,,,,,,,,,,
2025-09-15,UR,CZCE,CZCE.UR511C2000,C,2025-10-13,28,,0.026456002026611,1831,390,1.5,2000.0,1666.0,C,risk_reversal_lag1_positive_sell_call_else_sell_put,,,,,,416,416,1.0,12480.0,12500.0,0.00025,OTHER|C,,,,,False,,,,,,,,False,,,,,False,705536.0000000001,0.0,0.01411072,35000000.0,1696.0000000000002,20636,False,iv_extreme_overlay,,,,,,,,,,t3_p95_rr_2d_repair_same_sign,,,,,,,,,,overlay2_risk_reversal_same_sign,0.9876923076923076,,,,,,risk_reversal_sidecar,risk_reversal_repair,risk_reversal_lag1_positive_sell_call_else_sell_put,2.0,C,0.1094171590579387,0.113514777289956,0.148243694430112,0.1094171590579387,0.113514777289956,0.148243694430112,0.1412816165379263,0.250698775595865,0.1489528247821375,0.2624676020720936,0.2137093823517876,0.3619530767818997,,,,,,,,,,,,,
2025-09-25,CU,SHFE,SHFE.cu2511P76000,P,2025-10-27,32,,-0.0590454372750996,2296,1871,114.0,76000.0,82490.0,P,l4_diff02_delta04_l3eff015,0.20638971218541,,0.20638971218541,,,87,87,1.0,49590.0,50000.0,0.001,METAL|P,,,,,False,,,,,,,,False,0.45,0.00075,0.0,,False,2226330.0,0.0,0.0445266,35000000.0,25590.0,1367,False,monthly,0.0,,,,,,,,,,,,,,,,,,,,,,,,,,,,,,,,,,,,,,,,,,,,,,,,,,,,,,,
2025-09-25,NI,SHFE,SHFE.ni2511C142000,C,2025-10-27,32,,0.0525371830078384,4801,10263,242.0,142000.0,121600.0,C,l4_diff02_delta04_l3eff015,0.293079921005717,0.3143210005505282,0.3143210005505282,0.293079921005717,0.0212410795448111,309,309,1.0,74778.0,75000.0,0.0015,METAL|C,,,,,False,,,,,,,,False,0.45,0.00075,0.0,,False,1953498.0,0.0,0.03906996,35000000.0,6322.0,5536,False,monthly,0.0,,,,,,,,,,,,,,,,,,,,,,,,,,,,,,,,,,,,,,,,,,,,,,,,,,,,,,,
2025-09-26,AL,SHFE,SHFE.al2511C22000,C,2025-10-27,31,,0.0750598079718483,1797,1184,29.0,22000.0,20680.0,C,l4_diff02_delta04_l3eff015,,0.1454812542309126,0.1454812542309126,,,344,344,1.0,49880.0,50000.0,0.001,METAL|C,,,,,False,,,,,,,,False,0.45,0.00075,0.0,,False,2471640.0,0.0,0.0494328,35000000.0,7185.0,4871,False,monthly,0.0,,,,,,,,,,,,,,,,,,,,,,,,,,,,,,,,,,,,,,,,,,,,,,,,,,,,,,,
2025-09-29,PK,CZCE,CZCE.PK511C8500,C,2025-10-13,14,,0.0276412458396165,4518,3551,3.5,8500.0,7822.0,C,risk_reversal_lag1_positive_sell_call_else_sell_put,,,,,,714,714,1.0,12495.0,12500.0,0.00025,AGRI|C,,,,,False,,,,,,,,False,,,,,False,1594719.0,0.0,0.03189438,35000000.0,2233.5,15670,False,iv_extreme_overlay,,,,,,,,,,t3_p95_rr_2d_repair_same_sign,,,,,,,,,,overlay2_risk_reversal_same_sign,0.9639830508474576,,,,,,risk_reversal_sidecar,risk_reversal_repair,risk_reversal_lag1_positive_sell_call_else_sell_put,2.0,C,0.0649068654635495,0.0692756006991588,0.0883305899275027,0.0649068654635495,0.0692756006991588,0.0883305899275027,0.1409604039299561,0.2058672693935056,0.131574079287156,0.2008496799863148,0.1267419626796767,0.2150725526071794,,,,,,,,,,,,,
2025-09-29,SF,CZCE,CZCE.SF511C6400,C,2025-10-13,14,,0.0226260727339919,1353,1479,3.0,6400.0,5610.0,C,risk_reversal_lag1_positive_sell_call_else_sell_put,,,,,,833,833,1.0,12495.0,12500.0,0.00025,FERROUS|C,,,,,False,,,,,,,,False,,,,,False,1180777.5,0.0,0.02361555,35000000.0,1417.5,24691,False,iv_extreme_overlay,,,,,,,,,,t3_p95_rr_2d_repair_same_sign,,,,,,,,,,overlay2_risk_reversal_same_sign,0.9640718562874252,,,,,,risk_reversal_sidecar,risk_reversal_repair,risk_reversal_lag1_positive_sell_call_else_sell_put,2.0,C,0.1382978824506888,0.1441533017435248,0.1625849446878743,0.1382978824506888,0.1441533017435248,0.1625849446878743,0.1885967545444417,0.3268946369951305,0.1898214982362145,0.3339747999797393,0.1752289385211801,0.3378138832090545,,,,,,,,,,,,,
2025-09-30,ZN,SHFE,SHFE.zn2511P20000,P,2025-10-27,27,,-0.0537756831451529,1119,501,28.0,20000.0,21825.0,P,l4_diff02_delta04_l3eff015,0.2030854204843099,,0.2030854204843099,,,357,357,1.0,49980.0,50000.0,0.001,METAL|P,,,,,False,,,,,,,,False,0.45,0.00075,0.0,,False,2316930.0,0.0,0.0463386,35000000.0,6490.0,5392,False,monthly,0.0,,,,,,,,,,,,,,,,,,,,,,,,,,,,,,,,,,,,,,,,,,,,,,,,,,,,,,,
2025-10-14,CU,SHFE,SHFE.cu2511P77000,P,2025-10-27,13,,-0.0276438706520162,2511,2320,46.0,77000.0,84700.0,P,term_structure_t1_high_iv_pressure,,,,,,54,54,1.0,12420.0,12500.0,0.00025,METAL|P,,,,,False,,,,,,,,False,,,,,False,1259820.0,0.0,0.0251964,35000000.0,23330.0,1500,False,iv_extreme_overlay,,,,,,,,,,t3_p95_term_2d_repair_t1_no_trend_conflict_cluster_cap2,,,,,,,,,,overlay3_term_structure_cluster_cap2,0.9611520428667112,,,,,,term_structure_sidecar,term_structure_repair,term_structure_t1_high_iv_pressure,3.0,P,,,,,,,,,,,,,0.0026754369308321,0.0254627555912339,0.0262456100283108,0.2308786134135206,0.2282031764826884,0.2317353449915943,0.2062725894003603,0.2334275591470783,0.2071819491187675,0.0770377733598408,P,False,
2025-10-14,CF,CZCE,CZCE.CF601C15400,C,2025-12-11,58,,0.0391664259904433,6348,272,17.0,15400.0,13240.0,C,l4_diff02_delta04_l3eff015,0.1916686601480741,0.1948786135314527,0.1948786135314527,0.1916686601480741,0.0032099533833786,882,882,1.0,74970.0,75000.0,0.0015,SOFT|C,,,,,False,,,,,,,,False,0.45,0.00075,0.0,,False,2994390.0,0.0,0.0598878,35000000.0,3395.0,10309,False,monthly,0.0,,,,,,,,,,,,,,,,,,,,,,,,,,,,,,,,,,,,,,,,,,,,,,,,,,,,,,,
2025-10-14,OI,CZCE,CZCE.OI601C11400,C,2025-12-11,58,,0.0625578648967918,1727,828,23.0,11400.0,9918.0,C,l4_diff02_delta04_l3eff015,0.1714214799526159,0.2257695817670368,0.2257695817670368,0.1714214799526159,0.0543481018144209,217,217,1.0,49910.0,50000.0,0.001,AGRI|C,,,,,False,,,,,,,,False,0.45,0.00075,0.0,,False,1126013.0000000002,0.0,0.02252026,35000000.0,5189.000000000001,6745,False,monthly,0.0,,,,,,,,,,,,,,,,,,,,,,,,,,,,,,,,,,,,,,,,,,,,,,,,,,,,,,,
2025-10-27,AG,SHFE,SHFE.ag2512P9200,P,2025-11-24,28,,-0.0370144568056179,1047,262,18.5,9200.0,11100.0,P,higher_iv_pressure,0.4107515699581764,0.3986308779760792,0.4107515699581764,0.3986308779760792,0.0121206919820971,45,45,1.0,12487.5,12500.0,0.00025,METAL|P,,,,,False,,,,,,,,False,,,,,False,611887.5,0.0,0.01223775,35000000.0,13597.5,2574,False,iv_extreme_overlay,,,,,,0.2909859154519112,0.8201970443349754,812.0,44.0,t4_p90_pullback_3d_lag1_ivpct_lt95_trend15,2025-10-27,0.3025392513795233,0.3033261541974182,0.3061265087056789,0.3193004312751462,0.8631319358816276,0.8641975308641975,0.8739184177997528,0.9084158415841584,,0.9084158415841584,0.9,0.04,0.00025,,,iv_pullback_sidecar,iv_extreme_pullback,higher_iv_pressure,1.0,,,,,,,,,,,,,,,,,,,,,,,0.1064922480620154,,,
2025-10-27,AU,SHFE,SHFE.au2512C1112,C,2025-11-24,28,,0.0330539757136027,1940,1710,1.18,1112.0,915.54,C,higher_iv_pressure,0.2909478172099966,0.3964096902995878,0.3964096902995878,0.2909478172099966,0.1054618730895912,10,10,1.0,11799.999999999998,12500.0,0.00025,METAL|C,,,,,False,,,,,,,,False,,,,,False,744232.0000000001,0.0,0.01488464,35000000.0,74423.20000000001,470,False,iv_extreme_overlay,,,,,,0.219079244048512,0.9373776908023485,1533.0,24.0,t4_p90_pullback_3d_lag1_ivpct_lt95_trend15,2025-10-27,0.2222413182310584,0.2339970910807053,0.2427718336470259,0.244035847770816,0.945822454308094,0.9640757674722404,0.9758169934640524,0.9771092217135384,,0.9771092217135384,0.9,0.04,0.00025,,,iv_pullback_sidecar,iv_extreme_pullback,higher_iv_pressure,1.0,,,,,,,,,,,,,,,,,,,,,,,,,,
2025-10-27,C,DCE,DCE.c2601-C-2280,C,2025-12-16,50,,0.0731646333095104,2791,1051,3.5,2280.0,2112.0,C,l4_diff02_delta04_l3eff015,0.1236513571952842,0.1672687283084265,0.1672687283084265,0.1236513571952842,0.0436173711131423,2142,2142,1.0,74970.0,75000.0,0.0015,AGRI|C,,,,,False,,,,,,,,False,0.45,0.00075,0.0,,False,2799594.0000000005,0.0,0.05599188,35000000.0,1307.0000000000002,26778,False,monthly,0.0,,,,,,,,,,,,,,,,,,,,,,,,,,,,,,,,,,,,,,,,,,,,,,,,,,,,,,,
2025-10-27,CS,DCE,DCE.cs2601-C-3000,C,2025-12-16,50,,0.0128270376393808,3453,789,1.0,3000.0,2413.0,C,l4_diff02_delta04_l3eff015,,0.2582397187073842,0.2582397187073842,,,5000,5000,1.0,50000.0,50000.0,0.001,AGRI|C,,,,,False,,,,,,,,False,0.45,0.00075,0.0,,False,6082500.0,0.0,0.12165,35000000.0,1216.5,28771,False,monthly,0.0,,,,,,,,,,,,,,,,,,,,,,,,,,,,,,,,,,,,,,,,,,,,,,,,,,,,,,,
2025-10-28,CU,SHFE,SHFE.cu2512P80000,P,2025-11-24,27,,-0.0524909640080555,6508,5635,118.0,80000.0,87920.0,P,l4_diff02_delta04_l3eff015,0.230595456169286,,0.230595456169286,,,84,84,1.0,49560.0,50000.0,0.001,METAL|P,,,,,False,,,,,,,,False,0.45,0.00075,0.0,,False,2079000.0,0.0,0.04158,35000000.0,24750.0,1414,False,monthly,0.0,,,,,,,,,,,,,,,,,,,,,,,,,,,,,,,,,,,,,,,,,,,,,,,,,,,,,,,
2025-10-28,NI,SHFE,SHFE.ni2512C142000,C,2025-11-24,27,,0.0243342317966773,1305,611,86.0,142000.0,120973.92927888996,C,l4_diff02_delta04_l3eff015,0.2057387508843826,0.3000867467342845,0.3000867467342845,0.2057387508843826,0.0943479958499019,872,872,1.0,74992.0,75000.0,0.0015,METAL|C,,,,,False,,,,,,,,False,0.45,0.00075,0.0,,False,5349455.3165596025,0.0,0.106989106331192,35000000.0,6134.696463944499,5705,False,monthly,0.0,,,,,,,,,,,,,,,,,,,,,,,,,,,,,,,,,,,,,,,,,,,,,,,,,,,,,,,
2025-10-28,ZN,SHFE,SHFE.zn2512C24000,C,2025-11-24,27,,0.0729164963486915,1124,1028,33.0,24000.0,22420.0,C,l4_diff02_delta04_l3eff015,,0.1695607755331984,0.1695607755331984,,,303,303,1.0,49995.0,50000.0,0.001,METAL|C,,,,,False,,,,,,,,False,0.45,0.00075,0.0,,False,2249775.0,0.0,0.0449955,35000000.0,7425.0,4713,False,monthly,0.0,,,,,,,,,,,,,,,,,,,,,,,,,,,,,,,,,,,,,,,,,,,,,,,,,,,,,,,
2025-11-01,CU,SHFE,SHFE.cu2512P78000,P,2025-11-24,23,,-0.0279159949108263,1745,41,56.0,78000.0,87130.0,P,term_structure_t1_high_iv_pressure,,,,,,44,44,1.0,12320.0,12500.0,0.00025,METAL|P,,,,,False,,,,,,,,False,,,,,False,970750.0,0.0,0.019415,35000000.0,22062.5,1586,False,iv_extreme_overlay,,,,,,,,,,t3_p95_term_2d_repair_t1_no_trend_conflict_cluster_cap2,,,,,,,,,,overlay3_term_structure_cluster_cap2,0.9628893306825712,,,,,,term_structure_sidecar,term_structure_repair,term_structure_t1_high_iv_pressure,3.0,P,,,,,,,,,,,,,0.0026811189216098,0.0092648407293032,0.026509971126878,0.1848974252574411,0.1822163063358312,0.2092068870613746,0.1999420463320714,0.2432183625753956,0.2167083914485175,0.0498135001804838,P,False,
2025-11-10,AP,CZCE,CZCE.AP601P7800,P,2025-11-26,16,,-0.0225962754012935,1143,212,6.5,7800.0,9159.0,P,risk_reversal_lag1_positive_sell_call_else_sell_put,,,,,,192,192,1.0,12480.0,12500.0,0.00025,AGRI|P,,,,,False,,,,,,,,False,,,,,False,891744.0,0.0,0.01783488,35000000.0,4644.5,7535,False,iv_extreme_overlay,,,,,,,,,,t3_p95_rr_2d_repair_same_sign,,,,,,,,,,overlay2_risk_reversal_same_sign,0.9750778816199376,,,,,,risk_reversal_sidecar,risk_reversal_repair,risk_reversal_lag1_positive_sell_call_else_sell_put,2.0,P,-0.0820001402655337,-0.0873195701166521,-0.1000061843116843,0.0820001402655337,0.0873195701166521,0.1000061843116843,0.3091324427409921,0.2271323024754584,0.3192185797054641,0.231899009588812,0.3196589609339364,0.2196527766222521,,,,,,,,,,,,,
2025-11-13,MA,CZCE,CZCE.MA601C2325,C,2025-12-11,28,,0.0667927168049759,4938,1156,4.0,2325.0,2099.0,C,l4_diff02_delta04_l3eff015,0.2140145848297609,0.3008039802379401,0.3008039802379401,0.2140145848297609,0.0867893954081791,1250,1250,1.0,50000.0,50000.0,0.001,CHEM|C,,,,,False,,,,,,,,False,0.45,0.00075,0.0,,False,1361875.0,0.0,0.0272375,35000000.0,1089.5,32124,False,monthly,0.0,,,,,,,,,,,,,,,,,,,,,,,,,,,,,,,,,,,,,,,,,,,,,,,,,,,,,,,
2025-11-13,TA,CZCE,CZCE.TA601C5200,C,2025-12-11,28,,0.071171391745122,4899,3241,9.5,5200.0,4714.0,C,l4_diff02_delta04_l3eff015,0.2184522989064523,0.2685621045258344,0.2685621045258344,0.2184522989064523,0.050109805619382,1052,1052,1.0,49970.0,50000.0,0.001,CHEM|C,,,,,False,,,,,,,,False,0.45,0.00075,0.0,,False,1289752.0,0.0,0.02579504,35000000.0,1226.0,28548,False,monthly,0.0,,,,,,,,,,,,,,,,,,,,,,,,,,,,,,,,,,,,,,,,,,,,,,,,,,,,,,,
2025-11-19,I,DCE,DCE.i2601-P-720,P,2025-12-16,27,,-0.0734535521504314,7810,1870,1.7,720.0,788.5,P,l4_diff02_delta04_l3eff015,0.2943372203178043,0.2403971577517318,0.2943372203178043,0.2403971577517318,0.0539400625660724,441,441,1.0,74970.0,75000.0,0.0015,FERROUS|P,,,,,False,,,,,,,,False,0.45,0.00075,0.0,,False,2389558.5,0.0,0.04779117,35000000.0,5418.5,6459,False,monthly,0.0,,,,,,,,,,,,,,,,,,,,,,,,,,,,,,,,,,,,,,,,,,,,,,,,,,,,,,,
2025-11-20,MA,CZCE,CZCE.MA601C2350,C,2025-12-11,21,,0.0260445900567348,17801,980,1.5,2350.0,2017.0,C,risk_reversal_lag1_positive_sell_call_else_sell_put,,,,,,833,833,1.0,12495.0,12500.0,0.00025,CHEM|C,,,,,False,,,,,,,,False,,,,,False,852575.5000000001,0.0,0.01705151,35000000.0,1023.5,34196,False,iv_extreme_overlay,,,,,,,,,,t3_p95_rr_2d_repair_same_sign,,,,,,,,,,overlay2_risk_reversal_same_sign,0.985058697972252,,,,,,risk_reversal_sidecar,risk_reversal_repair,risk_reversal_lag1_positive_sell_call_else_sell_put,2.0,C,0.0906583595584276,0.1078513054168381,0.1141133798502551,0.0906583595584276,0.1078513054168381,0.1141133798502551,0.2160444610761658,0.3067028206345935,0.1989778690717105,0.3068291744885487,0.1912518829948384,0.3053652628450936,,,,,,,,,,,,,
2025-11-24,SI,GFEX,GFEX.si2601-C-10600,C,2025-12-05,11,,0.0276848703745977,2213,530,8.0,10600.0,8940.0,C,risk_reversal_lag1_positive_sell_call_else_sell_put,,,,,,312,312,1.0,12480.0,12500.0,0.00025,METAL|C,,,,,False,,,,,,,,False,,,,,False,709800.0,0.0,0.014196,35000000.0,2275.0,15384,False,iv_extreme_overlay,,,,,,,,,,t3_p95_rr_2d_repair_same_sign,,,,,,,,,,overlay2_risk_reversal_same_sign,0.9913793103448276,,,,,,risk_reversal_sidecar,risk_reversal_repair,risk_reversal_lag1_positive_sell_call_else_sell_put,2.0,C,0.13730791914762,0.150890062117995,0.2189387515098453,0.13730791914762,0.150890062117995,0.2189387515098453,0.2550119156962207,0.3923198348438408,0.2750051004818338,0.4258951625998288,0.2799378637906092,0.4988766153004546,,,,,,,,,,,,,
2025-11-25,NI,SHFE,SHFE.ni2601P100000,P,2025-12-25,30,,-0.0176586397795908,1002,1250,60.0,100000.0,117460.65954325804,P,l4_diff02_delta04_l3eff015,0.2753595979857345,0.2242050814149195,0.2753595979857345,0.2242050814149195,0.051154516570815,1250,1250,1.0,75000.0,75000.0,0.0015,METAL|P,,,,,False,,,,,,,,False,0.45,0.00075,0.0,,False,7416291.221453628,0.0,0.1483258244290725,35000000.0,5933.032977162902,5899,False,monthly,0.0,,,,,,,,,,,,,,,,,,,,,,,,,,,,,,,,,,,,,,,,,,,,,,,,,,,,,,,
2025-11-27,SA,CZCE,CZCE.SA601C1400,C,2025-12-11,14,,0.0273090576054297,52755,24821,1.0,1400.0,1190.0,C,risk_reversal_lag1_positive_sell_call_else_sell_put,,,,,,625,625,1.0,12500.0,12500.0,0.00025,CHEM|C,,,,,False,,,,,,,,False,,,,,False,756250.0,0.0,0.015125,35000000.0,1210.0,28925,False,iv_extreme_overlay,,,,,,,,,,t3_p95_rr_2d_repair_same_sign,,,,,,,,,,overlay2_risk_reversal_same_sign,0.9585635359116024,,,,,,risk_reversal_sidecar,risk_reversal_repair,risk_reversal_lag1_positive_sell_call_else_sell_put,2.0,C,0.1391004458633833,0.1397578062425863,0.159478368739578,0.1391004458633833,0.1397578062425863,0.159478368739578,0.2400105099984056,0.3791109558617889,0.227135462228681,0.3668932684712674,0.2516316897525454,0.4111100584921234,,,,,,,,,,,,,
2025-12-01,CS,DCE,DCE.cs2601-C-2700,C,2025-12-16,15,,0.0203034502520878,3075,1843,0.5,2700.0,2557.0,C,higher_iv_pressure,0.191536057292197,0.2293034761029391,0.2293034761029391,0.191536057292197,0.0377674188107421,2500,2500,1.0,12500.0,12500.0,0.00025,AGRI|C,,,,,False,,,,,,,,False,,,,,False,4617500.000000001,0.0,0.09235,35000000.0,1847.0,18949,False,iv_extreme_overlay,,,,,,0.1097019513567186,0.7068965517241379,290.0,20.0,t4_p90_pullback_3d_lag1_ivpct_lt95_trend15,2025-12-01,0.1087847191302804,0.1189277797119791,0.1237483074377929,0.1365090689829471,0.6920415224913494,0.8680555555555556,0.9372822299651568,0.9965034965034965,,0.9965034965034965,0.9,0.04,0.00025,,,iv_pullback_sidecar,iv_extreme_pullback,higher_iv_pressure,1.0,,,,,,,,,,,,,,,,,,,,,,,-0.0280728376327769,,,
2025-12-01,ZN,SHFE,SHFE.zn2601P21600,P,2025-12-25,24,,-0.0576919250616911,1132,507,18.0,21600.0,22695.0,P,l4_diff02_delta04_l3eff015,0.1237865432183067,,0.1237865432183067,,,555,555,1.0,49950.0,50000.0,0.001,METAL|P,,,,,False,,,,,,,,False,0.45,0.00075,0.0,,False,4828500.0,0.0,0.09657,35000000.0,8700.0,4022,False,monthly,0.0,,,,,,,,,,,,,,,,,,,,,,,,,,,,,,,,,,,,,,,,,,,,,,,,,,,,,,,
2025-12-04,AO,SHFE,SHFE.ao2601C3050,C,2025-12-25,21,,0.0255272327845728,3385,710,2.0,3050.0,2590.0,C,risk_reversal_lag1_positive_sell_call_else_sell_put,,,,,,312,312,1.0,12480.0,12500.0,0.00025,OTHER|C,,,,,False,,,,,,,,False,,,,,False,820560.0,0.0,0.0164112,35000000.0,2630.0,13307,False,iv_extreme_overlay,,,,,,,,,,t3_p95_rr_2d_repair_same_sign,,,,,,,,,,overlay2_risk_reversal_same_sign,0.9571984435797666,,,,,,risk_reversal_sidecar,risk_reversal_repair,risk_reversal_lag1_positive_sell_call_else_sell_put,2.0,C,0.1380612986445231,0.1403260293879213,0.1666039780779742,0.1380612986445231,0.1403260293879213,0.1666039780779742,0.169060864874418,0.3071221635189411,0.1813744718945246,0.321700501282446,0.1673513630068692,0.3339553410848435,,,,,,,,,,,,,
2025-12-06,AU,SHFE,SHFE.au2601C1168,C,2025-12-25,19,,0.0164603724062316,1893,164,0.5,1168.0,957.78,C,risk_reversal_lag1_positive_sell_call_else_sell_put,,,,,,25,25,1.0,12500.0,12500.0,0.00025,METAL|C,,,,,False,,,,,,,,False,,,,,False,1928060.0,0.0,0.0385612,35000000.0,77122.4,453,False,iv_extreme_overlay,,,,,,,,,,t3_p95_rr_2d_repair_same_sign,,,,,,,,,,overlay2_risk_reversal_same_sign,0.9801980198019802,,,,,,risk_reversal_sidecar,risk_reversal_repair,risk_reversal_lag1_positive_sell_call_else_sell_put,2.0,C,0.0805028585355566,0.0867904060258011,0.0960579917055474,0.0805028585355566,0.0867904060258011,0.0960579917055474,0.2057027145770396,0.2862055731125963,0.2135867781731074,0.3003771841989086,0.2189929762295592,0.3150509679351066,,,,,,,,,,,,,
2025-12-08,CU,SHFE,SHFE.cu2601P84000,P,2025-12-25,17,,-0.026162452196461,8949,3865,46.0,84000.0,92310.0,P,term_structure_t1_high_iv_pressure,,,,,,54,54,1.0,12420.0,12500.0,0.00025,METAL|P,,,,,False,,,,,,,,False,,,,,False,1382940.0,0.0,0.0276588,35000000.0,25610.0,1366,False,iv_extreme_overlay,,,,,,,,,,t3_p95_term_2d_repair_t1_no_trend_conflict_cluster_cap2,,,,,,,,,,overlay3_term_structure_cluster_cap2,0.9623376623376624,,,,,,term_structure_sidecar,term_structure_repair,term_structure_t1_high_iv_pressure,3.0,P,,,,,,,,,,,,,0.010299030016085,0.0152179227726908,0.0263312541134217,0.1936270730677881,0.183328043051703,0.2049939523865414,0.1897760296138506,0.2086454780160211,0.1823142239025994,0.056133531496513,P,False,
2025-12-09,SN,SHFE,SHFE.sn2601C360000,C,2025-12-25,16,,0.0313859097339999,1293,2657,274.0,360000.0,313227.71147385234,C,higher_iv_pressure,,0.3503919397288634,0.3503919397288634,,,45,45,1.0,12330.0,12500.0,0.00025,METAL|C,,,,,False,,,,,,,,False,,,,,False,928521.056061018,0.0,0.0185704211212203,35000000.0,20633.8012458004,1696,False,iv_extreme_overlay,,,,,,0.212504080631546,0.7060439560439561,364.0,36.0,t4_p90_pullback_3d_lag1_ivpct_lt95_trend15,2025-12-09,0.2333472405699251,0.2468986104647748,0.2471385308846213,0.2621803539943044,0.8512396694214877,0.919889502762431,0.922437673130194,0.9583333333333334,,0.9583333333333334,0.9,0.04,0.00025,,,iv_pullback_sidecar,iv_extreme_pullback,higher_iv_pressure,1.0,,,,,,,,,,,,,,,,,,,,,,,0.088419321436532,,,
2025-12-12,PK,CZCE,CZCE.PK603P7500,P,2026-02-11,61,,-0.060489606331821,1374,467,10.5,7500.0,8080.0,P,l4_diff02_delta04_l3eff015,0.123364218114677,,0.123364218114677,,,952,952,1.0,49980.0,50000.0,0.001,AGRI|P,,,,,False,,,,,,,,False,0.45,0.00075,0.0,,False,2515660.0,0.0,0.0503132,35000000.0,2642.5,13245,False,monthly,0.0,,,,,,,,,,,,,,,,,,,,,,,,,,,,,,,,,,,,,,,,,,,,,,,,,,,,,,,
2025-12-17,C,DCE,DCE.c2603-C-2380,C,2026-02-25,70,,0.0779635069763426,1374,476,4.0,2380.0,2206.0,C,l4_diff02_delta04_l3eff015,0.0911142130050328,0.1333846383103637,0.1333846383103637,0.0911142130050328,0.0422704253053309,1875,1875,1.0,75000.0,75000.0,0.0015,AGRI|C,,,,,False,,,,,,,,False,0.45,0.00075,0.0,,False,2580000.0000000005,0.0,0.0516,35000000.0,1376.0000000000002,25436,False,monthly,0.0,,,,,,,,,,,,,,,,,,,,,,,,,,,,,,,,,,,,,,,,,,,,,,,,,,,,,,,
2025-12-17,I,DCE,DCE.i2602-P-710,P,2026-01-20,34,,-0.0350719029427919,1012,521,0.7,710.0,793.0,P,l4_diff02_delta04_l3eff015,0.2190485578508018,0.2040750808498033,0.2190485578508018,0.2040750808498033,0.0149734770009984,714,714,1.0,49979.99999999999,50000.0,0.001,FERROUS|P,,,,,False,,,,,,,,False,0.45,0.00075,0.0,,False,3315102.0000000005,0.0,0.06630204,35000000.0,4643.000000000001,7538,False,monthly,0.0,,,,,,,,,,,,,,,,,,,,,,,,,,,,,,,,,,,,,,,,,,,,,,,,,,,,,,,
2025-12-26,SH,CZCE,CZCE.SH602C2640,C,2026-01-13,18,,0.0263198863840343,1687,1866,2.0,2640.0,2190.0,C,risk_reversal_lag1_positive_sell_call_else_sell_put,,,,,,208,208,1.0,12480.0,12500.0,0.00025,CHEM|C,,,,,False,,,,,,,,False,,,,,False,695760.0,0.0,0.0139152,35000000.0,3345.0,10463,False,iv_extreme_overlay,,,,,,,,,,t3_p95_rr_2d_repair_same_sign,,,,,,,,,,overlay2_risk_reversal_same_sign,0.9853372434017597,,,,,,risk_reversal_sidecar,risk_reversal_repair,risk_reversal_lag1_positive_sell_call_else_sell_put,2.0,C,0.1402967021798258,0.1458740421139721,0.1513293657138774,0.1402967021798258,0.1458740421139721,0.1513293657138774,0.223696479518294,0.3639931816981198,0.2361292845351001,0.3820033266490723,0.230861212759066,0.3821905784729434,,,,,,,,,,,,,
2025-12-26,NI,SHFE,SHFE.ni2602P100000,P,2026-01-26,31,,-0.0150604094811417,1376,825,88.0,100000.0,129371.78556198336,P,l4_diff02_delta04_l3eff015,0.4194429823665861,,0.4194429823665861,,,852,852,1.0,74976.0,75000.0,0.0015,METAL|P,,,,,False,,,,,,,,False,0.45,0.00075,0.0,,False,5586214.064940491,0.0,0.1117242812988098,35000000.0,6556.589278099168,5338,False,monthly,0.0,,,,,,,,,,,,,,,,,,,,,,,,,,,,,,,,,,,,,,,,,,,,,,,,,,,,,,,
2025-12-29,NI,SHFE,SHFE.ni2602P100000,P,2026-01-26,28,,-0.0185113292016359,1390,2113,104.0,100000.0,126781.84958825276,P,term_structure_t1_high_iv_pressure,,,,,,120,120,1.0,12480.0,12500.0,0.00025,METAL|P,,,,,False,,,,,,,,False,,,,,False,773171.0975295167,0.0,0.0154634219505903,35000000.0,6443.092479412639,5432,False,iv_extreme_overlay,,,,,,,,,,t3_p95_term_2d_repair_t1_no_trend_conflict_cluster_cap2,,,,,,,,,,overlay3_term_structure_cluster_cap2,0.9861111111111112,,,,,,term_structure_sidecar,term_structure_repair,term_structure_t1_high_iv_pressure,3.0,P,,,,,,,,,,,,,0.0372877088240842,0.0480206144600511,0.0519646977030543,0.3962242816303624,0.3589365728062781,0.4145448878134174,0.3665242733533662,0.3687399656208384,0.3167752679177841,0.0869859483904156,P,False,
2026-01-05,EB,DCE,DCE.eb2602-C-7800,C,2026-01-20,15,,0.0275831558070223,1293,768,5.0,7800.0,6783.0,C,risk_reversal_lag1_positive_sell_call_else_sell_put,,,,,,500,500,1.0,12500.0,12500.0,0.00025,CHEM|C,,,,,False,,,,,,,,False,,,,,False,2132750.0000000005,0.0,0.042655,35000000.0,4265.500000000001,8205,False,iv_extreme_overlay,,,,,,,,,,t3_p95_rr_2d_repair_same_sign,,,,,,,,,,overlay2_risk_reversal_same_sign,0.9887892376681614,,,,,,risk_reversal_sidecar,risk_reversal_repair,risk_reversal_lag1_positive_sell_call_else_sell_put,2.0,C,0.088628975118132,0.1056900058364098,0.120238432464491,0.088628975118132,0.1056900058364098,0.120238432464491,0.2153749939755558,0.3040039690936879,0.228033957097383,0.3337239629337928,0.2295691553153186,0.3498075877798097,,,,,,,,,,,,,
2026-01-09,PP,DCE,DCE.pp2602-C-7000,C,2026-01-20,11,,0.0261272110660512,2773,1167,3.0,7000.0,6367.0,C,risk_reversal_lag1_positive_sell_call_else_sell_put,,,,,,833,833,1.0,12495.0,12500.0,0.00025,CHEM|C,,,,,False,,,,,,,,False,,,,,False,940644.4250000002,0.0,0.0188128885,35000000.0,1129.225,30994,False,iv_extreme_overlay,,,,,,,,,,t3_p95_rr_2d_repair_same_sign,,,,,,,,,,overlay2_risk_reversal_same_sign,0.9832985386221296,,,,,,risk_reversal_sidecar,risk_reversal_repair,risk_reversal_lag1_positive_sell_call_else_sell_put,2.0,C,0.076087362219353,0.0907650287114736,0.1127789156210195,0.076087362219353,0.0907650287114736,0.1127789156210195,0.1716086158661374,0.2476959780854905,0.1651029354558799,0.2558679641673535,0.1516648433947658,0.2644437590157853,,,,,,,,,,,,,
2026-01-14,MA,CZCE,CZCE.MA603P2075,P,2026-02-11,28,,-0.0622536058804843,2652,3582,4.5,2075.0,2306.0,P,l4_diff02_delta04_l3eff015,0.2581967265647578,,0.2581967265647578,,,1111,1111,1.0,49995.0,50000.0,0.001,CHEM|P,,,,,False,,,,,,,,False,0.45,0.00075,0.0,,False,1330978.0,0.0,0.02661956,35000000.0,1198.0,29215,False,monthly,0.0,,,,,,,,,,,,,,,,,,,,,,,,,,,,,,,,,,,,,,,,,,,,,,,,,,,,,,,
2026-01-14,TA,CZCE,CZCE.TA603P4700,P,2026-02-11,28,,-0.0782694055241576,3220,2246,12.0,4700.0,5138.0,P,l4_diff02_delta04_l3eff015,0.2418510398273564,,0.2418510398273564,,,833,833,1.0,49980.0,50000.0,0.001,CHEM|P,,,,,False,,,,,,,,False,0.45,0.00075,0.0,,False,1277822.0000000005,0.0,0.02555644,35000000.0,1534.0000000000005,22816,False,monthly,0.0,,,,,,,,,,,,,,,,,,,,,,,,,,,,,,,,,,,,,,,,,,,,,,,,,,,,,,,
2026-01-15,AU,SHFE,SHFE.au2602C1208,C,2026-01-26,11,,0.0203314756194945,6695,3873,0.56,1208.0,1035.12,C,risk_reversal_lag1_positive_sell_call_else_sell_put,,,,,,22,22,1.0,12320.0,12500.0,0.00025,METAL|C,,,,,False,,,,,,,,False,,,,,False,1834131.2,0.0,0.036682624,35000000.0,83369.59999999999,419,False,iv_extreme_overlay,,,,,,,,,,t3_p95_rr_2d_repair_same_sign,,,,,,,,,,overlay2_risk_reversal_same_sign,0.9947089947089948,,,,,,risk_reversal_sidecar,risk_reversal_repair,risk_reversal_lag1_positive_sell_call_else_sell_put,2.0,C,0.0739514879137651,0.1126648635478109,0.1216517801626718,0.0739514879137651,0.1126648635478109,0.1216517801626718,0.2737974356051094,0.3477489235188745,0.2561611732315537,0.3688260367793646,0.266485823429044,0.3881376035917159,,,,,,,,,,,,,
2026-01-15,CF,CZCE,CZCE.CF603P13400,P,2026-02-11,27,,-0.022837907698854,3295,1376,6.0,13400.0,14705.0,P,term_structure_t1_high_iv_pressure,,,,,,416,416,1.0,12480.0,12500.0,0.00025,SOFT|P,,,,,False,,,,,,,,False,,,,,False,1713920.0,0.0,0.0342784,35000000.0,4120.0,8495,False,iv_extreme_overlay,,,,,,,,,,t3_p95_term_2d_repair_t1_no_trend_conflict_cluster_cap2,,,,,,,,,,overlay3_term_structure_cluster_cap2,0.9793388429752066,,,,,,term_structure_sidecar,term_structure_repair,term_structure_t1_high_iv_pressure,3.0,P,,,,,,,,,,,,,0.0189548383918746,0.0241275443350175,0.0517097809026592,0.1690920967142963,0.1501372583224217,0.1747296410289935,0.150602096693976,0.1336617318755471,0.0819519509728879,0.1025736665423349,P,False,
2026-01-16,PX,CZCE,CZCE.PX603C8100,C,2026-01-28,12,,0.0216815186355074,1059,968,3.5,8100.0,7127.751546416462,C,risk_reversal_lag1_positive_sell_call_else_sell_put,,,,,,714,714,1.0,12495.0,12500.0,0.00025,CHEM|C,,,,,False,,,,,,,,False,,,,,False,2093942.463459399,0.0,0.0418788492691879,35000000.0,2932.6925258535,11934,False,iv_extreme_overlay,,,,,,,,,,t3_p95_rr_2d_repair_same_sign,,,,,,,,,,overlay2_risk_reversal_same_sign,0.956896551724138,,,,,,risk_reversal_sidecar,risk_reversal_repair,risk_reversal_lag1_positive_sell_call_else_sell_put,2.0,C,0.0946183481183206,0.127507954018402,0.140843437245305,0.0946183481183206,0.127507954018402,0.140843437245305,0.2544011146502027,0.3490194627685233,0.2492465579092802,0.3767545119276822,0.2601964145560207,0.4010398518013257,,,,,,,,,,,,,
2026-01-16,CU,SHFE,SHFE.cu2602C116000,C,2026-01-26,10,,0.0246128170512065,10798,16012,68.0,116000.0,99740.0,C,risk_reversal_lag1_positive_sell_call_else_sell_put,,,,,,36,36,1.0,12240.0,12500.0,0.00025,METAL|C,,,,,False,,,,,,,,False,,,,,False,909900.0,0.0,0.018198,35000000.0,25275.0,1384,False,iv_extreme_overlay,,,,,,,,,,t3_p95_rr_2d_repair_same_sign,,,,,,,,,,overlay2_risk_reversal_same_sign,0.9866666666666668,,,,,,risk_reversal_sidecar,risk_reversal_repair,risk_reversal_lag1_positive_sell_call_else_sell_put,2.0,C,0.082266910947457,0.1094350859331192,0.1276331647098012,0.082266910947457,0.1094350859331192,0.1276331647098012,0.3205622573764064,0.4028291683238635,0.324748073352025,0.4341831592851443,0.3158914118116676,0.4435245765214688,,,,,,,,,,,,,
2026-01-19,SA,CZCE,CZCE.SA603C1440,C,2026-02-11,23,,0.0298532941449225,1174,218,1.5,1440.0,1145.0,C,risk_reversal_lag1_positive_sell_call_else_sell_put,,,,,,416,416,1.0,12480.0,12500.0,0.00025,CHEM|C,,,,,False,,,,,,,,False,,,,,False,488800.0,0.0,0.009776,35000000.0,1175.0,29787,False,iv_extreme_overlay,,,,,,,,,,t3_p95_rr_2d_repair_same_sign,,,,,,,,,,overlay2_risk_reversal_same_sign,0.9583333333333334,,,,,,risk_reversal_sidecar,risk_reversal_repair,risk_reversal_lag1_positive_sell_call_else_sell_put,2.0,C,0.1365173459081914,0.1542826516732089,0.1565278566054574,0.1365173459081914,0.1542826516732089,0.1565278566054574,0.2777577267001165,0.414275072608308,0.2682172774195487,0.4224999290927576,0.273702324100038,0.4302301807054954,,,,,,,,,,,,,
2026-01-20,PF,CZCE,CZCE.PF603P6000,P,2026-02-11,22,,-0.030905278615065,1132,546,3.5,6000.0,6508.0,P,higher_iv_pressure,0.2206594659611077,,0.2206594659611077,,,714,714,1.0,12495.0,12500.0,0.00025,CHEM|P,,,,,False,,,,,,,,False,,,,,False,1429071.0000000002,0.0,0.02858142,35000000.0,2001.5000000000005,17486,False,iv_extreme_overlay,,,,,,0.1705745826806083,0.836996336996337,546.0,33.0,t4_p90_pullback_3d_lag1_ivpct_lt95_trend15,2026-01-20,0.1656707536308924,0.1704513960678861,0.179685180304222,0.1930668370335408,0.8091743119266055,0.8363970588235294,0.8784530386740331,0.9354243542435424,,0.9354243542435424,0.9,0.04,0.00025,,,iv_pullback_sidecar,iv_extreme_pullback,higher_iv_pressure,1.0,,,,,,,,,,,,,,,,,,,,,,,0.0279383429672446,,,
2026-01-20,SH,CZCE,CZCE.SH603C2440,C,2026-02-11,22,,0.0298371369488544,1641,470,2.5,2440.0,1950.0,C,risk_reversal_lag1_positive_sell_call_else_sell_put,,,,,,166,166,1.0,12450.0,12500.0,0.00025,CHEM|C,,,,,False,,,,,,,,False,,,,,False,498000.0,0.0,0.00996,35000000.0,3000.0,11666,False,iv_extreme_overlay,,,,,,,,,,t3_p95_rr_2d_repair_same_sign,,,,,,,,,,overlay2_risk_reversal_same_sign,0.9771428571428572,,,,,,risk_reversal_sidecar,risk_reversal_repair,risk_reversal_lag1_positive_sell_call_else_sell_put,2.0,C,0.1601093732529387,0.1632065008480686,0.1679742851904915,0.1601093732529387,0.1632065008480686,0.1679742851904915,0.2825795326952773,0.4426889059482161,0.3070578363901083,0.4702643372381769,0.2948127560444303,0.4627870412349218,,,,,,,,,,,,,
2026-01-20,OI,CZCE,CZCE.OI603C11200,C,2026-02-11,22,,0.0101611830752242,2936,950,2.5,11200.0,9270.0,C,term_structure_t1_high_iv_pressure,,,,,,500,500,1.0,12500.0,12500.0,0.00025,AGRI|C,,,,,False,,,,,,,,False,,,,,False,2330000.0,0.0,0.0466,35000000.0,4660.0,7510,False,iv_extreme_overlay,,,,,,,,,,t3_p95_term_2d_repair_t1_no_trend_conflict_cluster_cap2,,,,,,,,,,overlay3_term_structure_cluster_cap2,0.9766666666666668,,,,,,term_structure_sidecar,term_structure_repair,term_structure_t1_high_iv_pressure,3.0,C,,,,,,,,,,,,,0.0156527625041395,0.0173271394800398,0.0403555143979604,0.1796769654236475,0.1640242029195079,0.1819586534476464,0.1646315139676066,0.2221271401929141,0.1817716257949537,-0.0718292927269084,C,False,
2026-01-21,I,DCE,DCE.i2603-C-920,C,2026-02-25,35,,0.0277731332184644,2102,203,0.6,920.0,799.0,C,l4_diff02_delta04_l3eff015,0.2043684630856141,0.2226598745044088,0.2226598745044088,0.2043684630856141,0.0182914114187947,625,625,1.0,37500.0,37500.0,0.00075,FERROUS|C,,,,,False,,,,,,,,False,0.45,0.00075,0.0,,False,2784062.5,0.0,0.05568125,35000000.0,4454.5,7857,False,monthly,0.0,,,,,,,,,,,,,,,,,,,,,,,,,,,,,,,,,,,,,,,,,,,,,,,,,,,,,,,
2026-01-27,PP,DCE,DCE.pp2603-C-8000,C,2026-02-25,29,,0.0246220126660466,2766,2398,5.5,8000.0,6650.0,C,risk_reversal_lag1_positive_sell_call_else_sell_put,,,,,,454,454,1.0,12485.0,12500.0,0.00025,CHEM|C,,,,,False,,,,,,,,False,,,,,False,540827.5000000001,0.0,0.01081655,35000000.0,1191.2500000000002,29380,False,iv_extreme_overlay,,,,,,,,,,t3_p95_rr_2d_repair_same_sign,,,,,,,,,,overlay2_risk_reversal_same_sign,0.9699170124481328,,,,,,risk_reversal_sidecar,risk_reversal_repair,risk_reversal_lag1_positive_sell_call_else_sell_put,2.0,C,0.0716774840209893,0.0935446914053969,0.0975926376268741,0.0716774840209893,0.0935446914053969,0.0975926376268741,0.1659890779686194,0.2376665619896087,0.1587863490655979,0.2523310404709948,0.1412251378859141,0.2388177755127882,,,,,,,,,,,,,
2026-01-27,NI,SHFE,SHFE.ni2603P120000,P,2026-02-13,17,,-0.0287350387585737,3292,3683,160.0,120000.0,143664.3339041246,P,term_structure_t1_high_iv_pressure,,,,,,78,78,1.0,12480.0,12500.0,0.00025,METAL|P,,,,,False,,,,,,,,False,,,,,False,572770.9022260859,0.0,0.0114554180445217,35000000.0,7343.21669520623,4766,False,iv_extreme_overlay,,,,,,,,,,t3_p95_term_2d_repair_t1_no_trend_conflict_cluster_cap2,,,,,,,,,,overlay3_term_structure_cluster_cap2,1.0,,,,,,term_structure_sidecar,term_structure_repair,term_structure_t1_high_iv_pressure,3.0,P,,,,,,,,,,,,,0.0233738418274146,0.0989615954893374,0.1150673124260207,0.5078349525720005,0.4844611107445858,0.5698018097174042,0.4708402142280667,0.5816523561893585,0.4665850437633377,0.0946172612644287,P,False,
2026-01-27,SN,SHFE,SHFE.sn2603P315000,P,2026-02-13,17,,-0.0165329201037524,1472,919,444.0,315000.0,438731.16266848886,P,term_structure_t1_high_iv_pressure,,,,,,28,28,1.0,12432.0,12500.0,0.00025,METAL|P,,,,,False,,,,,,,,False,,,,,False,810922.7160566498,0.0,0.0162184543211329,35000000.0,28961.525573451778,1208,False,iv_extreme_overlay,,,,,,,,,,t3_p95_term_2d_repair_t1_no_trend_conflict_cluster_cap2,,,,,,,,,,overlay3_term_structure_cluster_cap2,1.0,,,,,,term_structure_sidecar,term_structure_repair,term_structure_t1_high_iv_pressure,3.0,P,,,,,,,,,,,,,0.1651781157940187,0.1728474940989277,0.1886947690719666,0.6608558905767274,0.4956777747827087,0.6642278251204681,0.4913803310215404,0.6807276793161248,0.4920329102441581,0.3226636953435171,P,False,
2026-01-27,AL,SHFE,SHFE.al2603P22600,P,2026-02-13,17,,-0.0374846332624794,1136,792,15.0,22600.0,24275.0,P,l4_diff02_delta04_l3eff015,0.2215124830611954,,0.2215124830611954,,,666,666,1.0,49950.0,50000.0,0.001,METAL|P,,,,,False,,,,,,,,False,0.45,0.00075,0.0,,False,5344650.0,0.0,0.106893,35000000.0,8025.0,4361,False,monthly,0.0,,,,,,,,,,,,,,,,,,,,,,,,,,,,,,,,,,,,,,,,,,,,,,,,,,,,,,,
2026-01-27,ZN,SHFE,SHFE.zn2603P23000,P,2026-02-13,17,,-0.0265731516141435,1308,555,11.0,23000.0,24965.0,P,l4_diff02_delta04_l3eff015,0.1986875932970505,,0.1986875932970505,,,909,909,1.0,49995.0,50000.0,0.001,METAL|P,,,,,False,,,,,,,,False,0.45,0.00075,0.0,,False,6931125.0,0.0,0.1386225,35000000.0,7625.0,4590,False,monthly,0.0,,,,,,,,,,,,,,,,,,,,,,,,,,,,,,,,,,,,,,,,,,,,,,,,,,,,,,,
2026-01-28,FG,CZCE,CZCE.FG603C1240,C,2026-02-11,14,,0.0246745396727749,1832,1007,1.0,1240.0,986.4342770623506,C,risk_reversal_lag1_positive_sell_call_else_sell_put,,,,,,625,625,1.0,12500.0,12500.0,0.00025,CHEM|C,,,,,False,,,,,,,,False,,,,,False,752325.7077967629,0.0,0.0150465141559352,35000000.0,1203.7211324748207,29076,False,iv_extreme_overlay,,,,,,,,,,t3_p95_rr_2d_repair_same_sign,,,,,,,,,,overlay2_risk_reversal_same_sign,0.9607142857142856,,,,,,risk_reversal_sidecar,risk_reversal_repair,risk_reversal_lag1_positive_sell_call_else_sell_put,2.0,C,0.1787317187992567,0.194824192050586,0.2282183818476781,0.1787317187992567,0.194824192050586,0.2282183818476781,0.2861595481026892,0.4648912669019459,0.2891238770051347,0.4839480690557207,0.2821759632292187,0.5103943450768968,,,,,,,,,,,,,
2026-01-28,V,DCE,DCE.v2603-C-6000,C,2026-02-25,28,,0.022175932181951,23203,8370,4.5,6000.0,4662.0,C,risk_reversal_lag1_positive_sell_call_else_sell_put,,,,,,555,555,1.0,12487.5,12500.0,0.00025,CHEM|C,,,,,False,,,,,,,,False,,,,,False,465284.25000000006,0.0,0.009305685,35000000.0,838.3500000000001,41748,False,iv_extreme_overlay,,,,,,,,,,t3_p95_rr_2d_repair_same_sign,,,,,,,,,,overlay2_risk_reversal_same_sign,0.983419689119171,,,,,,risk_reversal_sidecar,risk_reversal_repair,risk_reversal_lag1_positive_sell_call_else_sell_put,2.0,C,0.1117731084856371,0.1355686170864174,0.1461195000673013,0.1117731084856371,0.1355686170864174,0.1461195000673013,0.179904133456333,0.2916772419419701,0.1827103417559995,0.3182789588424169,0.1925501036066521,0.3386696036739534,,,,,,,,,,,,,
2026-01-30,RM,CZCE,CZCE.RM603C2800,C,2026-02-11,12,,0.0223861160295294,2120,596,1.5,2800.0,2391.0,C,risk_reversal_lag1_positive_sell_call_else_sell_put,,,,,,833,833,1.0,12495.0,12500.0,0.00025,AGRI|C,,,,,False,,,,,,,,False,,,,,False,1008346.5,0.0,0.02016693,35000000.0,1210.5,28913,False,iv_extreme_overlay,,,,,,,,,,t3_p95_rr_2d_repair_same_sign,,,,,,,,,,overlay2_risk_reversal_same_sign,0.9804791481810116,,,,,,risk_reversal_sidecar,risk_reversal_repair,risk_reversal_lag1_positive_sell_call_else_sell_put,2.0,C,0.1021492255994372,0.1032828986422976,0.1297625001889412,0.1021492255994372,0.1032828986422976,0.1297625001889412,0.2488452765917951,0.3509945021912323,0.2088912189751629,0.3121741176174605,0.2013399858629213,0.3311024860518625,,,,,,,,,,,,,
2026-02-03,AL,SHFE,SHFE.al2603C29000,C,2026-02-13,10,,0.0283299251776416,2526,3051,25.0,29000.0,23870.0,C,risk_reversal_lag1_positive_sell_call_else_sell_put,,,,,,100,100,1.0,12500.0,12500.0,0.00025,METAL|C,,,,,False,,,,,,,,False,,,,,False,609250.0,0.0,0.012185,35000000.0,6092.5,5744,False,iv_extreme_overlay,,,,,,,,,,t3_p95_rr_2d_repair_same_sign,,,,,,,,,,overlay2_risk_reversal_same_sign,0.993682310469314,,,,,,risk_reversal_sidecar,risk_reversal_repair,risk_reversal_lag1_positive_sell_call_else_sell_put,2.0,C,0.0097637165874739,0.1393928597328148,0.1519019262597719,0.0097637165874739,0.1393928597328148,0.1519019262597719,0.5101423334954136,0.5199060500828876,0.3155829532095953,0.4549758129424101,0.3084277353134307,0.4603296615732026,,,,,,,,,,,,,
2026-02-03,ZN,SHFE,SHFE.zn2603C29000,C,2026-02-13,10,,0.0272317097620948,1121,1710,20.0,29000.0,24805.0,C,risk_reversal_lag1_positive_sell_call_else_sell_put,,,,,,125,125,1.0,12500.0,12500.0,0.00025,METAL|C,,,,,False,,,,,,,,False,,,,,False,787656.25,0.0,0.015753125,35000000.0,6301.25,5554,False,iv_extreme_overlay,,,,,,,,,,t3_p95_rr_2d_repair_same_sign,,,,,,,,,,overlay2_risk_reversal_same_sign,0.9963898916967509,,,,,,risk_reversal_sidecar,risk_reversal_repair,risk_reversal_lag1_positive_sell_call_else_sell_put,2.0,C,0.0623907322977307,0.1885672822215268,0.2014472777441127,0.0623907322977307,0.1885672822215268,0.2014472777441127,0.4334547305616251,0.4958454628593559,0.2894907826240313,0.4780580648455581,0.2810830001778734,0.4825302779219862,,,,,,,,,,,,,
2026-02-04,PX,CZCE,CZCE.PX604P6500,P,2026-02-25,21,,-0.0216945335408189,1390,1597,3.0,6500.0,7194.59532758568,P,higher_iv_pressure,0.2122735500614209,,0.2122735500614209,,,833,833,1.0,12495.0,12500.0,0.00025,CHEM|P,,,,,False,,,,,,,,False,,,,,False,3060823.661211975,0.0,0.0612164732242394,35000000.0,3674.45817672506,9525,False,iv_extreme_overlay,,,,,,0.2378725396031855,0.905511811023622,508.0,44.0,t4_p90_pullback_3d_lag1_ivpct_lt95_trend15,2026-02-04,0.237443462495134,0.2426439114078366,0.2899362646025307,0.2943876635210056,0.9053254437869822,0.9130434782608696,0.998019801980198,1.0,,1.0,0.9,0.04,0.00025,,,iv_pullback_sidecar,iv_extreme_pullback,higher_iv_pressure,1.0,,,,,,,,,,,,,,,,,,,,,,,-0.0296546814832748,,,
2026-02-06,HO,CFFEX,CFFEX.HO2602-C-3300,C,2026-02-24,18,,0.031658528237457,1189,339,1.6,3300.0,3039.383964656184,C,higher_iv_pressure,,0.2475511475311336,0.2475511475311336,,,78,78,1.0,12480.000000000002,12500.0,0.00025,CFFEX_INDEX|C,,,,,False,,,,,,,,False,,,,,False,1434911.695459094,0.0,0.0286982339091818,35000000.0,18396.303787937104,1902,False,iv_extreme_overlay,,,,,,0.1658413212186119,0.481578947368421,760.0,36.0,t4_p90_pullback_3d_lag1_ivpct_lt95_trend15,2026-02-06,0.1756888469221221,0.1769685534501692,0.1866008468773751,0.2242917359042799,0.6126482213438735,0.6385224274406333,0.760898282694848,0.9338624338624338,,0.9338624338624338,0.9,0.04,0.00025,,,iv_pullback_sidecar,iv_extreme_pullback,higher_iv_pressure,1.0,,,,,,,,,,,,,,,,,,,,,,,-0.0196796672243946,,,
2026-02-06,Y,DCE,DCE.y2603-C-9000,C,2026-02-25,19,,0.0159355349136779,6242,3006,2.0,9000.0,8190.0,C,risk_reversal_lag1_positive_sell_call_else_sell_put,,,,,,625,625,1.0,12500.0,12500.0,0.00025,AGRI|C,,,,,False,,,,,,,,False,,,,,False,2600000.0,0.0,0.052,35000000.0,4160.0,8413,False,iv_extreme_overlay,,,,,,,,,,t3_p95_rr_2d_repair_same_sign,,,,,,,,,,overlay2_risk_reversal_same_sign,0.9692532942898976,,,,,,risk_reversal_sidecar,risk_reversal_repair,risk_reversal_lag1_positive_sell_call_else_sell_put,2.0,C,0.0455858797437051,0.0529511868046884,0.0593702815032503,0.0455858797437051,0.0529511868046884,0.0593702815032503,0.1417729727440447,0.1873588524877498,0.1399541381410518,0.1929053249457402,0.1390496007714752,0.1984198822747255,,,,,,,,,,,,,
2026-02-09,LH,DCE,DCE.lh2603-C-12600,C,2026-02-25,16,,0.0291587656671063,1232,491,10.0,12600.0,10671.762130603478,C,higher_iv_pressure,,0.4468025446645065,0.4468025446645065,,,78,78,1.0,12480.0,12500.0,0.00025,AGRI|C,,,,,False,,,,,,,,False,,,,,False,678397.9569496571,0.0,0.0135679591389931,35000000.0,8697.409704482783,4024,False,iv_extreme_overlay,,,,,,0.2206103135550396,0.7418397626112759,337.0,22.0,t4_p90_pullback_3d_lag1_ivpct_lt95_trend15,2026-02-09,0.2157404095811101,0.2180174860447441,0.2286411389165414,0.2453768840526363,0.6875,0.7223880597014926,0.8143712574850299,0.9009009009009008,,0.9009009009009008,0.9,0.04,0.00025,,,iv_pullback_sidecar,iv_extreme_pullback,higher_iv_pressure,1.0,,,,,,,,,,,,,,,,,,,,,,,-0.0497786565968928,,,
2026-02-09,EG,DCE,DCE.eg2603-C-4300,C,2026-02-25,16,,0.0286552230922437,4007,826,3.5,4300.0,3603.0,C,risk_reversal_lag1_positive_sell_call_else_sell_put,,,,,,357,357,1.0,12495.0,12500.0,0.00025,CHEM|C,,,,,False,,,,,,,,False,,,,,False,1340892.0,0.0,0.02681784,35000000.0,3756.0,9318,False,iv_extreme_overlay,,,,,,,,,,t3_p95_rr_2d_repair_same_sign,,,,,,,,,,overlay2_risk_reversal_same_sign,0.9913978494623656,,,,,,risk_reversal_sidecar,risk_reversal_repair,risk_reversal_lag1_positive_sell_call_else_sell_put,2.0,C,0.2064616923959699,0.2083858327130268,0.2617615126050931,0.2064616923959699,0.2083858327130268,0.2617615126050931,0.1885020780520916,0.3949637704480615,0.1873219757703288,0.3957078084833556,0.1831602540911461,0.4449217666962393,,,,,,,,,,,,,
2026-02-10,MO,CFFEX,CFFEX.MO2602-P-7500,P,2026-02-24,14,,-0.0251764991436778,5339,2018,4.0,7500.0,8254.6,P,risk_reversal_lag1_positive_sell_call_else_sell_put,,,,,,31,31,1.0,12400.0,12500.0,0.00025,CFFEX_INDEX|P,,,,,False,,,,,,,,False,,,,,False,1407400.0,0.0,0.028148,35000000.0,45400.0,770,False,iv_extreme_overlay,,,,,,,,,,t3_p95_rr_2d_repair_same_sign,,,,,,,,,,overlay2_risk_reversal_same_sign,0.9649122807017544,,,,,,risk_reversal_sidecar,risk_reversal_repair,risk_reversal_lag1_positive_sell_call_else_sell_put,2.0,P,-0.0392275633007137,-0.0801714831559365,-0.0824875792131532,0.0392275633007137,0.0801714831559365,0.0824875792131532,0.2503270468263224,0.2110994835256087,0.3116370128298447,0.2314655296739082,0.3170011771309456,0.2345135979177924,,,,,,,,,,,,,
2026-02-11,SH,CZCE,CZCE.SH604C2640,C,2026-03-11,28,,0.0398929771360799,4354,1481,4.0,2640.0,2113.0,C,higher_iv_pressure,,0.4435250498366903,0.4435250498366903,,,104,104,1.0,12480.0,12500.0,0.00025,CHEM|C,,,,,False,,,,,,,,False,,,,,False,342108.0,0.0,0.00684216,35000000.0,3289.5,10639,False,iv_extreme_overlay,,,,,,0.3097116378546313,0.8946322067594433,503.0,20.0,t4_p90_pullback_3d_lag1_ivpct_lt95_trend15,2026-02-11,0.3241319774235994,0.3458975015182499,0.3492036962827732,0.3548227015023482,0.9123505976095616,0.9540918163672656,0.96,0.9679358717434868,,0.9679358717434868,0.9,0.04,0.00025,,,iv_pullback_sidecar,iv_extreme_pullback,higher_iv_pressure,1.0,,,,,,,,,,,,,,,,,,,,,,,0.0028476506881822,,,
2026-02-11,EB,DCE,DCE.eb2603-C-8400,C,2026-02-25,14,,0.0376980286801347,4393,2550,7.0,8400.0,7490.0,C,higher_iv_pressure,0.2757331267232252,0.34125243328848,0.34125243328848,0.2757331267232252,0.0655193065652547,357,357,1.0,12495.0,12500.0,0.00025,CHEM|C,,,,,False,,,,,,,,False,,,,,False,1874250.0,0.0,0.037485,35000000.0,5250.0,6666,False,iv_extreme_overlay,,,,,,0.2399202386852668,0.8008982035928144,668.0,44.0,t4_p90_pullback_3d_lag1_ivpct_lt95_trend15,2026-02-11,0.2492511617558127,0.2550467241404898,0.2669424254204127,0.2687270817049567,0.8470764617691154,0.8663663663663663,0.9112781954887218,0.9186746987951808,,0.9186746987951808,0.9,0.04,0.00025,,,iv_pullback_sidecar,iv_extreme_pullback,higher_iv_pressure,1.0,,,,,,,,,,,,,,,,,,,,,,,0.0520671652321151,,,
2026-02-12,SR,CZCE,CZCE.SR605MSC5800,C,2026-03-11,27,,0.0288938976790966,1538,390,3.0,5800.0,5245.0,C,risk_reversal_lag1_positive_sell_call_else_sell_put,,,,,,416,416,1.0,12480.0,12500.0,0.00025,SOFT|C,,,,,False,,,,,,,,False,,,,,False,1103440.0,0.0,0.0220688,35000000.0,2652.5,13195,False,iv_extreme_overlay,,,,,,,,,,t3_p95_rr_2d_repair_same_sign,,,,,,,,,,overlay2_risk_reversal_same_sign,0.9965065502183406,,,,,,risk_reversal_sidecar,risk_reversal_repair,risk_reversal_lag1_positive_sell_call_else_sell_put,2.0,C,0.0073688161024856,0.0928482471934547,0.1142333624655353,0.0073688161024856,0.0928482471934547,0.1142333624655353,0.1367889818803254,0.144157797982811,0.1270108246048588,0.2198590717983136,0.1078617061558932,0.2220950686214285,,,,,,,,,,,,,
2026-02-12,CF,CZCE,CZCE.CF605P13600,P,2026-04-13,60,,-0.0778356336774019,7881,2373,31.0,13600.0,14750.0,P,l4_diff02_delta04_l3eff015,0.1872000788720768,,0.1872000788720768,,,322,322,1.0,49910.0,50000.0,0.001,SOFT|P,,,,,False,,,,,,,,False,0.45,0.00075,0.0,,False,1498910.0,0.0,0.0299782,35000000.0,4655.0,7518,False,monthly,0.0,,,,,,,,,,,,,,,,,,,,,,,,,,,,,,,,,,,,,,,,,,,,,,,,,,,,,,,
2026-02-12,OI,CZCE,CZCE.OI605C10800,C,2026-04-13,60,,0.0535323335817063,2871,1202,20.5,10800.0,9093.0,C,l4_diff02_delta04_l3eff015,,0.2553620655673921,0.2553620655673921,,,243,243,1.0,49815.0,50000.0,0.001,AGRI|C,,,,,False,,,,,,,,False,0.45,0.00075,0.0,,False,1154614.5,0.0,0.02309229,35000000.0,4751.5,7366,False,monthly,0.0,,,,,,,,,,,,,,,,,,,,,,,,,,,,,,,,,,,,,,,,,,,,,,,,,,,,,,,
2026-02-12,RM,CZCE,CZCE.RM605P2025,P,2026-04-13,60,,-0.0735948763180982,2334,428,7.5,2025.0,2313.0,P,l4_diff02_delta04_l3eff015,0.2362688101994132,,0.2362688101994132,,,666,666,1.0,49950.0,50000.0,0.001,AGRI|P,,,,,False,,,,,,,,False,0.45,0.00075,0.0,,False,820179.0,0.0,0.01640358,35000000.0,1231.5,28420,False,monthly,0.0,,,,,,,,,,,,,,,,,,,,,,,,,,,,,,,,,,,,,,,,,,,,,,,,,,,,,,,
2026-02-26,IO,CFFEX,CFFEX.IO2603-P-4300,P,2026-03-20,22,,-0.0285463714675791,1424,236,2.6,4300.0,4712.2,P,risk_reversal_lag1_positive_sell_call_else_sell_put,,,,,,48,48,1.0,12480.000000000002,12500.0,0.00025,CFFEX_INDEX|P,,,,,False,,,,,,,,False,,,,,False,1250880.0000000002,0.0,0.0250176,35000000.0,26060.000000000004,1343,False,iv_extreme_overlay,,,,,,,,,,t3_p95_rr_2d_repair_same_sign,,,,,,,,,,overlay2_risk_reversal_same_sign,0.9784714747039828,,,,,,risk_reversal_sidecar,risk_reversal_repair,risk_reversal_lag1_positive_sell_call_else_sell_put,2.0,P,-0.0306159067924502,-0.0662040815144709,-0.0877948057401988,0.0306159067924502,0.0662040815144709,0.0877948057401988,0.2107762038813053,0.1801602970888551,0.238519645972984,0.1723155644585131,0.2309648952316279,0.143170089491429,,,,,,,,,,,,,
2026-02-27,CU,SHFE,SHFE.cu2604P90000,P,2026-03-25,26,,-0.0391194661068125,2844,2233,138.0,90000.0,103640.0,P,higher_iv_pressure,0.3678387710214367,,0.3678387710214367,,,18,18,1.0,12420.0,12500.0,0.00025,METAL|P,,,,,False,,,,,,,,False,,,,,False,478800.0,0.0,0.009576,35000000.0,26600.0,1315,False,iv_extreme_overlay,,,,,,0.2835624477176426,0.9711124769514444,1627.0,30.0,t4_p90_pullback_3d_lag1_ivpct_lt95_trend15,2026-02-27,0.2581647453240954,0.2793254252359077,0.2804008849222038,0.2917018470065234,0.9489544895448956,0.968,0.9704433497536946,0.9759704251386322,,0.9759704251386322,0.9,0.04,0.00025,,,iv_pullback_sidecar,iv_extreme_pullback,higher_iv_pressure,1.0,,,,,,,,,,,,,,,,,,,,,,,-0.0033064280851891,,,
2026-03-04,A,DCE,DCE.a2605-P-4150,P,2026-04-17,44,,-0.0394490304743692,2551,781,5.0,4150.0,4650.0,P,higher_iv_pressure,0.2061689524036728,,0.2061689524036728,,,250,250,1.0,12500.0,12500.0,0.00025,AGRI|P,,,,,False,,,,,,,,False,,,,,False,593750.0,0.0,0.011875,35000000.0,2375.0,14736,False,iv_extreme_overlay,,,,,,0.1589458974881484,0.875725900116144,861.0,18.0,t4_p90_pullback_3d_lag1_ivpct_lt95_trend15,2026-03-04,0.1570656842255896,0.166830388518282,0.1701198421609144,0.1851444658431744,0.8651162790697674,0.9266589057043072,0.9452214452214452,0.9836639439906651,,0.9836639439906651,0.9,0.04,0.00025,,,iv_pullback_sidecar,iv_extreme_pullback,higher_iv_pressure,1.0,,,,,,,,,,,,,,,,,,,,,,,,,,
2026-03-04,AP,CZCE,CZCE.AP605P8000,P,2026-03-27,23,,-0.0254067801635048,1432,241,15.0,8000.0,10449.0,P,risk_reversal_lag1_positive_sell_call_else_sell_put,,,,,,83,83,1.0,12450.0,12500.0,0.00025,AGRI|P,,,,,False,,,,,,,,False,,,,,False,446083.5,0.0,0.00892167,35000000.0,5374.5,6512,False,iv_extreme_overlay,,,,,,,,,,t3_p95_rr_2d_repair_same_sign,,,,,,,,,,overlay2_risk_reversal_same_sign,0.986842105263158,,,,,,risk_reversal_sidecar,risk_reversal_repair,risk_reversal_lag1_positive_sell_call_else_sell_put,2.0,P,-0.0976606665038272,-0.1033563158836226,-0.1243284645869945,0.0976606665038272,0.1033563158836226,0.1243284645869945,0.4624101515817235,0.3647494850778963,0.4138077619567997,0.3104514460731771,0.4206443830767103,0.2963159184897158,,,,,,,,,,,,,
2026-03-06,EG,DCE,DCE.eg2604-P-3700,P,2026-03-17,11,,-0.0295403437700014,1439,1006,5.5,3700.0,4476.0,P,term_structure_t1_high_iv_pressure,,,,,,227,227,1.0,12485.0,12500.0,0.00025,CHEM|P,,,,,False,,,,,,,,False,,,,,False,1163829.0,0.0,0.02327658,35000000.0,5127.0,6826,False,iv_extreme_overlay,,,,,,,,,,t3_p95_term_2d_repair_t1_no_trend_conflict_cluster_cap2,,,,,,,,,,overlay3_term_structure_cluster_cap2,0.9615384615384616,,,,,,term_structure_sidecar,term_structure_repair,term_structure_t1_high_iv_pressure,3.0,P,,,,,,,,,,,,,0.0595700596149806,0.0966428633895859,0.1449775021364633,0.3955344836970897,0.3359644240821091,0.3706906287687495,0.2740477653791635,0.4556739487941296,0.3106964466576662,0.0974386057565355,P,False,
2026-03-06,PG,DCE,DCE.pg2604-P-4300,P,2026-03-17,11,,-0.0229363722185326,2143,923,6.2,4300.0,5488.0,P,term_structure_t1_high_iv_pressure,,,,,,100,100,1.0,12400.0,12500.0,0.00025,CHEM|P,,,,,False,,,,,,,,False,,,,,False,1110000.0000000002,0.0,0.0222,35000000.0,11100.000000000002,3153,False,iv_extreme_overlay,,,,,,,,,,t3_p95_term_2d_repair_t1_no_trend_conflict_cluster_cap2,,,,,,,,,,overlay3_term_structure_cluster_cap2,1.0,,,,,,term_structure_sidecar,term_structure_repair,term_structure_t1_high_iv_pressure,3.0,P,,,,,,,,,,,,,0.095282951469134,0.1102069696901619,0.2204032761026414,0.6231070357908848,0.5278240843217508,0.6277497567240224,0.5175427870338605,0.81259263977704,0.5921893636743986,0.20074609466076,P,False,
2026-03-12,MA,CZCE,CZCE.MA605P2175,P,2026-04-13,32,,-0.0793206023399825,3008,385,21.5,2175.0,2813.0,P,l4_diff02_delta04_l3eff015,0.6820087853458121,,0.6820087853458121,,,348,348,1.0,74820.0,75000.0,0.0015,CHEM|P,,,,,False,,,,,,,,False,0.45,0.00075,0.0,,False,564282.0,0.0,0.01128564,35000000.0,1621.5,21584,False,monthly,0.0,,,,,,,,,,,,,,,,,,,,,,,,,,,,,,,,,,,,,,,,,,,,,,,,,,,,,,,
2026-03-13,SN,SHFE,SHFE.sn2604P280000,P,2026-03-25,12,,-0.0238234797210999,1880,4452,526.0,280000.0,372497.3647997837,P,higher_iv_pressure,0.8262350910951514,,0.8262350910951514,,,23,23,1.0,12098.0,12500.0,0.00025,METAL|P,,,,,False,,,,,,,,False,,,,,False,568981.5603756766,0.0,0.0113796312075135,35000000.0,24738.32871198594,1414,False,iv_extreme_overlay,,,,,,0.4933444864271807,0.923963133640553,434.0,46.0,t4_p90_pullback_3d_lag1_ivpct_lt95_trend15,2026-03-13,0.468810761514086,0.4894919760114022,0.5380380796940206,0.5995017710809482,0.9191685912240184,0.9236111111111112,0.9396751740139212,0.9906976744186048,,0.9906976744186048,0.9,0.04,0.00025,,,iv_pullback_sidecar,iv_extreme_pullback,higher_iv_pressure,1.0,,,,,,,,,,,,,,,,,,,,,,,0.0688463795465816,,,
2026-03-13,ZN,SHFE,SHFE.zn2604C28000,C,2026-03-25,12,,0.0194151756082875,1989,942,12.0,28000.0,24075.0,C,risk_reversal_lag1_positive_sell_call_else_sell_put,,,,,,208,208,1.0,12480.0,12500.0,0.00025,METAL|C,,,,,False,,,,,,,,False,,,,,False,1264380.0,0.0,0.0252876,35000000.0,6078.75,5757,False,iv_extreme_overlay,,,,,,,,,,t3_p95_rr_2d_repair_same_sign,,,,,,,,,,overlay2_risk_reversal_same_sign,0.9875555555555556,,,,,,risk_reversal_sidecar,risk_reversal_repair,risk_reversal_lag1_positive_sell_call_else_sell_put,2.0,C,0.1242281090135657,0.1471563178025324,0.1501551663195251,0.1242281090135657,0.1471563178025324,0.1501551663195251,0.225567463878898,0.3497955728924637,0.2361393356873342,0.3832956534898667,0.2410852575620672,0.3912404238815923,,,,,,,,,,,,,
2026-03-13,BR,SHFE,SHFE.br2604P12000,P,2026-03-25,12,,-0.0175797732874355,2955,764,15.0,12000.0,15985.0,P,term_structure_t1_high_iv_pressure,,,,,,166,166,1.0,12450.0,12500.0,0.00025,CHEM|P,,,,,False,,,,,,,,False,,,,,False,941178.5,0.0,0.01882357,35000000.0,5669.75,6173,False,iv_extreme_overlay,,,,,,,,,,t3_p95_term_2d_repair_t1_no_trend_conflict_cluster_cap2,,,,,,,,,,overlay3_term_structure_cluster_cap2,0.998062015503876,,,,,,term_structure_sidecar,term_structure_repair,term_structure_t1_high_iv_pressure,3.0,P,,,,,,,,,,,,,0.0211983382915239,0.0834744059962527,0.1139456269008267,0.6933044823448427,0.6721061440533187,0.656643765456959,0.5731693594607062,0.533483187013515,0.4195375601126883,0.2402799377916018,P,False,
2026-03-14,AL,SHFE,SHFE.al2604C28000,C,2026-03-25,11,,0.0387865991121534,2327,95,25.0,28000.0,24865.0,C,higher_iv_pressure,0.3449839386053351,0.429679210055003,0.429679210055003,0.3449839386053351,0.0846952714496678,100,100,1.0,12500.0,12500.0,0.00025,METAL|C,,,,,False,,,,,,,,False,,,,,False,634125.0,0.0,0.0126825,35000000.0,6341.25,5519,False,iv_extreme_overlay,,,,,,0.2438651878575694,0.8809226932668329,1604.0,76.0,t4_p90_pullback_3d_lag1_ivpct_lt95_trend15,2026-03-14,0.2450770165276024,0.2879157189892941,0.2911225470338596,0.293717335643258,0.8833437305053026,0.9681647940074908,0.9725171767645222,0.973125,,0.973125,0.9,0.04,0.00025,,,iv_pullback_sidecar,iv_extreme_pullback,higher_iv_pressure,1.0,,,,,,,,,,,,,,,,,,,,,,,0.0508546106773581,,,
2026-03-17,PX,CZCE,CZCE.PX605P8000,P,2026-03-27,10,,-0.025739160195592,19375,23083,12.5,8000.0,10067.261002785472,P,term_structure_t1_high_iv_pressure,,,,,,200,200,1.0,12500.0,12500.0,0.00025,CHEM|P,,,,,False,,,,,,,,False,,,,,False,767544.5752089104,0.0,0.0153508915041782,35000000.0,3837.722876044552,9119,False,iv_extreme_overlay,,,,,,,,,,t3_p95_term_2d_repair_t1_no_trend_conflict_cluster_cap2,,,,,,,,,,overlay3_term_structure_cluster_cap2,0.9956331877729258,,,,,,term_structure_sidecar,term_structure_repair,term_structure_t1_high_iv_pressure,3.0,P,,,,,,,,,,,,,0.0141910215647453,0.358009724183753,0.3693572551527102,0.8270812206684353,0.8128901991036899,1.1372266185355715,0.7792168943518187,1.199608530582272,0.8302512754295617,0.3670764952177425,P,False,
2026-03-17,M,DCE,DCE.m2605-P-2650,P,2026-04-17,31,,-0.0274635399890388,23268,1208,2.5,2650.0,3056.0,P,term_structure_t1_high_iv_pressure,,,,,,500,500,1.0,12500.0,12500.0,0.00025,AGRI|P,,,,,False,,,,,,,,False,,,,,False,776500.0,0.0,0.01553,35000000.0,1553.0,22537,False,iv_extreme_overlay,,,,,,,,,,t3_p95_term_2d_repair_t1_no_trend_conflict_cluster_cap2,,,,,,,,,,overlay3_term_structure_cluster_cap2,0.961081081081081,,,,,,term_structure_sidecar,term_structure_repair,term_structure_t1_high_iv_pressure,3.0,P,,,,,,,,,,,,,0.0515175649440588,0.0601576946518831,0.0680902843040599,0.228461630096207,0.1769440651521482,0.2668357187849498,0.2066780241330667,0.3056675769757851,0.2375772926717252,0.0089850249584026,P,False,
2026-03-18,RM,CZCE,CZCE.RM605P2150,P,2026-04-13,26,,-0.0333171385624486,3353,130,2.5,2150.0,2462.0,P,higher_iv_pressure,0.3160279282117677,,0.3160279282117677,,,500,500,1.0,12500.0,12500.0,0.00025,AGRI|P,,,,,False,,,,,,,,False,,,,,False,628000.0,0.0,0.01256,35000000.0,1256.0,27866,False,iv_extreme_overlay,,,,,,0.2304005905639622,0.5149308084486526,1373.0,34.0,t4_p90_pullback_3d_lag1_ivpct_lt95_trend15,2026-03-18,0.2456495500593279,0.2470175877684924,0.2768117646548678,0.3637434340820814,0.7113702623906706,0.7221006564551422,0.8540145985401459,0.9941563184806428,,0.9941563184806428,0.9,0.04,0.00025,,,iv_pullback_sidecar,iv_extreme_pullback,higher_iv_pressure,1.0,,,,,,,,,,,,,,,,,,,,,,,0.0244003308519438,,,
2026-03-18,B,DCE,DCE.b2605-P-3200,P,2026-04-17,30,,-0.02707503607538,1479,196,4.0,3200.0,3841.0,P,higher_iv_pressure,0.3136323406721911,,0.3136323406721911,,,312,312,1.0,12480.0,12500.0,0.00025,OTHER|P,,,,,False,,,,,,,,False,,,,,False,611676.0,0.0,0.01223352,35000000.0,1960.5,17852,False,iv_extreme_overlay,,,,,,0.1913559446991217,0.5774971297359357,871.0,45.0,t4_p90_pullback_3d_lag1_ivpct_lt95_trend15,2026-03-18,0.1935114660757948,0.2053870688449752,0.2386778522986536,0.2719560953293068,0.6080459770114942,0.7399309551208285,0.9147465437788018,0.9769319492502884,,0.9769319492502884,0.9,0.04,0.00025,,,iv_pullback_sidecar,iv_extreme_pullback,higher_iv_pressure,1.0,,,,,,,,,,,,,,,,,,,,,,,0.0479694739711094,,,
2026-03-18,C,DCE,DCE.c2605-P-2180,P,2026-04-17,30,,-0.0393566654652471,6567,237,2.0,2180.0,2385.0,P,higher_iv_pressure,0.2279030913151748,,0.2279030913151748,,,625,625,1.0,12500.0,12500.0,0.00025,AGRI|P,,,,,False,,,,,,,,False,,,,,False,862500.0,0.0,0.01725,35000000.0,1380.0,25362,False,iv_extreme_overlay,,,,,,0.1253654234365605,0.6712827988338192,1372.0,72.0,t4_p90_pullback_3d_lag1_ivpct_lt95_trend15,2026-03-18,0.1268284425005163,0.1353785873017904,0.1505422048852675,0.1520524060208808,0.6914660831509847,0.7868613138686131,0.9276844411979548,0.9342105263157896,,0.9342105263157896,0.9,0.04,0.00025,,,iv_pullback_sidecar,iv_extreme_pullback,higher_iv_pressure,1.0,,,,,,,,,,,,,,,,,,,,,,,0.0529801324503311,,,
2026-03-18,SH,CZCE,CZCE.SH605P1860,P,2026-04-13,26,,-0.0229192705985396,3970,1485,3.5,1860.0,2503.0,P,term_structure_t1_high_iv_pressure,,,,,,119,119,1.0,12495.0,12500.0,0.00025,CHEM|P,,,,,False,,,,,,,,False,,,,,False,459280.5,0.0,0.00918561,35000000.0,3859.5,9068,False,iv_extreme_overlay,,,,,,,,,,t3_p95_term_2d_repair_t1_no_trend_conflict_cluster_cap2,,,,,,,,,,overlay3_term_structure_cluster_cap2,0.9932584269662922,,,,,,term_structure_sidecar,term_structure_repair,term_structure_t1_high_iv_pressure,3.0,P,,,,,,,,,,,,,0.0716028394308772,0.1165912383721837,0.1660947050591381,0.5734174409615227,0.5018146015306455,0.5917384932084686,0.4751472548362848,0.7759374184962937,0.6098427134371556,0.2019961977186311,P,False,
2026-03-18,I,DCE,DCE.i2605-P-720,P,2026-04-17,30,,-0.0700413478972952,3623,820,2.0,720.0,805.0,P,l4_diff02_delta04_l3eff015,0.32773809959223,0.2936865389389539,0.32773809959223,0.2936865389389539,0.034051560653276,375,375,1.0,75000.0,75000.0,0.0015,FERROUS|P,,,,,False,,,,,,,,False,0.45,0.00075,0.0,,False,1801875.0,0.0,0.0360375,35000000.0,4805.0,7284,False,monthly,0.0,,,,,,,,,,,,,,,,,,,,,,,,,,,,,,,,,,,,,,,,,,,,,,,,,,,,,,,
2026-03-19,LC,GFEX,GFEX.lc2605-P-100000,P,2026-04-08,20,,-0.0303011852891102,11095,13063,360.0,100000.0,142600.0,P,higher_iv_pressure,0.8536179582311332,,0.8536179582311332,,,34,34,1.0,12240.0,12500.0,0.00025,AGRI|P,,,,,False,,,,,,,,False,,,,,False,375870.0,0.0,0.0075174,35000000.0,11055.0,3165,False,iv_extreme_overlay,,,,,,0.5860022482144754,0.8795379537953796,606.0,42.0,t4_p90_pullback_3d_lag1_ivpct_lt95_trend15,2026-03-19,0.6020926132253015,0.6772872768890479,0.7044842927178283,0.7382113767936039,0.8892561983471075,0.9370860927152318,0.9519071310116086,0.9750830564784052,,0.9750830564784052,0.9,0.04,0.00025,,,iv_pullback_sidecar,iv_extreme_pullback,higher_iv_pressure,1.0,,,,,,,,,,,,,,,,,,,,,,,0.0957664233576642,,,
2026-03-20,UR,CZCE,CZCE.UR605P1680,P,2026-04-13,24,,-0.0380703245615917,1803,497,1.5,1680.0,1841.0,P,higher_iv_pressure,0.2727123224818452,,0.2727123224818452,,,416,416,1.0,12480.0,12500.0,0.00025,OTHER|P,,,,,False,,,,,,,,False,,,,,False,874432.0000000002,0.0,0.01748864,35000000.0,2102.0000000000005,16650,False,iv_extreme_overlay,,,,,,0.2532624221068258,0.7392795883361921,583.0,52.0,t4_p90_pullback_3d_lag1_ivpct_lt95_trend15,2026-03-20,0.2523368765732192,0.2532015262714709,0.2783038311328609,0.3114113645334537,0.7250859106529209,0.7366609294320138,0.8672413793103448,0.9550949913644214,,0.9550949913644214,0.9,0.04,0.00025,,,iv_pullback_sidecar,iv_extreme_pullback,higher_iv_pressure,1.0,,,,,,,,,,,,,,,,,,,,,,,0.0379676158570629,,,
2026-03-23,PF,CZCE,CZCE.PF605P6100,P,2026-04-13,21,,-0.0127985463741778,1389,548,5.5,6100.0,8292.0,P,term_structure_t1_high_iv_pressure,,,,,,454,454,1.0,12485.0,12500.0,0.00025,CHEM|P,,,,,False,,,,,,,,False,,,,,False,953627.0,0.0,0.01907254,35000000.0,2100.5,16662,False,iv_extreme_overlay,,,,,,,,,,t3_p95_term_2d_repair_t1_no_trend_conflict_cluster_cap2,,,,,,,,,,overlay3_term_structure_cluster_cap2,0.99645390070922,,,,,,term_structure_sidecar,term_structure_repair,term_structure_t1_high_iv_pressure,3.0,P,,,,,,,,,,,,,0.0463776767004542,0.065760157011655,0.1528798680918728,0.4615903681042754,0.4152126914038211,0.459624051406328,0.3938638943946729,0.533486658138471,0.3806067900465981,0.2700751879699248,P,False,
2026-03-23,TA,CZCE,CZCE.TA605P4950,P,2026-04-13,21,,-0.0277134051798663,6668,16,12.5,4950.0,6704.0,P,term_structure_t1_high_iv_pressure,,,,,,200,200,1.0,12500.0,12500.0,0.00025,CHEM|P,,,,,False,,,,,,,,False,,,,,False,347700.00000000006,0.0,0.006954,35000000.0,1738.5000000000002,20132,False,iv_extreme_overlay,,,,,,,,,,t3_p95_term_2d_repair_t1_no_trend_conflict_cluster_cap2,,,,,,,,,,overlay3_term_structure_cluster_cap2,0.9961597542242704,,,,,,term_structure_sidecar,term_structure_repair,term_structure_t1_high_iv_pressure,3.0,P,,,,,,,,,,,,,0.0981199448963155,0.1012073600374818,0.1639727304586772,0.6242449662416094,0.5261250213452938,0.6253385435328749,0.524131183495393,0.7155030419609233,0.5515303115022461,0.3076628352490422,P,False,
2026-03-26,SM,CZCE,CZCE.SM605P5700,P,2026-04-13,18,,-0.0299284414991793,1967,273,5.0,5700.0,6434.0,P,higher_iv_pressure,0.3537832986963438,,0.3537832986963438,,,500,500,1.0,12500.0,12500.0,0.00025,FERROUS|P,,,,,False,,,,,,,,False,,,,,False,816750.0000000001,0.0,0.016335,35000000.0,1633.5000000000002,21426,False,iv_extreme_overlay,,,,,,0.2273278183252501,0.7393526405451448,587.0,36.0,t4_p90_pullback_3d_lag1_ivpct_lt95_trend15,2026-03-26,0.2620177616693716,0.2809674991825615,0.3104869076783969,0.3180947743330142,0.8464163822525598,0.882051282051282,0.916095890410959,0.9262435677530018,,0.9262435677530018,0.9,0.04,0.00025,,,iv_pullback_sidecar,iv_extreme_pullback,higher_iv_pressure,1.0,,,,,,,,,,,,,,,,,,,,,,,0.1325889741800419,,,
2026-03-26,ZN,SHFE,SHFE.zn2605C30000,C,2026-04-24,29,,0.0260231879015487,1515,1143,28.0,30000.0,23245.0,C,l4_diff02_delta04_l3eff015,,0.4512451141695459,0.4512451141695459,,,535,535,1.0,74900.0,75000.0,0.0015,METAL|C,,,,,False,,,,,,,,False,0.45,0.00075,0.0,,False,3183918.75,0.0,0.063678375,35000000.0,5951.25,5881,False,monthly,0.0,,,,,,,,,,,,,,,,,,,,,,,,,,,,,,,,,,,,,,,,,,,,,,,,,,,,,,,
2026-03-27,SF,CZCE,CZCE.SF605P5400,P,2026-04-13,17,,-0.0292909551690545,1128,96,4.0,5400.0,6012.0,P,higher_iv_pressure,0.3294790404611188,,0.3294790404611188,,,625,625,1.0,12500.0,12500.0,0.00025,FERROUS|P,,,,,False,,,,,,,,False,,,,,False,951875.0,0.0,0.0190375,35000000.0,1523.0,22980,False,iv_extreme_overlay,,,,,,0.2244852313946578,0.8469387755102041,588.0,36.0,t4_p90_pullback_3d_lag1_ivpct_lt95_trend15,2026-03-27,0.2293986763688016,0.2496218339307931,0.2598818028840065,0.2710918638634756,0.868824531516184,0.9300341296928328,0.9572649572649572,0.9674657534246576,,0.9674657534246576,0.9,0.04,0.00025,,,iv_pullback_sidecar,iv_extreme_pullback,higher_iv_pressure,1.0,,,,,,,,,,,,,,,,,,,,,,,0.0801733477789816,,,
2026-03-27,CS,DCE,DCE.cs2605-P-2500,P,2026-04-17,21,,-0.0205641320318272,2304,149,1.0,2500.0,2750.0,P,higher_iv_pressure,0.2885849375424378,0.2420680132338717,0.2885849375424378,0.2420680132338717,0.0465169243085661,1250,1250,1.0,12500.0,12500.0,0.00025,AGRI|P,,,,,False,,,,,,,,False,,,,,False,1887500.0,0.0,0.03775,35000000.0,1510.0,23178,False,iv_extreme_overlay,,,,,,0.1251436662347788,0.9262295081967212,366.0,20.0,t4_p90_pullback_3d_lag1_ivpct_lt95_trend15,2026-03-27,0.1248746167527396,0.1330848696221006,0.141090410376641,0.1707523230756559,0.926027397260274,0.9697802197802198,0.9862258953168044,0.9972375690607734,,0.9972375690607734,0.9,0.04,0.00025,,,iv_pullback_sidecar,iv_extreme_pullback,higher_iv_pressure,1.0,,,,,,,,,,,,,,,,,,,,,,,0.0866482867270579,,,
2026-03-30,NI,SHFE,SHFE.ni2605P99000,P,2026-04-24,25,,-0.0065191461853204,1021,240,40.0,99000.0,136525.66552008866,P,higher_iv_pressure,0.5083552681644268,,0.5083552681644268,,,312,312,1.0,12480.0,12500.0,0.00025,METAL|P,,,,,False,,,,,,,,False,,,,,False,2142280.382113383,0.0,0.0428456076422676,35000000.0,6866.283276004433,5097,False,iv_extreme_overlay,,,,,,0.3554244513932565,0.8861607142857143,448.0,40.0,t4_p90_pullback_3d_lag1_ivpct_lt95_trend15,2026-03-30,0.3436832764470625,0.3453152425480796,0.3871799094522441,0.4258732550538515,0.87248322147651,0.8766816143497758,0.9258426966292136,0.9527027027027029,,0.9527027027027029,0.9,0.04,0.00025,,,iv_pullback_sidecar,iv_extreme_pullback,higher_iv_pressure,1.0,,,,,,,,,,,,,,,,,,,,,,,-0.0004664874707077,,,
2026-03-31,LH,DCE,DCE.lh2605-C-11800,C,2026-04-17,17,,0.0385566247681521,2665,1288,15.0,11800.0,9790.548515504532,C,higher_iv_pressure,,0.518352792502776,0.518352792502776,,,52,52,1.0,12480.0,12500.0,0.00025,AGRI|C,,,,,False,,,,,,,,False,,,,,False,419766.81824498856,0.0,0.008395336364899772,35000000.0,8072.438812403626,4335,False,iv_extreme_overlay,,,,,,0.2921571970152919,0.9155313351498636,367.0,26.0,t4_p90_pullback_3d_lag1_ivpct_lt95_trend15,2026-03-31,0.2781619730914625,0.2871388965024063,0.295206494053314,0.3152388413265757,0.9043715846994536,0.915068493150685,0.9203296703296704,0.9366391184573004,,0.9366391184573004,0.9,0.04,0.00025,,,iv_pullback_sidecar,iv_extreme_pullback,higher_iv_pressure,1.0,,,,,,,,,,,,,,,,,,,,,,,-0.1030964060588266,,,
2026-03-31,Y,DCE,DCE.y2605-P-7900,P,2026-04-17,17,,-0.0183344012018138,4525,723,3.0,7900.0,8768.0,P,term_structure_t1_high_iv_pressure,,,,,,416,416,1.0,12480.0,12500.0,0.00025,AGRI|P,,,,,False,,,,,,,,False,,,,,False,1854528.0000000005,0.0,0.03709056000000001,35000000.0,4458.000000000001,7851,False,iv_extreme_overlay,,,,,,,,,,t3_p95_term_2d_repair_t1_no_trend_conflict_cluster_cap2,,,,,,,,,,overlay3_term_structure_cluster_cap2,0.9522184300341296,,,,,,term_structure_sidecar,term_structure_repair,term_structure_t1_high_iv_pressure,3.0,P,,,,,,,,,,,,,0.0159672887719268,0.0303898153778547,0.0375909073850945,0.1977462931510016,0.1817790043790748,0.211757823642441,0.1813680082645863,0.2105820182162783,0.1729911108311838,0.0404088424055146,P,False,
